Using launch settings from src\EduConnect.Api\Properties\launchSettings.json...
dbug: Microsoft.EntityFrameworkCore.Infrastructure[10401]
      An 'IServiceProvider' was created for internal use by Entity Framework.
dbug: Microsoft.EntityFrameworkCore.Model[10601]
      The index {'EventId'} was not created on entity type 'EventParticipant' as the properties are already covered by the index {'EventId', 'UserId'}.
dbug: Microsoft.EntityFrameworkCore.Model[10601]
      The index {'GroupId'} was not created on entity type 'GroupMember' as the properties are already covered by the index {'GroupId', 'UserId'}.
dbug: Microsoft.EntityFrameworkCore.Model[10601]
      The index {'PostId'} was not created on entity type 'PostBookmark' as the properties are already covered by the index {'PostId', 'UserId'}.
dbug: Microsoft.EntityFrameworkCore.Model[10601]
      The index {'PostId'} was not created on entity type 'PostLike' as the properties are already covered by the index {'PostId', 'UserId'}.
dbug: Microsoft.EntityFrameworkCore.Model[10601]
      The index {'PostId'} was not created on entity type 'PostView' as the properties are already covered by the index {'PostId', 'UserId'}.
dbug: Microsoft.EntityFrameworkCore.Infrastructure[10403]
      Entity Framework Core 10.0.5 initialized 'AppDbContext' using provider 'Microsoft.EntityFrameworkCore.SqlServer:10.0.5' with options: MigrationsAssembly=EduConnect.Infrastructure, Version=1.0.0.0, Culture=neutral, PublicKeyToken=null EngineType=SqlServer 
dbug: Microsoft.EntityFrameworkCore.Database.Connection[20005]
      Creating DbConnection.
dbug: Microsoft.EntityFrameworkCore.Database.Connection[20006]
      Created DbConnection. (21ms).
dbug: Microsoft.EntityFrameworkCore.Migrations[20400]
      Migrating using database 'EduConnectDb' on server 'localhost\SQLEXPRESS'.
dbug: Microsoft.EntityFrameworkCore.Database.Connection[20000]
      Opening connection to database 'EduConnectDb' on server 'localhost\SQLEXPRESS'.
dbug: Microsoft.EntityFrameworkCore.Database.Connection[20001]
      Opened connection to database 'EduConnectDb' on server 'localhost\SQLEXPRESS'.
dbug: Microsoft.EntityFrameworkCore.Database.Connection[20002]
      Closing connection to database 'EduConnectDb' on server 'localhost\SQLEXPRESS'.
dbug: Microsoft.EntityFrameworkCore.Database.Connection[20003]
      Closed connection to database 'EduConnectDb' on server 'localhost\SQLEXPRESS' (3ms).
dbug: Microsoft.EntityFrameworkCore.Database.Connection[20000]
      Opening connection to database 'EduConnectDb' on server 'localhost\SQLEXPRESS'.
dbug: Microsoft.EntityFrameworkCore.Database.Connection[20001]
      Opened connection to database 'EduConnectDb' on server 'localhost\SQLEXPRESS'.
info: Microsoft.EntityFrameworkCore.Migrations[20411]
      Acquiring an exclusive lock for migration application. See https://aka.ms/efcore-docs-migrations-lock for more information if this takes too long.
dbug: Microsoft.EntityFrameworkCore.Database.Transaction[20209]
      Beginning transaction with isolation level 'Unspecified'.
dbug: Microsoft.EntityFrameworkCore.Database.Transaction[20200]
      Began transaction with isolation level 'ReadCommitted'.
dbug: Microsoft.EntityFrameworkCore.Database.Transaction[20210]
      Committing transaction.
dbug: Microsoft.EntityFrameworkCore.Database.Transaction[20202]
      Committed transaction.
dbug: Microsoft.EntityFrameworkCore.Database.Transaction[20204]
      Disposing transaction.
dbug: Microsoft.EntityFrameworkCore.Database.Transaction[20209]
      Beginning transaction with isolation level 'Unspecified'.
dbug: Microsoft.EntityFrameworkCore.Database.Transaction[20200]
      Began transaction with isolation level 'ReadCommitted'.
info: Microsoft.EntityFrameworkCore.Migrations[20405]
      No migrations were applied. The database is already up to date.
dbug: Microsoft.EntityFrameworkCore.Database.Transaction[20210]
      Committing transaction.
dbug: Microsoft.EntityFrameworkCore.Database.Transaction[20202]
      Committed transaction.
dbug: Microsoft.EntityFrameworkCore.Database.Transaction[20204]
      Disposing transaction.
dbug: Microsoft.EntityFrameworkCore.Database.Connection[20002]
      Closing connection to database 'EduConnectDb' on server 'localhost\SQLEXPRESS'.
dbug: Microsoft.EntityFrameworkCore.Database.Connection[20003]
      Closed connection to database 'EduConnectDb' on server 'localhost\SQLEXPRESS' (0ms).
dbug: Microsoft.EntityFrameworkCore.Query[10111]
      Compiling query expression: 
      'DbSet<University>()
          .Any()'
dbug: Microsoft.EntityFrameworkCore.Query[10107]
      Generated query execution expression: 
      'queryContext => ShapedQueryCompilingExpressionVisitor.SingleAsync<bool>(
          asyncEnumerable: SingleQueryingEnumerable.Create<bool>(
              relationalQueryContext: (RelationalQueryContext)queryContext, 
              relationalCommandResolver: parameters => [LIFTABLE Constant: RelationalCommandCache.QueryExpression(
                  Projection Mapping:
                      EmptyProjectionMember -> 0
                  SELECT EXISTS (
                      SELECT 1
                      FROM Universities AS u)) | Resolver: c => new RelationalCommandCache(
                  c.Dependencies.MemoryCache, 
                  c.RelationalDependencies.QuerySqlGeneratorFactory, 
                  c.RelationalDependencies.RelationalParameterBasedSqlProcessorFactory, 
                  Projection Mapping:
                      EmptyProjectionMember -> 0
                  SELECT EXISTS (
                      SELECT 1
                      FROM Universities AS u), 
                  False, 
                  MultipleParameters
              )].GetRelationalCommandTemplate(parameters), 
              readerColumns: null, 
              shaper: (queryContext, dataReader, resultContext, resultCoordinator) => 
              {
                  bool? value1;
                  value1 = dataReader.IsDBNull(0) ? default(bool?) : (bool?)dataReader.GetBoolean(0);
                  return (bool)value1;
              }, 
              contextType: EduConnect.Infrastructure.Data.AppDbContext, 
              standAloneStateManager: False, 
              detailedErrorsEnabled: False, 
              threadSafetyChecksEnabled: True), 
          cancellationToken: queryContext.CancellationToken)'
dbug: Microsoft.EntityFrameworkCore.Database.Connection[20000]
      Opening connection to database 'EduConnectDb' on server 'localhost\SQLEXPRESS'.
dbug: Microsoft.EntityFrameworkCore.Database.Connection[20001]
      Opened connection to database 'EduConnectDb' on server 'localhost\SQLEXPRESS'.
dbug: Microsoft.EntityFrameworkCore.Database.Connection[20002]
      Closing connection to database 'EduConnectDb' on server 'localhost\SQLEXPRESS'.
dbug: Microsoft.EntityFrameworkCore.Database.Connection[20003]
      Closed connection to database 'EduConnectDb' on server 'localhost\SQLEXPRESS' (0ms).
dbug: Microsoft.EntityFrameworkCore.Query[10111]
      Compiling query expression: 
      'DbSet<Category>()
          .Any()'
dbug: Microsoft.EntityFrameworkCore.Query[10107]
      Generated query execution expression: 
      'queryContext => ShapedQueryCompilingExpressionVisitor.SingleAsync<bool>(
          asyncEnumerable: SingleQueryingEnumerable.Create<bool>(
              relationalQueryContext: (RelationalQueryContext)queryContext, 
              relationalCommandResolver: parameters => [LIFTABLE Constant: RelationalCommandCache.QueryExpression(
                  Projection Mapping:
                      EmptyProjectionMember -> 0
                  SELECT EXISTS (
                      SELECT 1
                      FROM Categories AS c)) | Resolver: c => new RelationalCommandCache(
                  c.Dependencies.MemoryCache, 
                  c.RelationalDependencies.QuerySqlGeneratorFactory, 
                  c.RelationalDependencies.RelationalParameterBasedSqlProcessorFactory, 
                  Projection Mapping:
                      EmptyProjectionMember -> 0
                  SELECT EXISTS (
                      SELECT 1
                      FROM Categories AS c), 
                  False, 
                  MultipleParameters
              )].GetRelationalCommandTemplate(parameters), 
              readerColumns: null, 
              shaper: (queryContext, dataReader, resultContext, resultCoordinator) => 
              {
                  bool? value1;
                  value1 = dataReader.IsDBNull(0) ? default(bool?) : (bool?)dataReader.GetBoolean(0);
                  return (bool)value1;
              }, 
              contextType: EduConnect.Infrastructure.Data.AppDbContext, 
              standAloneStateManager: False, 
              detailedErrorsEnabled: False, 
              threadSafetyChecksEnabled: True), 
          cancellationToken: queryContext.CancellationToken)'
dbug: Microsoft.EntityFrameworkCore.Database.Connection[20000]
      Opening connection to database 'EduConnectDb' on server 'localhost\SQLEXPRESS'.
dbug: Microsoft.EntityFrameworkCore.Database.Connection[20001]
      Opened connection to database 'EduConnectDb' on server 'localhost\SQLEXPRESS'.
dbug: Microsoft.EntityFrameworkCore.Database.Connection[20002]
      Closing connection to database 'EduConnectDb' on server 'localhost\SQLEXPRESS'.
dbug: Microsoft.EntityFrameworkCore.Database.Connection[20003]
      Closed connection to database 'EduConnectDb' on server 'localhost\SQLEXPRESS' (0ms).
dbug: Microsoft.EntityFrameworkCore.Query[10111]
      Compiling query expression: 
      'DbSet<User>()
          .Any(x => (int)x.Role == 2)'
dbug: Microsoft.EntityFrameworkCore.Query[10107]
      Generated query execution expression: 
      'queryContext => ShapedQueryCompilingExpressionVisitor.SingleAsync<bool>(
          asyncEnumerable: SingleQueryingEnumerable.Create<bool>(
              relationalQueryContext: (RelationalQueryContext)queryContext, 
              relationalCommandResolver: parameters => [LIFTABLE Constant: RelationalCommandCache.QueryExpression(
                  Projection Mapping:
                      EmptyProjectionMember -> 0
                  SELECT EXISTS (
                      SELECT 1
                      FROM Users AS u
                      WHERE u.Role == 2)) | Resolver: c => new RelationalCommandCache(
                  c.Dependencies.MemoryCache, 
                  c.RelationalDependencies.QuerySqlGeneratorFactory, 
                  c.RelationalDependencies.RelationalParameterBasedSqlProcessorFactory, 
                  Projection Mapping:
                      EmptyProjectionMember -> 0
                  SELECT EXISTS (
                      SELECT 1
                      FROM Users AS u
                      WHERE u.Role == 2), 
                  False, 
                  MultipleParameters
              )].GetRelationalCommandTemplate(parameters), 
              readerColumns: null, 
              shaper: (queryContext, dataReader, resultContext, resultCoordinator) => 
              {
                  bool? value1;
                  value1 = dataReader.IsDBNull(0) ? default(bool?) : (bool?)dataReader.GetBoolean(0);
                  return (bool)value1;
              }, 
              contextType: EduConnect.Infrastructure.Data.AppDbContext, 
              standAloneStateManager: False, 
              detailedErrorsEnabled: False, 
              threadSafetyChecksEnabled: True), 
          cancellationToken: queryContext.CancellationToken)'
dbug: Microsoft.EntityFrameworkCore.Database.Connection[20000]
      Opening connection to database 'EduConnectDb' on server 'localhost\SQLEXPRESS'.
dbug: Microsoft.EntityFrameworkCore.Database.Connection[20001]
      Opened connection to database 'EduConnectDb' on server 'localhost\SQLEXPRESS'.
dbug: Microsoft.EntityFrameworkCore.Database.Connection[20002]
      Closing connection to database 'EduConnectDb' on server 'localhost\SQLEXPRESS'.
dbug: Microsoft.EntityFrameworkCore.Database.Connection[20003]
      Closed connection to database 'EduConnectDb' on server 'localhost\SQLEXPRESS' (0ms).
dbug: Microsoft.EntityFrameworkCore.Query[10111]
      Compiling query expression: 
      'DbSet<Discount>()
          .Any()'
dbug: Microsoft.EntityFrameworkCore.Query[10107]
      Generated query execution expression: 
      'queryContext => ShapedQueryCompilingExpressionVisitor.SingleAsync<bool>(
          asyncEnumerable: SingleQueryingEnumerable.Create<bool>(
              relationalQueryContext: (RelationalQueryContext)queryContext, 
              relationalCommandResolver: parameters => [LIFTABLE Constant: RelationalCommandCache.QueryExpression(
                  Projection Mapping:
                      EmptyProjectionMember -> 0
                  SELECT EXISTS (
                      SELECT 1
                      FROM Discounts AS d)) | Resolver: c => new RelationalCommandCache(
                  c.Dependencies.MemoryCache, 
                  c.RelationalDependencies.QuerySqlGeneratorFactory, 
                  c.RelationalDependencies.RelationalParameterBasedSqlProcessorFactory, 
                  Projection Mapping:
                      EmptyProjectionMember -> 0
                  SELECT EXISTS (
                      SELECT 1
                      FROM Discounts AS d), 
                  False, 
                  MultipleParameters
              )].GetRelationalCommandTemplate(parameters), 
              readerColumns: null, 
              shaper: (queryContext, dataReader, resultContext, resultCoordinator) => 
              {
                  bool? value1;
                  value1 = dataReader.IsDBNull(0) ? default(bool?) : (bool?)dataReader.GetBoolean(0);
                  return (bool)value1;
              }, 
              contextType: EduConnect.Infrastructure.Data.AppDbContext, 
              standAloneStateManager: False, 
              detailedErrorsEnabled: False, 
              threadSafetyChecksEnabled: True), 
          cancellationToken: queryContext.CancellationToken)'
dbug: Microsoft.EntityFrameworkCore.Database.Connection[20000]
      Opening connection to database 'EduConnectDb' on server 'localhost\SQLEXPRESS'.
dbug: Microsoft.EntityFrameworkCore.Database.Connection[20001]
      Opened connection to database 'EduConnectDb' on server 'localhost\SQLEXPRESS'.
dbug: Microsoft.EntityFrameworkCore.Database.Connection[20002]
      Closing connection to database 'EduConnectDb' on server 'localhost\SQLEXPRESS'.
dbug: Microsoft.EntityFrameworkCore.Database.Connection[20003]
      Closed connection to database 'EduConnectDb' on server 'localhost\SQLEXPRESS' (0ms).
dbug: Microsoft.EntityFrameworkCore.ChangeTracking[10800]
      DetectChanges starting for 'AppDbContext'.
dbug: Microsoft.EntityFrameworkCore.ChangeTracking[10801]
      DetectChanges completed for 'AppDbContext'.
dbug: Microsoft.EntityFrameworkCore.Update[10004]
      SaveChanges starting for 'AppDbContext'.
dbug: Microsoft.EntityFrameworkCore.ChangeTracking[10800]
      DetectChanges starting for 'AppDbContext'.
dbug: Microsoft.EntityFrameworkCore.ChangeTracking[10801]
      DetectChanges completed for 'AppDbContext'.
dbug: Microsoft.EntityFrameworkCore.Update[10005]
      SaveChanges completed for 'AppDbContext' with 0 entities written to the database.
dbug: Microsoft.EntityFrameworkCore.Infrastructure[10407]
      'AppDbContext' disposed.
dbug: Microsoft.EntityFrameworkCore.Database.Connection[20007]
      Disposing connection to database 'EduConnectDb' on server 'localhost\SQLEXPRESS'.
dbug: Microsoft.EntityFrameworkCore.Database.Connection[20008]
      Disposed connection to database '' on server '' (0ms).
dbug: Microsoft.Extensions.Hosting.Internal.Host[1]
      Hosting starting
info: Microsoft.AspNetCore.DataProtection.KeyManagement.XmlKeyManager[63]
      User profile is available. Using 'C:\Users\FIRAT\AppData\Local\ASP.NET\DataProtection-Keys' as key repository and Windows DPAPI to encrypt keys at rest.
info: Microsoft.Hosting.Lifetime[14]
      Now listening on: http://localhost:5160
info: Microsoft.Hosting.Lifetime[0]
      Application started. Press Ctrl+C to shut down.
info: Microsoft.Hosting.Lifetime[0]
      Hosting environment: Development
info: Microsoft.Hosting.Lifetime[0]
      Content root path: C:\Users\FIRAT\Desktop\Tubitak-Tez\backend\src\EduConnect.Api
dbug: Microsoft.Extensions.Hosting.Internal.Host[2]
      Hosting started
info: Microsoft.AspNetCore.Hosting.Diagnostics[1]
      Request starting HTTP/1.1 OPTIONS http://localhost:5160/api/posts?page=1&pageSize=10 - - -
info: Microsoft.AspNetCore.Cors.Infrastructure.CorsService[4]
      CORS policy execution successful.
info: Microsoft.AspNetCore.Hosting.Diagnostics[1]
      Request starting HTTP/1.1 GET http://localhost:5160/api/posts?page=1&pageSize=10 - - -
info: Microsoft.AspNetCore.Hosting.Diagnostics[2]
      Request finished HTTP/1.1 OPTIONS http://localhost:5160/api/posts?page=1&pageSize=10 - 204 - - 49.3077ms
info: Microsoft.AspNetCore.Cors.Infrastructure.CorsService[4]
      CORS policy execution successful.
info: Microsoft.AspNetCore.Routing.EndpointMiddleware[0]
      Executing endpoint 'EduConnect.Api.Controllers.PostsController.GetAll (EduConnect.Api)'
info: Microsoft.AspNetCore.Mvc.Infrastructure.ControllerActionInvoker[102]
      Route matched with {action = "GetAll", controller = "Posts"}. Executing controller action with signature System.Threading.Tasks.Task`1[Microsoft.AspNetCore.Mvc.ActionResult`1[EduConnect.Application.Contracts.Common.PagedResponse`1[EduConnect.Application.Contracts.Posts.PostResponse]]] GetAll(Int32, Int32, System.Threading.CancellationToken) on controller EduConnect.Api.Controllers.PostsController (EduConnect.Api).
dbug: Microsoft.EntityFrameworkCore.Infrastructure[10403]
      Entity Framework Core 10.0.5 initialized 'AppDbContext' using provider 'Microsoft.EntityFrameworkCore.SqlServer:10.0.5' with options: MigrationsAssembly=EduConnect.Infrastructure, Version=1.0.0.0, Culture=neutral, PublicKeyToken=null EngineType=SqlServer 
dbug: Microsoft.EntityFrameworkCore.Query[10111]
      Compiling query expression: 
      'DbSet<Post>()
          .AsNoTracking()
          .AsSplitQuery()
          .Where(x => !(x.IsDeleted))
          .Include(x => x.User)
          .ThenInclude(x => x.StudentProfile)
          .Include(x => x.Group)
          .Include(x => x.Likes)
          .Include(x => x.Comments)
          .Include(x => x.Bookmarks)
          .Include(x => x.Views)
          .OrderByDescending(x => x.CreatedAtUtc)
          .Count()'
dbug: Microsoft.EntityFrameworkCore.Query[10107]
      Generated query execution expression: 
      'queryContext => ShapedQueryCompilingExpressionVisitor.SingleAsync<int>(
          asyncEnumerable: SplitQueryingEnumerable.Create<int>(
              relationalQueryContext: (RelationalQueryContext)queryContext, 
              relationalCommandResolver: parameters => [LIFTABLE Constant: RelationalCommandCache.QueryExpression(
                  Projection Mapping:
                      EmptyProjectionMember -> 0
                  SELECT COUNT(*)
                  FROM Posts AS p
                  WHERE Not(p.IsDeleted)) | Resolver: c => new RelationalCommandCache(
                  c.Dependencies.MemoryCache, 
                  c.RelationalDependencies.QuerySqlGeneratorFactory, 
                  c.RelationalDependencies.RelationalParameterBasedSqlProcessorFactory, 
                  Projection Mapping:
                      EmptyProjectionMember -> 0
                  SELECT COUNT(*)
                  FROM Posts AS p
                  WHERE Not(p.IsDeleted), 
                  False, 
                  MultipleParameters
              )].GetRelationalCommandTemplate(parameters), 
              readerColumns: [LIFTABLE Constant: ReaderColumn[] { ReaderColumn<int> } | Resolver: namelessParameter{0} => new ReaderColumn[]{ new ReaderColumn<int>(
                  True, 
                  null, 
                  default(IPropertyBase), 
                  (dataReader, indexMap) => dataReader.GetInt32(0)
              ) }], 
              shaper: (queryContext, dataReader, resultContext, resultCoordinator) => 
              {
                  int? value1;
                  value1 = dataReader.IsDBNull(0) ? default(int?) : (int?)dataReader.GetInt32(0);
                  return (int)value1;
              }, 
              relatedDataLoaders: null, 
              relatedDataLoadersAsync: null, 
              contextType: EduConnect.Infrastructure.Data.AppDbContext, 
              standAloneStateManager: False, 
              detailedErrorsEnabled: False, 
              threadSafetyChecksEnabled: True), 
          cancellationToken: queryContext.CancellationToken)'
dbug: Microsoft.EntityFrameworkCore.Database.Connection[20005]
      Creating DbConnection.
dbug: Microsoft.EntityFrameworkCore.Database.Connection[20006]
      Created DbConnection. (0ms).
dbug: Microsoft.EntityFrameworkCore.Database.Connection[20000]
      Opening connection to database 'EduConnectDb' on server 'localhost\SQLEXPRESS'.
dbug: Microsoft.EntityFrameworkCore.Database.Connection[20001]
      Opened connection to database 'EduConnectDb' on server 'localhost\SQLEXPRESS'.
dbug: Microsoft.EntityFrameworkCore.Database.Connection[20002]
      Closing connection to database 'EduConnectDb' on server 'localhost\SQLEXPRESS'.
dbug: Microsoft.EntityFrameworkCore.Database.Connection[20003]
      Closed connection to database 'EduConnectDb' on server 'localhost\SQLEXPRESS' (0ms).
dbug: Microsoft.EntityFrameworkCore.Query[10111]
      Compiling query expression: 
      'DbSet<Post>()
          .AsNoTracking()
          .AsSplitQuery()
          .Where(x => !(x.IsDeleted))
          .Include(x => x.User)
          .ThenInclude(x => x.StudentProfile)
          .Include(x => x.Group)
          .Include(x => x.Likes)
          .Include(x => x.Comments)
          .Include(x => x.Bookmarks)
          .Include(x => x.Views)
          .OrderByDescending(x => x.CreatedAtUtc)
          .Skip(@p)
          .Take(@p1)'
dbug: Microsoft.EntityFrameworkCore.Query[10112]
      Including navigation: 'Post.User'.
dbug: Microsoft.EntityFrameworkCore.Query[10112]
      Including navigation: 'User.StudentProfile'.
dbug: Microsoft.EntityFrameworkCore.Query[10112]
      Including navigation: 'Post.Group'.
dbug: Microsoft.EntityFrameworkCore.Query[10112]
      Including navigation: 'Post.Likes'.
dbug: Microsoft.EntityFrameworkCore.Query[10112]
      Including navigation: 'Post.Comments'.
dbug: Microsoft.EntityFrameworkCore.Query[10112]
      Including navigation: 'Post.Bookmarks'.
dbug: Microsoft.EntityFrameworkCore.Query[10112]
      Including navigation: 'Post.Views'.
dbug: Microsoft.EntityFrameworkCore.Query[10107]
      Generated query execution expression: 
      'queryContext => SplitQueryingEnumerable.Create<Post>(
          relationalQueryContext: (RelationalQueryContext)queryContext, 
          relationalCommandResolver: parameters => [LIFTABLE Constant: RelationalCommandCache.QueryExpression(
              Client Projections:
                  0 -> Dictionary<IPropertyBase, int> { [Property: Post.Id (Guid) Required PK AfterSave:Throw ValueGenerated.OnAdd, 0], [Property: Post.Content (string) Required MaxLength(1500), 1], [Property: Post.CreatedAtUtc (DateTime) Required, 2], [Property: Post.GroupId (Guid?) FK Index, 3], [Property: Post.ImageUrl (string) MaxLength(500), 4], [Property: Post.IsDeleted (bool) Required, 5], [Property: Post.UpdatedAtUtc (DateTime?), 6], [Property: Post.UserId (Guid) Required FK Index, 7] }
                  1 -> Dictionary<IPropertyBase, int> { [Property: User.Id (Guid) Required PK AfterSave:Throw ValueGenerated.OnAdd, 8], [Property: User.CreatedAtUtc (DateTime) Required, 9], [Property: User.Email (string) Required Index MaxLength(200), 10], [Property: User.EmailVerificationAttemptCount (int) Required, 11], [Property: User.EmailVerificationCodeHash (string) MaxLength(500), 12], [Property: User.EmailVerificationExpiresAtUtc (DateTime?), 13], [Property: User.EmailVerificationSentAtUtc (DateTime?), 14], [Property: User.EmailVerifiedAtUtc (DateTime?), 15], [Property: User.FullName (string) Required MaxLength(150), 16], [Property: User.IsActive (bool) Required, 17], [Property: User.PasswordHash (string) Required MaxLength(1000), 18], [Property: User.Role (UserRole) Required, 19], [Property: User.TwoFactorEnabled (bool) Required, 20], [Property: User.UniversityId (Guid?) FK Index, 21], [Property: User.UpdatedAtUtc (DateTime?), 22] }
                  2 -> Dictionary<IPropertyBase, int> { [Property: StudentProfile.Id (Guid) Required PK AfterSave:Throw ValueGenerated.OnAdd, 23], [Property: StudentProfile.AvatarUrl (string) MaxLength(500), 24], [Property: StudentProfile.Bio (string) MaxLength(500), 25], [Property: StudentProfile.CoverImageUrl (string) MaxLength(500), 26], [Property: StudentProfile.CreatedAtUtc (DateTime) Required, 27], [Property: StudentProfile.Department (string) Required MaxLength(150), 28], [Property: StudentProfile.UpdatedAtUtc (DateTime?), 29], [Property: StudentProfile.UserId (Guid) Required FK Index, 30], [Property: StudentProfile.Year (int) Required, 31] }
                  3 -> Dictionary<IPropertyBase, int> { [Property: Group.Id (Guid) Required PK AfterSave:Throw ValueGenerated.OnAdd, 32], [Property: Group.AvatarUrl (string) MaxLength(500), 33], [Property: Group.BannerUrl (string) MaxLength(500), 34], [Property: Group.Category (string) Required MaxLength(100), 35], [Property: Group.CreatedAtUtc (DateTime) Required, 36], [Property: Group.CreatorUserId (Guid) Required FK Index, 37], [Property: Group.Description (string) Required MaxLength(1000), 38], [Property: Group.Name (string) Required MaxLength(150), 39], [Property: Group.ShortDescription (string) Required MaxLength(220), 40], [Property: Group.Slug (string) Required Index MaxLength(160), 41], [Property: Group.UpdatedAtUtc (DateTime?), 42] }
                  4 -> 0
                  5 -> 8
                  6 -> 23
                  7 -> 32
              SELECT p0.Id, p0.Content, p0.CreatedAtUtc, p0.GroupId, p0.ImageUrl, p0.IsDeleted, p0.UpdatedAtUtc, p0.UserId, u.Id, u.CreatedAtUtc, u.Email, u.EmailVerificationAttemptCount, u.EmailVerificationCodeHash, u.EmailVerificationExpiresAtUtc, u.EmailVerificationSentAtUtc, u.EmailVerifiedAtUtc, u.FullName, u.IsActive, u.PasswordHash, u.Role, u.TwoFactorEnabled, u.UniversityId, u.UpdatedAtUtc, s.Id, s.AvatarUrl, s.Bio, s.CoverImageUrl, s.CreatedAtUtc, s.Department, s.UpdatedAtUtc, s.UserId, s.Year, g.Id, g.AvatarUrl, g.BannerUrl, g.Category, g.CreatedAtUtc, g.CreatorUserId, g.Description, g.Name, g.ShortDescription, g.Slug, g.UpdatedAtUtc
              FROM 
              (
                  SELECT p.Id, p.Content, p.CreatedAtUtc, p.GroupId, p.ImageUrl, p.IsDeleted, p.UpdatedAtUtc, p.UserId
                  FROM Posts AS p
                  WHERE Not(p.IsDeleted)
                  ORDER BY p.CreatedAtUtc DESC
                  OFFSET @p ROWS FETCH NEXT @p1 ROWS ONLY
              ) AS p0
              INNER JOIN Users AS u ON p0.UserId == u.Id
              LEFT JOIN StudentProfiles AS s ON u.Id == s.UserId
              LEFT JOIN Groups AS g ON p0.GroupId == g.Id
              ORDER BY p0.CreatedAtUtc DESC, p0.Id ASC, u.Id ASC, s.Id ASC, g.Id ASC) | Resolver: c => new RelationalCommandCache(
              c.Dependencies.MemoryCache, 
              c.RelationalDependencies.QuerySqlGeneratorFactory, 
              c.RelationalDependencies.RelationalParameterBasedSqlProcessorFactory, 
              Client Projections:
                  0 -> Dictionary<IPropertyBase, int> { [Property: Post.Id (Guid) Required PK AfterSave:Throw ValueGenerated.OnAdd, 0], [Property: Post.Content (string) Required MaxLength(1500), 1], [Property: Post.CreatedAtUtc (DateTime) Required, 2], [Property: Post.GroupId (Guid?) FK Index, 3], [Property: Post.ImageUrl (string) MaxLength(500), 4], [Property: Post.IsDeleted (bool) Required, 5], [Property: Post.UpdatedAtUtc (DateTime?), 6], [Property: Post.UserId (Guid) Required FK Index, 7] }
                  1 -> Dictionary<IPropertyBase, int> { [Property: User.Id (Guid) Required PK AfterSave:Throw ValueGenerated.OnAdd, 8], [Property: User.CreatedAtUtc (DateTime) Required, 9], [Property: User.Email (string) Required Index MaxLength(200), 10], [Property: User.EmailVerificationAttemptCount (int) Required, 11], [Property: User.EmailVerificationCodeHash (string) MaxLength(500), 12], [Property: User.EmailVerificationExpiresAtUtc (DateTime?), 13], [Property: User.EmailVerificationSentAtUtc (DateTime?), 14], [Property: User.EmailVerifiedAtUtc (DateTime?), 15], [Property: User.FullName (string) Required MaxLength(150), 16], [Property: User.IsActive (bool) Required, 17], [Property: User.PasswordHash (string) Required MaxLength(1000), 18], [Property: User.Role (UserRole) Required, 19], [Property: User.TwoFactorEnabled (bool) Required, 20], [Property: User.UniversityId (Guid?) FK Index, 21], [Property: User.UpdatedAtUtc (DateTime?), 22] }
                  2 -> Dictionary<IPropertyBase, int> { [Property: StudentProfile.Id (Guid) Required PK AfterSave:Throw ValueGenerated.OnAdd, 23], [Property: StudentProfile.AvatarUrl (string) MaxLength(500), 24], [Property: StudentProfile.Bio (string) MaxLength(500), 25], [Property: StudentProfile.CoverImageUrl (string) MaxLength(500), 26], [Property: StudentProfile.CreatedAtUtc (DateTime) Required, 27], [Property: StudentProfile.Department (string) Required MaxLength(150), 28], [Property: StudentProfile.UpdatedAtUtc (DateTime?), 29], [Property: StudentProfile.UserId (Guid) Required FK Index, 30], [Property: StudentProfile.Year (int) Required, 31] }
                  3 -> Dictionary<IPropertyBase, int> { [Property: Group.Id (Guid) Required PK AfterSave:Throw ValueGenerated.OnAdd, 32], [Property: Group.AvatarUrl (string) MaxLength(500), 33], [Property: Group.BannerUrl (string) MaxLength(500), 34], [Property: Group.Category (string) Required MaxLength(100), 35], [Property: Group.CreatedAtUtc (DateTime) Required, 36], [Property: Group.CreatorUserId (Guid) Required FK Index, 37], [Property: Group.Description (string) Required MaxLength(1000), 38], [Property: Group.Name (string) Required MaxLength(150), 39], [Property: Group.ShortDescription (string) Required MaxLength(220), 40], [Property: Group.Slug (string) Required Index MaxLength(160), 41], [Property: Group.UpdatedAtUtc (DateTime?), 42] }
                  4 -> 0
                  5 -> 8
                  6 -> 23
                  7 -> 32
              SELECT p0.Id, p0.Content, p0.CreatedAtUtc, p0.GroupId, p0.ImageUrl, p0.IsDeleted, p0.UpdatedAtUtc, p0.UserId, u.Id, u.CreatedAtUtc, u.Email, u.EmailVerificationAttemptCount, u.EmailVerificationCodeHash, u.EmailVerificationExpiresAtUtc, u.EmailVerificationSentAtUtc, u.EmailVerifiedAtUtc, u.FullName, u.IsActive, u.PasswordHash, u.Role, u.TwoFactorEnabled, u.UniversityId, u.UpdatedAtUtc, s.Id, s.AvatarUrl, s.Bio, s.CoverImageUrl, s.CreatedAtUtc, s.Department, s.UpdatedAtUtc, s.UserId, s.Year, g.Id, g.AvatarUrl, g.BannerUrl, g.Category, g.CreatedAtUtc, g.CreatorUserId, g.Description, g.Name, g.ShortDescription, g.Slug, g.UpdatedAtUtc
              FROM 
              (
                  SELECT p.Id, p.Content, p.CreatedAtUtc, p.GroupId, p.ImageUrl, p.IsDeleted, p.UpdatedAtUtc, p.UserId
                  FROM Posts AS p
                  WHERE Not(p.IsDeleted)
                  ORDER BY p.CreatedAtUtc DESC
                  OFFSET @p ROWS FETCH NEXT @p1 ROWS ONLY
              ) AS p0
              INNER JOIN Users AS u ON p0.UserId == u.Id
              LEFT JOIN StudentProfiles AS s ON u.Id == s.UserId
              LEFT JOIN Groups AS g ON p0.GroupId == g.Id
              ORDER BY p0.CreatedAtUtc DESC, p0.Id ASC, u.Id ASC, s.Id ASC, g.Id ASC, 
              False, 
              MultipleParameters
          )].GetRelationalCommandTemplate(parameters), 
          readerColumns: [LIFTABLE Constant: ReaderColumn[] { ReaderColumn<Guid>, ReaderColumn<object>, ReaderColumn<DateTime>, ReaderColumn<Guid>, ReaderColumn<object>, ReaderColumn<bool>, ReaderColumn<DateTime>, ReaderColumn<Guid>, ReaderColumn<Guid>, ReaderColumn<DateTime>, ReaderColumn<object>, ReaderColumn<int>, ReaderColumn<object>, ReaderColumn<DateTime>, ReaderColumn<DateTime>, ReaderColumn<DateTime>, ReaderColumn<object>, ReaderColumn<bool>, ReaderColumn<object>, ReaderColumn<int>, ReaderColumn<bool>, ReaderColumn<Guid>, ReaderColumn<DateTime>, ReaderColumn<Guid>, ReaderColumn<object>, ReaderColumn<object>, ReaderColumn<object>, ReaderColumn<DateTime>, ReaderColumn<object>, ReaderColumn<DateTime>, ReaderColumn<Guid>, ReaderColumn<int>, ReaderColumn<Guid>, ReaderColumn<object>, ReaderColumn<object>, ReaderColumn<object>, ReaderColumn<DateTime>, ReaderColumn<Guid>, ReaderColumn<object>, ReaderColumn<object>, ReaderColumn<object>, ReaderColumn<object>, ReaderColumn<DateTime> } | Resolver: namelessParameter{0} => new ReaderColumn[]
          { 
              new ReaderColumn<Guid>(
                  False, 
                  null, 
                  namelessParameter{0}.Dependencies.Model.FindEntityType("EduConnect.Domain.Entities.Post").FindProperty("Id"), 
                  (dataReader, indexMap) => dataReader.GetGuid(0)
              ), 
              new ReaderColumn<object>(
                  False, 
                  null, 
                  namelessParameter{0}.Dependencies.Model.FindEntityType("EduConnect.Domain.Entities.Post").FindProperty("Content"), 
                  (dataReader, indexMap) => (object)dataReader.GetString(1)
              ), 
              new ReaderColumn<DateTime>(
                  False, 
                  null, 
                  namelessParameter{0}.Dependencies.Model.FindEntityType("EduConnect.Domain.Entities.Post").FindProperty("CreatedAtUtc"), 
                  (dataReader, indexMap) => dataReader.GetDateTime(2)
              ), 
              new ReaderColumn<Guid>(
                  True, 
                  null, 
                  namelessParameter{0}.Dependencies.Model.FindEntityType("EduConnect.Domain.Entities.Post").FindProperty("GroupId"), 
                  (dataReader, indexMap) => dataReader.GetGuid(3)
              ), 
              new ReaderColumn<object>(
                  True, 
                  null, 
                  namelessParameter{0}.Dependencies.Model.FindEntityType("EduConnect.Domain.Entities.Post").FindProperty("ImageUrl"), 
                  (dataReader, indexMap) => (object)dataReader.GetString(4)
              ), 
              new ReaderColumn<bool>(
                  False, 
                  null, 
                  namelessParameter{0}.Dependencies.Model.FindEntityType("EduConnect.Domain.Entities.Post").FindProperty("IsDeleted"), 
                  (dataReader, indexMap) => dataReader.GetBoolean(5)
              ), 
              new ReaderColumn<DateTime>(
                  True, 
                  null, 
                  namelessParameter{0}.Dependencies.Model.FindEntityType("EduConnect.Domain.Entities.Post").FindProperty("UpdatedAtUtc"), 
                  (dataReader, indexMap) => dataReader.GetDateTime(6)
              ), 
              new ReaderColumn<Guid>(
                  False, 
                  null, 
                  namelessParameter{0}.Dependencies.Model.FindEntityType("EduConnect.Domain.Entities.Post").FindProperty("UserId"), 
                  (dataReader, indexMap) => dataReader.GetGuid(7)
              ), 
              new ReaderColumn<Guid>(
                  False, 
                  null, 
                  namelessParameter{0}.Dependencies.Model.FindEntityType("EduConnect.Domain.Entities.User").FindProperty("Id"), 
                  (dataReader, indexMap) => dataReader.GetGuid(8)
              ), 
              new ReaderColumn<DateTime>(
                  False, 
                  null, 
                  namelessParameter{0}.Dependencies.Model.FindEntityType("EduConnect.Domain.Entities.User").FindProperty("CreatedAtUtc"), 
                  (dataReader, indexMap) => dataReader.GetDateTime(9)
              ), 
              new ReaderColumn<object>(
                  False, 
                  null, 
                  namelessParameter{0}.Dependencies.Model.FindEntityType("EduConnect.Domain.Entities.User").FindProperty("Email"), 
                  (dataReader, indexMap) => (object)dataReader.GetString(10)
              ), 
              new ReaderColumn<int>(
                  False, 
                  null, 
                  namelessParameter{0}.Dependencies.Model.FindEntityType("EduConnect.Domain.Entities.User").FindProperty("EmailVerificationAttemptCount"), 
                  (dataReader, indexMap) => dataReader.GetInt32(11)
              ), 
              new ReaderColumn<object>(
                  True, 
                  null, 
                  namelessParameter{0}.Dependencies.Model.FindEntityType("EduConnect.Domain.Entities.User").FindProperty("EmailVerificationCodeHash"), 
                  (dataReader, indexMap) => (object)dataReader.GetString(12)
              ), 
              new ReaderColumn<DateTime>(
                  True, 
                  null, 
                  namelessParameter{0}.Dependencies.Model.FindEntityType("EduConnect.Domain.Entities.User").FindProperty("EmailVerificationExpiresAtUtc"), 
                  (dataReader, indexMap) => dataReader.GetDateTime(13)
              ), 
              new ReaderColumn<DateTime>(
                  True, 
                  null, 
                  namelessParameter{0}.Dependencies.Model.FindEntityType("EduConnect.Domain.Entities.User").FindProperty("EmailVerificationSentAtUtc"), 
                  (dataReader, indexMap) => dataReader.GetDateTime(14)
              ), 
              new ReaderColumn<DateTime>(
                  True, 
                  null, 
                  namelessParameter{0}.Dependencies.Model.FindEntityType("EduConnect.Domain.Entities.User").FindProperty("EmailVerifiedAtUtc"), 
                  (dataReader, indexMap) => dataReader.GetDateTime(15)
              ), 
              new ReaderColumn<object>(
                  False, 
                  null, 
                  namelessParameter{0}.Dependencies.Model.FindEntityType("EduConnect.Domain.Entities.User").FindProperty("FullName"), 
                  (dataReader, indexMap) => (object)dataReader.GetString(16)
              ), 
              new ReaderColumn<bool>(
                  False, 
                  null, 
                  namelessParameter{0}.Dependencies.Model.FindEntityType("EduConnect.Domain.Entities.User").FindProperty("IsActive"), 
                  (dataReader, indexMap) => dataReader.GetBoolean(17)
              ), 
              new ReaderColumn<object>(
                  False, 
                  null, 
                  namelessParameter{0}.Dependencies.Model.FindEntityType("EduConnect.Domain.Entities.User").FindProperty("PasswordHash"), 
                  (dataReader, indexMap) => (object)dataReader.GetString(18)
              ), 
              new ReaderColumn<int>(
                  False, 
                  null, 
                  namelessParameter{0}.Dependencies.Model.FindEntityType("EduConnect.Domain.Entities.User").FindProperty("Role"), 
                  (dataReader, indexMap) => dataReader.GetInt32(19)
              ), 
              new ReaderColumn<bool>(
                  False, 
                  null, 
                  namelessParameter{0}.Dependencies.Model.FindEntityType("EduConnect.Domain.Entities.User").FindProperty("TwoFactorEnabled"), 
                  (dataReader, indexMap) => dataReader.GetBoolean(20)
              ), 
              new ReaderColumn<Guid>(
                  True, 
                  null, 
                  namelessParameter{0}.Dependencies.Model.FindEntityType("EduConnect.Domain.Entities.User").FindProperty("UniversityId"), 
                  (dataReader, indexMap) => dataReader.GetGuid(21)
              ), 
              new ReaderColumn<DateTime>(
                  True, 
                  null, 
                  namelessParameter{0}.Dependencies.Model.FindEntityType("EduConnect.Domain.Entities.User").FindProperty("UpdatedAtUtc"), 
                  (dataReader, indexMap) => dataReader.GetDateTime(22)
              ), 
              new ReaderColumn<Guid>(
                  True, 
                  null, 
                  namelessParameter{0}.Dependencies.Model.FindEntityType("EduConnect.Domain.Entities.StudentProfile").FindProperty("Id"), 
                  (dataReader, indexMap) => dataReader.GetGuid(23)
              ), 
              new ReaderColumn<object>(
                  True, 
                  null, 
                  namelessParameter{0}.Dependencies.Model.FindEntityType("EduConnect.Domain.Entities.StudentProfile").FindProperty("AvatarUrl"), 
                  (dataReader, indexMap) => (object)dataReader.GetString(24)
              ), 
              new ReaderColumn<object>(
                  True, 
                  null, 
                  namelessParameter{0}.Dependencies.Model.FindEntityType("EduConnect.Domain.Entities.StudentProfile").FindProperty("Bio"), 
                  (dataReader, indexMap) => (object)dataReader.GetString(25)
              ), 
              new ReaderColumn<object>(
                  True, 
                  null, 
                  namelessParameter{0}.Dependencies.Model.FindEntityType("EduConnect.Domain.Entities.StudentProfile").FindProperty("CoverImageUrl"), 
                  (dataReader, indexMap) => (object)dataReader.GetString(26)
              ), 
              new ReaderColumn<DateTime>(
                  True, 
                  null, 
                  namelessParameter{0}.Dependencies.Model.FindEntityType("EduConnect.Domain.Entities.StudentProfile").FindProperty("CreatedAtUtc"), 
                  (dataReader, indexMap) => dataReader.GetDateTime(27)
              ), 
              new ReaderColumn<object>(
                  True, 
                  null, 
                  namelessParameter{0}.Dependencies.Model.FindEntityType("EduConnect.Domain.Entities.StudentProfile").FindProperty("Department"), 
                  (dataReader, indexMap) => (object)dataReader.GetString(28)
              ), 
              new ReaderColumn<DateTime>(
                  True, 
                  null, 
                  namelessParameter{0}.Dependencies.Model.FindEntityType("EduConnect.Domain.Entities.StudentProfile").FindProperty("UpdatedAtUtc"), 
                  (dataReader, indexMap) => dataReader.GetDateTime(29)
              ), 
              new ReaderColumn<Guid>(
                  True, 
                  null, 
                  namelessParameter{0}.Dependencies.Model.FindEntityType("EduConnect.Domain.Entities.StudentProfile").FindProperty("UserId"), 
                  (dataReader, indexMap) => dataReader.GetGuid(30)
              ), 
              new ReaderColumn<int>(
                  True, 
                  null, 
                  namelessParameter{0}.Dependencies.Model.FindEntityType("EduConnect.Domain.Entities.StudentProfile").FindProperty("Year"), 
                  (dataReader, indexMap) => dataReader.GetInt32(31)
              ), 
              new ReaderColumn<Guid>(
                  True, 
                  null, 
                  namelessParameter{0}.Dependencies.Model.FindEntityType("EduConnect.Domain.Entities.Group").FindProperty("Id"), 
                  (dataReader, indexMap) => dataReader.GetGuid(32)
              ), 
              new ReaderColumn<object>(
                  True, 
                  null, 
                  namelessParameter{0}.Dependencies.Model.FindEntityType("EduConnect.Domain.Entities.Group").FindProperty("AvatarUrl"), 
                  (dataReader, indexMap) => (object)dataReader.GetString(33)
              ), 
              new ReaderColumn<object>(
                  True, 
                  null, 
                  namelessParameter{0}.Dependencies.Model.FindEntityType("EduConnect.Domain.Entities.Group").FindProperty("BannerUrl"), 
                  (dataReader, indexMap) => (object)dataReader.GetString(34)
              ), 
              new ReaderColumn<object>(
                  True, 
                  null, 
                  namelessParameter{0}.Dependencies.Model.FindEntityType("EduConnect.Domain.Entities.Group").FindProperty("Category"), 
                  (dataReader, indexMap) => (object)dataReader.GetString(35)
              ), 
              new ReaderColumn<DateTime>(
                  True, 
                  null, 
                  namelessParameter{0}.Dependencies.Model.FindEntityType("EduConnect.Domain.Entities.Group").FindProperty("CreatedAtUtc"), 
                  (dataReader, indexMap) => dataReader.GetDateTime(36)
              ), 
              new ReaderColumn<Guid>(
                  True, 
                  null, 
                  namelessParameter{0}.Dependencies.Model.FindEntityType("EduConnect.Domain.Entities.Group").FindProperty("CreatorUserId"), 
                  (dataReader, indexMap) => dataReader.GetGuid(37)
              ), 
              new ReaderColumn<object>(
                  True, 
                  null, 
                  namelessParameter{0}.Dependencies.Model.FindEntityType("EduConnect.Domain.Entities.Group").FindProperty("Description"), 
                  (dataReader, indexMap) => (object)dataReader.GetString(38)
              ), 
              new ReaderColumn<object>(
                  True, 
                  null, 
                  namelessParameter{0}.Dependencies.Model.FindEntityType("EduConnect.Domain.Entities.Group").FindProperty("Name"), 
                  (dataReader, indexMap) => (object)dataReader.GetString(39)
              ), 
              new ReaderColumn<object>(
                  True, 
                  null, 
                  namelessParameter{0}.Dependencies.Model.FindEntityType("EduConnect.Domain.Entities.Group").FindProperty("ShortDescription"), 
                  (dataReader, indexMap) => (object)dataReader.GetString(40)
              ), 
              new ReaderColumn<object>(
                  True, 
                  null, 
                  namelessParameter{0}.Dependencies.Model.FindEntityType("EduConnect.Domain.Entities.Group").FindProperty("Slug"), 
                  (dataReader, indexMap) => (object)dataReader.GetString(41)
              ), 
              new ReaderColumn<DateTime>(
                  True, 
                  null, 
                  namelessParameter{0}.Dependencies.Model.FindEntityType("EduConnect.Domain.Entities.Group").FindProperty("UpdatedAtUtc"), 
                  (dataReader, indexMap) => dataReader.GetDateTime(42)
              ) 
          }], 
          shaper: (queryContext, dataReader, resultContext, resultCoordinator) => resultContext.Values == null ? 
          {
              Post entity;
              User entity;
              StudentProfile entity;
              Group entity;
              entity = 
              {
                  MaterializationContext materializationContext1;
                  IEntityType entityType1;
                  Post instance1;
                  materializationContext1 = new MaterializationContext(
                      [LIFTABLE Constant: ValueBuffer | Resolver: _ => (object)ValueBuffer.Empty], 
                      queryContext.Context
                  );
                  instance1 = default(Post);
                  (object)dataReader.GetGuid(0) != null ? 
                  {
                      ISnapshot shadowSnapshot1;
                      shadowSnapshot1 = [LIFTABLE Constant: Snapshot | Resolver: _ => Snapshot.Empty];
                      entityType1 = [LIFTABLE Constant: EntityType: Post | Resolver: namelessParameter{1} => namelessParameter{1}.Dependencies.Model.FindEntityType("EduConnect.Domain.Entities.Post")];
                      instance1 = switch (entityType1)
                      {
                          case [LIFTABLE Constant: EntityType: Post | Resolver: namelessParameter{2} => namelessParameter{2}.Dependencies.Model.FindEntityType("EduConnect.Domain.Entities.Post")]: 
                              {
                                  return 
                                  {
                                      Post instance;
                                      instance = new Post();
                                      instance.<Id>k__BackingField = dataReader.GetGuid(0);
                                      instance.<Content>k__BackingField = (string)dataReader.GetFieldValue<object>(1);
                                      instance.<CreatedAtUtc>k__BackingField = dataReader.GetDateTime(2);
                                      instance.<GroupId>k__BackingField = dataReader.IsDBNull(3) ? default(Guid?) : (Guid?)dataReader.GetGuid(3);
                                      instance.<ImageUrl>k__BackingField = dataReader.IsDBNull(4) ? default(string) : (string)dataReader.GetFieldValue<object>(4);
                                      instance.<IsDeleted>k__BackingField = dataReader.GetBoolean(5);
                                      instance.<UpdatedAtUtc>k__BackingField = dataReader.IsDBNull(6) ? default(DateTime?) : (DateTime?)dataReader.GetDateTime(6);
                                      instance.<UserId>k__BackingField = dataReader.GetGuid(7);
                                      (instance is IInjectableService) ? ((IInjectableService)instance).Injected(
                                          context: materializationContext1.Context, 
                                          entity: instance, 
                                          queryTrackingBehavior: NoTracking, 
                                          structuralType: [LIFTABLE Constant: EntityType: Post | Resolver: namelessParameter{3} => namelessParameter{3}.Dependencies.Model.FindEntityType("EduConnect.Domain.Entities.Post")]) : default(void);
                                      return instance;
                                  }}
                          default: 
                              default(Post)
                      }
                      ;
                      return instance1;
                  } : 
                  {
                      object[] keyValues1;
                      keyValues1 = new object[]{ (object)dataReader.GetGuid(0) };
                      return ShapedQueryCompilingExpressionVisitor.CreateNullKeyValueInNoTrackingQuery(
                          entityType: [LIFTABLE Constant: EntityType: Post | Resolver: namelessParameter{4} => namelessParameter{4}.Dependencies.Model.FindEntityType("EduConnect.Domain.Entities.Post")], 
                          properties: [LIFTABLE Constant: List<RuntimeProperty> { Property: Post.Id (Guid) Required PK AfterSave:Throw ValueGenerated.OnAdd } | Resolver: c => c.Dependencies.Model.FindEntityType("EduConnect.Domain.Entities.Post").FindPrimaryKey().Properties], 
                          keyValues: keyValues1);
                  };
                  return instance1;
              };
              entity = 
              {
                  MaterializationContext materializationContext2;
                  IEntityType entityType2;
                  User instance2;
                  materializationContext2 = new MaterializationContext(
                      [LIFTABLE Constant: ValueBuffer | Resolver: _ => (object)ValueBuffer.Empty], 
                      queryContext.Context
                  );
                  instance2 = default(User);
                  (object)dataReader.GetGuid(8) != null ? 
                  {
                      ISnapshot shadowSnapshot2;
                      shadowSnapshot2 = [LIFTABLE Constant: Snapshot | Resolver: _ => Snapshot.Empty];
                      entityType2 = [LIFTABLE Constant: EntityType: User | Resolver: namelessParameter{5} => namelessParameter{5}.Dependencies.Model.FindEntityType("EduConnect.Domain.Entities.User")];
                      instance2 = switch (entityType2)
                      {
                          case [LIFTABLE Constant: EntityType: User | Resolver: namelessParameter{6} => namelessParameter{6}.Dependencies.Model.FindEntityType("EduConnect.Domain.Entities.User")]: 
                              {
                                  return 
                                  {
                                      User instance;
                                      instance = new User();
                                      instance.<Id>k__BackingField = dataReader.GetGuid(8);
                                      instance.<CreatedAtUtc>k__BackingField = dataReader.GetDateTime(9);
                                      instance.<Email>k__BackingField = (string)dataReader.GetFieldValue<object>(10);
                                      instance.<EmailVerificationAttemptCount>k__BackingField = dataReader.GetInt32(11);
                                      instance.<EmailVerificationCodeHash>k__BackingField = dataReader.IsDBNull(12) ? default(string) : (string)dataReader.GetFieldValue<object>(12);
                                      instance.<EmailVerificationExpiresAtUtc>k__BackingField = dataReader.IsDBNull(13) ? default(DateTime?) : (DateTime?)dataReader.GetDateTime(13);
                                      instance.<EmailVerificationSentAtUtc>k__BackingField = dataReader.IsDBNull(14) ? default(DateTime?) : (DateTime?)dataReader.GetDateTime(14);
                                      instance.<EmailVerifiedAtUtc>k__BackingField = dataReader.IsDBNull(15) ? default(DateTime?) : (DateTime?)dataReader.GetDateTime(15);
                                      instance.<FullName>k__BackingField = (string)dataReader.GetFieldValue<object>(16);
                                      instance.<IsActive>k__BackingField = dataReader.GetBoolean(17);
                                      instance.<PasswordHash>k__BackingField = (string)dataReader.GetFieldValue<object>(18);
                                      instance.<Role>k__BackingField = Invoke(((EnumToNumberConverter<UserRole, int>)((IReadOnlyProperty)[LIFTABLE Constant: Property: User.Role (UserRole) Required | Resolver: namelessParameter{7} => namelessParameter{7}.Dependencies.Model.FindEntityType("EduConnect.Domain.Entities.User").FindProperty("Role")]).GetTypeMapping().Converter).ConvertFromProviderTyped, dataReader.GetInt32(19));
                                      instance.<TwoFactorEnabled>k__BackingField = dataReader.GetBoolean(20);
                                      instance.<UniversityId>k__BackingField = dataReader.IsDBNull(21) ? default(Guid?) : (Guid?)dataReader.GetGuid(21);
                                      instance.<UpdatedAtUtc>k__BackingField = dataReader.IsDBNull(22) ? default(DateTime?) : (DateTime?)dataReader.GetDateTime(22);
                                      (instance is IInjectableService) ? ((IInjectableService)instance).Injected(
                                          context: materializationContext2.Context, 
                                          entity: instance, 
                                          queryTrackingBehavior: NoTracking, 
                                          structuralType: [LIFTABLE Constant: EntityType: User | Resolver: namelessParameter{8} => namelessParameter{8}.Dependencies.Model.FindEntityType("EduConnect.Domain.Entities.User")]) : default(void);
                                      return instance;
                                  }}
                          default: 
                              default(User)
                      }
                      ;
                      return instance2;
                  } : 
                  {
                      object[] keyValues2;
                      keyValues2 = new object[]{ (object)dataReader.GetGuid(8) };
                      return ShapedQueryCompilingExpressionVisitor.CreateNullKeyValueInNoTrackingQuery(
                          entityType: [LIFTABLE Constant: EntityType: User | Resolver: namelessParameter{9} => namelessParameter{9}.Dependencies.Model.FindEntityType("EduConnect.Domain.Entities.User")], 
                          properties: [LIFTABLE Constant: List<RuntimeProperty> { Property: User.Id (Guid) Required PK AfterSave:Throw ValueGenerated.OnAdd } | Resolver: c => c.Dependencies.Model.FindEntityType("EduConnect.Domain.Entities.User").FindPrimaryKey().Properties], 
                          keyValues: keyValues2);
                  };
                  return instance2;
              };
              entity = 
              {
                  MaterializationContext materializationContext3;
                  IEntityType entityType3;
                  StudentProfile instance3;
                  materializationContext3 = new MaterializationContext(
                      [LIFTABLE Constant: ValueBuffer | Resolver: _ => (object)ValueBuffer.Empty], 
                      queryContext.Context
                  );
                  instance3 = default(StudentProfile);
                  dataReader.IsDBNull(23) ? default(object) : (object)dataReader.GetGuid(23) != null ? 
                  {
                      ISnapshot shadowSnapshot3;
                      shadowSnapshot3 = [LIFTABLE Constant: Snapshot | Resolver: _ => Snapshot.Empty];
                      entityType3 = [LIFTABLE Constant: EntityType: StudentProfile | Resolver: namelessParameter{10} => namelessParameter{10}.Dependencies.Model.FindEntityType("EduConnect.Domain.Entities.StudentProfile")];
                      instance3 = switch (entityType3)
                      {
                          case [LIFTABLE Constant: EntityType: StudentProfile | Resolver: namelessParameter{11} => namelessParameter{11}.Dependencies.Model.FindEntityType("EduConnect.Domain.Entities.StudentProfile")]: 
                              {
                                  return 
                                  {
                                      StudentProfile instance;
                                      instance = new StudentProfile();
                                      instance.<Id>k__BackingField = dataReader.IsDBNull(23) ? default(Guid) : dataReader.GetGuid(23);
                                      instance.<AvatarUrl>k__BackingField = dataReader.IsDBNull(24) ? default(string) : (string)dataReader.GetFieldValue<object>(24);
                                      instance.<Bio>k__BackingField = dataReader.IsDBNull(25) ? default(string) : (string)dataReader.GetFieldValue<object>(25);
                                      instance.<CoverImageUrl>k__BackingField = dataReader.IsDBNull(26) ? default(string) : (string)dataReader.GetFieldValue<object>(26);
                                      instance.<CreatedAtUtc>k__BackingField = dataReader.IsDBNull(27) ? default(DateTime) : dataReader.GetDateTime(27);
                                      instance.<Department>k__BackingField = dataReader.IsDBNull(28) ? default(string) : (string)dataReader.GetFieldValue<object>(28);
                                      instance.<UpdatedAtUtc>k__BackingField = dataReader.IsDBNull(29) ? default(DateTime?) : (DateTime?)dataReader.GetDateTime(29);
                                      instance.<UserId>k__BackingField = dataReader.IsDBNull(30) ? default(Guid) : dataReader.GetGuid(30);
                                      instance.<Year>k__BackingField = dataReader.IsDBNull(31) ? default(int) : dataReader.GetInt32(31);
                                      (instance is IInjectableService) ? ((IInjectableService)instance).Injected(
                                          context: materializationContext3.Context, 
                                          entity: instance, 
                                          queryTrackingBehavior: NoTracking, 
                                          structuralType: [LIFTABLE Constant: EntityType: StudentProfile | Resolver: namelessParameter{12} => namelessParameter{12}.Dependencies.Model.FindEntityType("EduConnect.Domain.Entities.StudentProfile")]) : default(void);
                                      return instance;
                                  }}
                          default: 
                              default(StudentProfile)
                      }
                      ;
                      return instance3;
                  } : default(void);
                  return instance3;
              };
              entity = 
              {
                  MaterializationContext materializationContext4;
                  IEntityType entityType4;
                  Group instance4;
                  materializationContext4 = new MaterializationContext(
                      [LIFTABLE Constant: ValueBuffer | Resolver: _ => (object)ValueBuffer.Empty], 
                      queryContext.Context
                  );
                  instance4 = default(Group);
                  dataReader.IsDBNull(32) ? default(object) : (object)dataReader.GetGuid(32) != null ? 
                  {
                      ISnapshot shadowSnapshot4;
                      shadowSnapshot4 = [LIFTABLE Constant: Snapshot | Resolver: _ => Snapshot.Empty];
                      entityType4 = [LIFTABLE Constant: EntityType: Group | Resolver: namelessParameter{13} => namelessParameter{13}.Dependencies.Model.FindEntityType("EduConnect.Domain.Entities.Group")];
                      instance4 = switch (entityType4)
                      {
                          case [LIFTABLE Constant: EntityType: Group | Resolver: namelessParameter{14} => namelessParameter{14}.Dependencies.Model.FindEntityType("EduConnect.Domain.Entities.Group")]: 
                              {
                                  return 
                                  {
                                      Group instance;
                                      instance = new Group();
                                      instance.<Id>k__BackingField = dataReader.IsDBNull(32) ? default(Guid) : dataReader.GetGuid(32);
                                      instance.<AvatarUrl>k__BackingField = dataReader.IsDBNull(33) ? default(string) : (string)dataReader.GetFieldValue<object>(33);
                                      instance.<BannerUrl>k__BackingField = dataReader.IsDBNull(34) ? default(string) : (string)dataReader.GetFieldValue<object>(34);
                                      instance.<Category>k__BackingField = dataReader.IsDBNull(35) ? default(string) : (string)dataReader.GetFieldValue<object>(35);
                                      instance.<CreatedAtUtc>k__BackingField = dataReader.IsDBNull(36) ? default(DateTime) : dataReader.GetDateTime(36);
                                      instance.<CreatorUserId>k__BackingField = dataReader.IsDBNull(37) ? default(Guid) : dataReader.GetGuid(37);
                                      instance.<Description>k__BackingField = dataReader.IsDBNull(38) ? default(string) : (string)dataReader.GetFieldValue<object>(38);
                                      instance.<Name>k__BackingField = dataReader.IsDBNull(39) ? default(string) : (string)dataReader.GetFieldValue<object>(39);
                                      instance.<ShortDescription>k__BackingField = dataReader.IsDBNull(40) ? default(string) : (string)dataReader.GetFieldValue<object>(40);
                                      instance.<Slug>k__BackingField = dataReader.IsDBNull(41) ? default(string) : (string)dataReader.GetFieldValue<object>(41);
                                      instance.<UpdatedAtUtc>k__BackingField = dataReader.IsDBNull(42) ? default(DateTime?) : (DateTime?)dataReader.GetDateTime(42);
                                      (instance is IInjectableService) ? ((IInjectableService)instance).Injected(
                                          context: materializationContext4.Context, 
                                          entity: instance, 
                                          queryTrackingBehavior: NoTracking, 
                                          structuralType: [LIFTABLE Constant: EntityType: Group | Resolver: namelessParameter{15} => namelessParameter{15}.Dependencies.Model.FindEntityType("EduConnect.Domain.Entities.Group")]) : default(void);
                                      return instance;
                                  }}
                          default: 
                              default(Group)
                      }
                      ;
                      return instance4;
                  } : default(void);
                  return instance4;
              };
              resultContext.Values = new object[]
              { 
                  entity, 
                  entity, 
                  entity, 
                  entity 
              };
              ShaperProcessingExpressionVisitor.IncludeReference<User, User, StudentProfile>(
                  queryContext: queryContext, 
                  entity: (User)(resultContext.Values[1]), 
                  relatedEntity: (StudentProfile)(resultContext.Values[2]), 
                  navigation: [LIFTABLE Constant: Navigation: User.StudentProfile (StudentProfile) Optional ToDependent StudentProfile Inverse: User | Resolver: namelessParameter{16} => namelessParameter{16}.Dependencies.Model.FindEntityType("EduConnect.Domain.Entities.User").FindNavigation("StudentProfile")], 
                  inverseNavigation: [LIFTABLE Constant: Navigation: StudentProfile.User (User) Required ToPrincipal User Inverse: StudentProfile | Resolver: namelessParameter{17} => namelessParameter{17}.Dependencies.Model.FindEntityType("EduConnect.Domain.Entities.StudentProfile").FindNavigation("User")], 
                  fixup: (namelessParameter{18}, namelessParameter{19}) => 
                  {
                      namelessParameter{18}.<StudentProfile>k__BackingField = namelessParameter{19};
                      return namelessParameter{19}.<User>k__BackingField = namelessParameter{18};
                  }, 
                  trackingQuery: False);
              ShaperProcessingExpressionVisitor.IncludeReference<Post, Post, User>(
                  queryContext: queryContext, 
                  entity: (Post)(resultContext.Values[0]), 
                  relatedEntity: (User)(resultContext.Values[1]), 
                  navigation: [LIFTABLE Constant: Navigation: Post.User (User) Required ToPrincipal User Inverse: Posts | Resolver: namelessParameter{20} => namelessParameter{20}.Dependencies.Model.FindEntityType("EduConnect.Domain.Entities.Post").FindNavigation("User")], 
                  inverseNavigation: [LIFTABLE Constant: Navigation: User.Posts (ICollection<Post>) Collection ToDependent Post Inverse: User | Resolver: namelessParameter{21} => namelessParameter{21}.Dependencies.Model.FindEntityType("EduConnect.Domain.Entities.User").FindNavigation("Posts")], 
                  fixup: (namelessParameter{22}, namelessParameter{23}) => 
                  {
                      namelessParameter{22}.<User>k__BackingField = namelessParameter{23};
                      return [LIFTABLE Constant: ClrCollectionAccessor<User, ICollection<Post>, Post> | Resolver: namelessParameter{24} => namelessParameter{24}.Dependencies.Model.FindEntityType("EduConnect.Domain.Entities.User").FindNavigation("Posts").GetCollectionAccessor()].Add(
                          entity: namelessParameter{23}, 
                          value: namelessParameter{22}, 
                          forMaterialization: True);
                  }, 
                  trackingQuery: False);
              ShaperProcessingExpressionVisitor.IncludeReference<Post, Post, Group>(
                  queryContext: queryContext, 
                  entity: (Post)(resultContext.Values[0]), 
                  relatedEntity: (Group)(resultContext.Values[3]), 
                  navigation: [LIFTABLE Constant: Navigation: Post.Group (Group) Optional ToPrincipal Group Inverse: Posts | Resolver: namelessParameter{25} => namelessParameter{25}.Dependencies.Model.FindEntityType("EduConnect.Domain.Entities.Post").FindNavigation("Group")], 
                  inverseNavigation: [LIFTABLE Constant: Navigation: Group.Posts (ICollection<Post>) Collection ToDependent Post Inverse: Group | Resolver: namelessParameter{26} => namelessParameter{26}.Dependencies.Model.FindEntityType("EduConnect.Domain.Entities.Group").FindNavigation("Posts")], 
                  fixup: (namelessParameter{27}, namelessParameter{28}) => 
                  {
                      namelessParameter{27}.<Group>k__BackingField = namelessParameter{28};
                      return [LIFTABLE Constant: ClrCollectionAccessor<Group, ICollection<Post>, Post> | Resolver: namelessParameter{29} => namelessParameter{29}.Dependencies.Model.FindEntityType("EduConnect.Domain.Entities.Group").FindNavigation("Posts").GetCollectionAccessor()].Add(
                          entity: namelessParameter{28}, 
                          value: namelessParameter{27}, 
                          forMaterialization: True);
                  }, 
                  trackingQuery: False);
              ShaperProcessingExpressionVisitor.InitializeSplitIncludeCollection<Post, Post>(
                  collectionId: 0, 
                  queryContext: queryContext, 
                  parentDataReader: dataReader, 
                  resultCoordinator: resultCoordinator, 
                  entity: (Post)(resultContext.Values[0]), 
                  parentIdentifier: [LIFTABLE Constant: Func<QueryContext, DbDataReader, object[]> | Resolver: _ => (queryContext, dataReader) => new object[]
                  { 
                      (object)(Guid?)dataReader.GetGuid(0), 
                      (object)(Guid?)dataReader.GetGuid(8), 
                      (object)dataReader.IsDBNull(23) ? default(Guid?) : (Guid?)dataReader.GetGuid(23), 
                      (object)dataReader.IsDBNull(32) ? default(Guid?) : (Guid?)dataReader.GetGuid(32) 
                  }], 
                  navigation: [LIFTABLE Constant: Navigation: Post.Likes (ICollection<PostLike>) Collection ToDependent PostLike Inverse: Post | Resolver: namelessParameter{30} => namelessParameter{30}.Dependencies.Model.FindEntityType("EduConnect.Domain.Entities.Post").FindNavigation("Likes")], 
                  clrCollectionAccessor: [LIFTABLE Constant: ClrCollectionAccessor<Post, ICollection<PostLike>, PostLike> | Resolver: namelessParameter{31} => namelessParameter{31}.Dependencies.Model.FindEntityType("EduConnect.Domain.Entities.Post").FindNavigation("Likes").GetCollectionAccessor()], 
                  trackingQuery: False, 
                  setLoaded: True);
              ShaperProcessingExpressionVisitor.InitializeSplitIncludeCollection<Post, Post>(
                  collectionId: 1, 
                  queryContext: queryContext, 
                  parentDataReader: dataReader, 
                  resultCoordinator: resultCoordinator, 
                  entity: (Post)(resultContext.Values[0]), 
                  parentIdentifier: [LIFTABLE Constant: Func<QueryContext, DbDataReader, object[]> | Resolver: _ => (queryContext, dataReader) => new object[]
                  { 
                      (object)(Guid?)dataReader.GetGuid(0), 
                      (object)(Guid?)dataReader.GetGuid(8), 
                      (object)dataReader.IsDBNull(23) ? default(Guid?) : (Guid?)dataReader.GetGuid(23), 
                      (object)dataReader.IsDBNull(32) ? default(Guid?) : (Guid?)dataReader.GetGuid(32) 
                  }], 
                  navigation: [LIFTABLE Constant: Navigation: Post.Comments (ICollection<PostComment>) Collection ToDependent PostComment Inverse: Post | Resolver: namelessParameter{32} => namelessParameter{32}.Dependencies.Model.FindEntityType("EduConnect.Domain.Entities.Post").FindNavigation("Comments")], 
                  clrCollectionAccessor: [LIFTABLE Constant: ClrCollectionAccessor<Post, ICollection<PostComment>, PostComment> | Resolver: namelessParameter{33} => namelessParameter{33}.Dependencies.Model.FindEntityType("EduConnect.Domain.Entities.Post").FindNavigation("Comments").GetCollectionAccessor()], 
                  trackingQuery: False, 
                  setLoaded: True);
              ShaperProcessingExpressionVisitor.InitializeSplitIncludeCollection<Post, Post>(
                  collectionId: 2, 
                  queryContext: queryContext, 
                  parentDataReader: dataReader, 
                  resultCoordinator: resultCoordinator, 
                  entity: (Post)(resultContext.Values[0]), 
                  parentIdentifier: [LIFTABLE Constant: Func<QueryContext, DbDataReader, object[]> | Resolver: _ => (queryContext, dataReader) => new object[]
                  { 
                      (object)(Guid?)dataReader.GetGuid(0), 
                      (object)(Guid?)dataReader.GetGuid(8), 
                      (object)dataReader.IsDBNull(23) ? default(Guid?) : (Guid?)dataReader.GetGuid(23), 
                      (object)dataReader.IsDBNull(32) ? default(Guid?) : (Guid?)dataReader.GetGuid(32) 
                  }], 
                  navigation: [LIFTABLE Constant: Navigation: Post.Bookmarks (ICollection<PostBookmark>) Collection ToDependent PostBookmark Inverse: Post | Resolver: namelessParameter{34} => namelessParameter{34}.Dependencies.Model.FindEntityType("EduConnect.Domain.Entities.Post").FindNavigation("Bookmarks")], 
                  clrCollectionAccessor: [LIFTABLE Constant: ClrCollectionAccessor<Post, ICollection<PostBookmark>, PostBookmark> | Resolver: namelessParameter{35} => namelessParameter{35}.Dependencies.Model.FindEntityType("EduConnect.Domain.Entities.Post").FindNavigation("Bookmarks").GetCollectionAccessor()], 
                  trackingQuery: False, 
                  setLoaded: True);
              ShaperProcessingExpressionVisitor.InitializeSplitIncludeCollection<Post, Post>(
                  collectionId: 3, 
                  queryContext: queryContext, 
                  parentDataReader: dataReader, 
                  resultCoordinator: resultCoordinator, 
                  entity: (Post)(resultContext.Values[0]), 
                  parentIdentifier: [LIFTABLE Constant: Func<QueryContext, DbDataReader, object[]> | Resolver: _ => (queryContext, dataReader) => new object[]
                  { 
                      (object)(Guid?)dataReader.GetGuid(0), 
                      (object)(Guid?)dataReader.GetGuid(8), 
                      (object)dataReader.IsDBNull(23) ? default(Guid?) : (Guid?)dataReader.GetGuid(23), 
                      (object)dataReader.IsDBNull(32) ? default(Guid?) : (Guid?)dataReader.GetGuid(32) 
                  }], 
                  navigation: [LIFTABLE Constant: Navigation: Post.Views (ICollection<PostView>) Collection ToDependent PostView Inverse: Post | Resolver: namelessParameter{36} => namelessParameter{36}.Dependencies.Model.FindEntityType("EduConnect.Domain.Entities.Post").FindNavigation("Views")], 
                  clrCollectionAccessor: [LIFTABLE Constant: ClrCollectionAccessor<Post, ICollection<PostView>, PostView> | Resolver: namelessParameter{37} => namelessParameter{37}.Dependencies.Model.FindEntityType("EduConnect.Domain.Entities.Post").FindNavigation("Views").GetCollectionAccessor()], 
                  trackingQuery: False, 
                  setLoaded: True);
              return } : (Post)(resultContext.Values[0]), 
          relatedDataLoaders: null, 
          relatedDataLoadersAsync: (queryContext, executionStrategy, resultCoordinator) => ShaperProcessingExpressionVisitor.TaskAwaiter(new Func<Task>[]
          { 
              () => ShaperProcessingExpressionVisitor.PopulateSplitIncludeCollectionAsync<Post, PostLike>(
                  collectionId: 0, 
                  queryContext: (RelationalQueryContext)queryContext, 
                  executionStrategy: executionStrategy, 
                  relationalCommandResolver: parameters => [LIFTABLE Constant: RelationalCommandCache.QueryExpression(
                      Client Projections:
                          0 -> Dictionary<IPropertyBase, int> { [Property: PostLike.Id (Guid) Required PK AfterSave:Throw ValueGenerated.OnAdd, 0], [Property: PostLike.CreatedAtUtc (DateTime) Required, 1], [Property: PostLike.PostId (Guid) Required FK Index, 2], [Property: PostLike.UpdatedAtUtc (DateTime?), 3], [Property: PostLike.UserId (Guid) Required FK Index, 4] }
                          1 -> 5
                          2 -> 6
                          3 -> 7
                          4 -> 8
                      SELECT p1.Id, p1.CreatedAtUtc, p1.PostId, p1.UpdatedAtUtc, p1.UserId, p0.Id, u.Id, s.Id, g.Id
                      FROM 
                      (
                          SELECT p.Id, p.CreatedAtUtc, p.GroupId, p.UserId
                          FROM Posts AS p
                          WHERE Not(p.IsDeleted)
                          ORDER BY p.CreatedAtUtc DESC
                          OFFSET @p ROWS FETCH NEXT @p1 ROWS ONLY
                      ) AS p0
                      INNER JOIN Users AS u ON p0.UserId == u.Id
                      LEFT JOIN StudentProfiles AS s ON u.Id == s.UserId
                      LEFT JOIN Groups AS g ON p0.GroupId == g.Id
                      INNER JOIN PostLikes AS p1 ON p0.Id == p1.PostId
                      ORDER BY p0.CreatedAtUtc DESC, p0.Id ASC, u.Id ASC, s.Id ASC, g.Id ASC) | Resolver: c => new RelationalCommandCache(
                      c.Dependencies.MemoryCache, 
                      c.RelationalDependencies.QuerySqlGeneratorFactory, 
                      c.RelationalDependencies.RelationalParameterBasedSqlProcessorFactory, 
                      Client Projections:
                          0 -> Dictionary<IPropertyBase, int> { [Property: PostLike.Id (Guid) Required PK AfterSave:Throw ValueGenerated.OnAdd, 0], [Property: PostLike.CreatedAtUtc (DateTime) Required, 1], [Property: PostLike.PostId (Guid) Required FK Index, 2], [Property: PostLike.UpdatedAtUtc (DateTime?), 3], [Property: PostLike.UserId (Guid) Required FK Index, 4] }
                          1 -> 5
                          2 -> 6
                          3 -> 7
                          4 -> 8
                      SELECT p1.Id, p1.CreatedAtUtc, p1.PostId, p1.UpdatedAtUtc, p1.UserId, p0.Id, u.Id, s.Id, g.Id
                      FROM 
                      (
                          SELECT p.Id, p.CreatedAtUtc, p.GroupId, p.UserId
                          FROM Posts AS p
                          WHERE Not(p.IsDeleted)
                          ORDER BY p.CreatedAtUtc DESC
                          OFFSET @p ROWS FETCH NEXT @p1 ROWS ONLY
                      ) AS p0
                      INNER JOIN Users AS u ON p0.UserId == u.Id
                      LEFT JOIN StudentProfiles AS s ON u.Id == s.UserId
                      LEFT JOIN Groups AS g ON p0.GroupId == g.Id
                      INNER JOIN PostLikes AS p1 ON p0.Id == p1.PostId
                      ORDER BY p0.CreatedAtUtc DESC, p0.Id ASC, u.Id ASC, s.Id ASC, g.Id ASC, 
                      False, 
                      MultipleParameters
                  )].GetRelationalCommandTemplate(parameters), 
                  readerColumns: [LIFTABLE Constant: ReaderColumn[] { ReaderColumn<Guid>, ReaderColumn<DateTime>, ReaderColumn<Guid>, ReaderColumn<DateTime>, ReaderColumn<Guid>, ReaderColumn<Guid>, ReaderColumn<Guid>, ReaderColumn<Guid>, ReaderColumn<Guid> } | Resolver: namelessParameter{38} => new ReaderColumn[]
                  { 
                      new ReaderColumn<Guid>(
                          False, 
                          null, 
                          namelessParameter{38}.Dependencies.Model.FindEntityType("EduConnect.Domain.Entities.PostLike").FindProperty("Id"), 
                          (dataReader, indexMap) => dataReader.GetGuid(0)
                      ), 
                      new ReaderColumn<DateTime>(
                          False, 
                          null, 
                          namelessParameter{38}.Dependencies.Model.FindEntityType("EduConnect.Domain.Entities.PostLike").FindProperty("CreatedAtUtc"), 
                          (dataReader, indexMap) => dataReader.GetDateTime(1)
                      ), 
                      new ReaderColumn<Guid>(
                          False, 
                          null, 
                          namelessParameter{38}.Dependencies.Model.FindEntityType("EduConnect.Domain.Entities.PostLike").FindProperty("PostId"), 
                          (dataReader, indexMap) => dataReader.GetGuid(2)
                      ), 
                      new ReaderColumn<DateTime>(
                          True, 
                          null, 
                          namelessParameter{38}.Dependencies.Model.FindEntityType("EduConnect.Domain.Entities.PostLike").FindProperty("UpdatedAtUtc"), 
                          (dataReader, indexMap) => dataReader.GetDateTime(3)
                      ), 
                      new ReaderColumn<Guid>(
                          False, 
                          null, 
                          namelessParameter{38}.Dependencies.Model.FindEntityType("EduConnect.Domain.Entities.PostLike").FindProperty("UserId"), 
                          (dataReader, indexMap) => dataReader.GetGuid(4)
                      ), 
                      new ReaderColumn<Guid>(
                          False, 
                          null, 
                          default(IPropertyBase), 
                          (dataReader, indexMap) => dataReader.GetGuid(5)
                      ), 
                      new ReaderColumn<Guid>(
                          False, 
                          null, 
                          default(IPropertyBase), 
                          (dataReader, indexMap) => dataReader.GetGuid(6)
                      ), 
                      new ReaderColumn<Guid>(
                          True, 
                          null, 
                          default(IPropertyBase), 
                          (dataReader, indexMap) => dataReader.GetGuid(7)
                      ), 
                      new ReaderColumn<Guid>(
                          True, 
                          null, 
                          default(IPropertyBase), 
                          (dataReader, indexMap) => dataReader.GetGuid(8)
                      ) 
                  }], 
                  detailedErrorsEnabled: False, 
                  resultCoordinator: resultCoordinator, 
                  childIdentifier: [LIFTABLE Constant: Func<QueryContext, DbDataReader, object[]> | Resolver: _ => (queryContext, dataReader) => new object[]
                  { 
                      (object)(Guid?)dataReader.GetGuid(5), 
                      (object)(Guid?)dataReader.GetGuid(6), 
                      (object)dataReader.IsDBNull(7) ? default(Guid?) : (Guid?)dataReader.GetGuid(7), 
                      (object)dataReader.IsDBNull(8) ? default(Guid?) : (Guid?)dataReader.GetGuid(8) 
                  }], 
                  identifierValueComparers: [LIFTABLE Constant: Func<object, object, bool>[] { Func<object, object, bool>, Func<object, object, bool>, Func<object, object, bool>, Func<object, object, bool> } | Resolver: _ => new Func<object, object, bool>[]
                  { 
                      (left, right) => left == null ? right == null : right != null && (Guid)left == (Guid)right, 
                      (left, right) => left == null ? right == null : right != null && (Guid)left == (Guid)right, 
                      (left, right) => left == null ? right == null : right != null && (Guid)left == (Guid)right, 
                      (left, right) => left == null ? right == null : right != null && (Guid)left == (Guid)right 
                  }], 
                  innerShaper: (queryContext, dataReader, resultContext, resultCoordinator) => 
                  {
                      PostLike entity;
                      entity = 
                      {
                          MaterializationContext materializationContext5;
                          IEntityType entityType5;
                          PostLike instance5;
                          materializationContext5 = new MaterializationContext(
                              [LIFTABLE Constant: ValueBuffer | Resolver: _ => (object)ValueBuffer.Empty], 
                              queryContext.Context
                          );
                          instance5 = default(PostLike);
                          (object)dataReader.GetGuid(0) != null ? 
                          {
                              ISnapshot shadowSnapshot5;
                              shadowSnapshot5 = [LIFTABLE Constant: Snapshot | Resolver: _ => Snapshot.Empty];
                              entityType5 = [LIFTABLE Constant: EntityType: PostLike | Resolver: namelessParameter{39} => namelessParameter{39}.Dependencies.Model.FindEntityType("EduConnect.Domain.Entities.PostLike")];
                              instance5 = switch (entityType5)
                              {
                                  case [LIFTABLE Constant: EntityType: PostLike | Resolver: namelessParameter{40} => namelessParameter{40}.Dependencies.Model.FindEntityType("EduConnect.Domain.Entities.PostLike")]: 
                                      {
                                          return 
                                          {
                                              PostLike instance;
                                              instance = new PostLike();
                                              instance.<Id>k__BackingField = dataReader.GetGuid(0);
                                              instance.<CreatedAtUtc>k__BackingField = dataReader.GetDateTime(1);
                                              instance.<PostId>k__BackingField = dataReader.GetGuid(2);
                                              instance.<UpdatedAtUtc>k__BackingField = dataReader.IsDBNull(3) ? default(DateTime?) : (DateTime?)dataReader.GetDateTime(3);
                                              instance.<UserId>k__BackingField = dataReader.GetGuid(4);
                                              (instance is IInjectableService) ? ((IInjectableService)instance).Injected(
                                                  context: materializationContext5.Context, 
                                                  entity: instance, 
                                                  queryTrackingBehavior: NoTracking, 
                                                  structuralType: [LIFTABLE Constant: EntityType: PostLike | Resolver: namelessParameter{41} => namelessParameter{41}.Dependencies.Model.FindEntityType("EduConnect.Domain.Entities.PostLike")]) : default(void);
                                              return instance;
                                          }}
                                  default: 
                                      default(PostLike)
                              }
                              ;
                              return instance5;
                          } : 
                          {
                              object[] keyValues5;
                              keyValues5 = new object[]{ (object)dataReader.GetGuid(0) };
                              return ShapedQueryCompilingExpressionVisitor.CreateNullKeyValueInNoTrackingQuery(
                                  entityType: [LIFTABLE Constant: EntityType: PostLike | Resolver: namelessParameter{42} => namelessParameter{42}.Dependencies.Model.FindEntityType("EduConnect.Domain.Entities.PostLike")], 
                                  properties: [LIFTABLE Constant: List<RuntimeProperty> { Property: PostLike.Id (Guid) Required PK AfterSave:Throw ValueGenerated.OnAdd } | Resolver: c => c.Dependencies.Model.FindEntityType("EduConnect.Domain.Entities.PostLike").FindPrimaryKey().Properties], 
                                  keyValues: keyValues5);
                          };
                          return instance5;
                      };
                      return entity;
                  }, 
                  relatedDataLoaders: null, 
                  inverseNavigation: [LIFTABLE Constant: Navigation: PostLike.Post (Post) Required ToPrincipal Post Inverse: Likes | Resolver: namelessParameter{43} => namelessParameter{43}.Dependencies.Model.FindEntityType("EduConnect.Domain.Entities.PostLike").FindNavigation("Post")], 
                  fixup: (namelessParameter{44}, namelessParameter{45}) => 
                  {
                      [LIFTABLE Constant: ClrCollectionAccessor<Post, ICollection<PostLike>, PostLike> | Resolver: namelessParameter{46} => namelessParameter{46}.Dependencies.Model.FindEntityType("EduConnect.Domain.Entities.Post").FindNavigation("Likes").GetCollectionAccessor()].Add(
                          entity: namelessParameter{44}, 
                          value: namelessParameter{45}, 
                          forMaterialization: True);
                      return namelessParameter{45}.<Post>k__BackingField = namelessParameter{44};
                  }, 
                  trackingQuery: False), 
              () => ShaperProcessingExpressionVisitor.PopulateSplitIncludeCollectionAsync<Post, PostComment>(
                  collectionId: 1, 
                  queryContext: (RelationalQueryContext)queryContext, 
                  executionStrategy: executionStrategy, 
                  relationalCommandResolver: parameters => [LIFTABLE Constant: RelationalCommandCache.QueryExpression(
                      Client Projections:
                          0 -> Dictionary<IPropertyBase, int> { [Property: PostComment.Id (Guid) Required PK AfterSave:Throw ValueGenerated.OnAdd, 0], [Property: PostComment.Content (string) Required MaxLength(500), 1], [Property: PostComment.CreatedAtUtc (DateTime) Required, 2], [Property: PostComment.PostId (Guid) Required FK Index, 3], [Property: PostComment.UpdatedAtUtc (DateTime?), 4], [Property: PostComment.UserId (Guid) Required FK Index, 5] }
                          1 -> 6
                          2 -> 7
                          3 -> 8
                          4 -> 9
                      SELECT p2.Id, p2.Content, p2.CreatedAtUtc, p2.PostId, p2.UpdatedAtUtc, p2.UserId, p0.Id, u.Id, s.Id, g.Id
                      FROM 
                      (
                          SELECT p.Id, p.CreatedAtUtc, p.GroupId, p.UserId
                          FROM Posts AS p
                          WHERE Not(p.IsDeleted)
                          ORDER BY p.CreatedAtUtc DESC
                          OFFSET @p ROWS FETCH NEXT @p1 ROWS ONLY
                      ) AS p0
                      INNER JOIN Users AS u ON p0.UserId == u.Id
                      LEFT JOIN StudentProfiles AS s ON u.Id == s.UserId
                      LEFT JOIN Groups AS g ON p0.GroupId == g.Id
                      INNER JOIN PostComments AS p2 ON p0.Id == p2.PostId
                      ORDER BY p0.CreatedAtUtc DESC, p0.Id ASC, u.Id ASC, s.Id ASC, g.Id ASC) | Resolver: c => new RelationalCommandCache(
                      c.Dependencies.MemoryCache, 
                      c.RelationalDependencies.QuerySqlGeneratorFactory, 
                      c.RelationalDependencies.RelationalParameterBasedSqlProcessorFactory, 
                      Client Projections:
                          0 -> Dictionary<IPropertyBase, int> { [Property: PostComment.Id (Guid) Required PK AfterSave:Throw ValueGenerated.OnAdd, 0], [Property: PostComment.Content (string) Required MaxLength(500), 1], [Property: PostComment.CreatedAtUtc (DateTime) Required, 2], [Property: PostComment.PostId (Guid) Required FK Index, 3], [Property: PostComment.UpdatedAtUtc (DateTime?), 4], [Property: PostComment.UserId (Guid) Required FK Index, 5] }
                          1 -> 6
                          2 -> 7
                          3 -> 8
                          4 -> 9
                      SELECT p2.Id, p2.Content, p2.CreatedAtUtc, p2.PostId, p2.UpdatedAtUtc, p2.UserId, p0.Id, u.Id, s.Id, g.Id
                      FROM 
                      (
                          SELECT p.Id, p.CreatedAtUtc, p.GroupId, p.UserId
                          FROM Posts AS p
                          WHERE Not(p.IsDeleted)
                          ORDER BY p.CreatedAtUtc DESC
                          OFFSET @p ROWS FETCH NEXT @p1 ROWS ONLY
                      ) AS p0
                      INNER JOIN Users AS u ON p0.UserId == u.Id
                      LEFT JOIN StudentProfiles AS s ON u.Id == s.UserId
                      LEFT JOIN Groups AS g ON p0.GroupId == g.Id
                      INNER JOIN PostComments AS p2 ON p0.Id == p2.PostId
                      ORDER BY p0.CreatedAtUtc DESC, p0.Id ASC, u.Id ASC, s.Id ASC, g.Id ASC, 
                      False, 
                      MultipleParameters
                  )].GetRelationalCommandTemplate(parameters), 
                  readerColumns: [LIFTABLE Constant: ReaderColumn[] { ReaderColumn<Guid>, ReaderColumn<object>, ReaderColumn<DateTime>, ReaderColumn<Guid>, ReaderColumn<DateTime>, ReaderColumn<Guid>, ReaderColumn<Guid>, ReaderColumn<Guid>, ReaderColumn<Guid>, ReaderColumn<Guid> } | Resolver: namelessParameter{47} => new ReaderColumn[]
                  { 
                      new ReaderColumn<Guid>(
                          False, 
                          null, 
                          namelessParameter{47}.Dependencies.Model.FindEntityType("EduConnect.Domain.Entities.PostComment").FindProperty("Id"), 
                          (dataReader, indexMap) => dataReader.GetGuid(0)
                      ), 
                      new ReaderColumn<object>(
                          False, 
                          null, 
                          namelessParameter{47}.Dependencies.Model.FindEntityType("EduConnect.Domain.Entities.PostComment").FindProperty("Content"), 
                          (dataReader, indexMap) => (object)dataReader.GetString(1)
                      ), 
                      new ReaderColumn<DateTime>(
                          False, 
                          null, 
                          namelessParameter{47}.Dependencies.Model.FindEntityType("EduConnect.Domain.Entities.PostComment").FindProperty("CreatedAtUtc"), 
                          (dataReader, indexMap) => dataReader.GetDateTime(2)
                      ), 
                      new ReaderColumn<Guid>(
                          False, 
                          null, 
                          namelessParameter{47}.Dependencies.Model.FindEntityType("EduConnect.Domain.Entities.PostComment").FindProperty("PostId"), 
                          (dataReader, indexMap) => dataReader.GetGuid(3)
                      ), 
                      new ReaderColumn<DateTime>(
                          True, 
                          null, 
                          namelessParameter{47}.Dependencies.Model.FindEntityType("EduConnect.Domain.Entities.PostComment").FindProperty("UpdatedAtUtc"), 
                          (dataReader, indexMap) => dataReader.GetDateTime(4)
                      ), 
                      new ReaderColumn<Guid>(
                          False, 
                          null, 
                          namelessParameter{47}.Dependencies.Model.FindEntityType("EduConnect.Domain.Entities.PostComment").FindProperty("UserId"), 
                          (dataReader, indexMap) => dataReader.GetGuid(5)
                      ), 
                      new ReaderColumn<Guid>(
                          False, 
                          null, 
                          default(IPropertyBase), 
                          (dataReader, indexMap) => dataReader.GetGuid(6)
                      ), 
                      new ReaderColumn<Guid>(
                          False, 
                          null, 
                          default(IPropertyBase), 
                          (dataReader, indexMap) => dataReader.GetGuid(7)
                      ), 
                      new ReaderColumn<Guid>(
                          True, 
                          null, 
                          default(IPropertyBase), 
                          (dataReader, indexMap) => dataReader.GetGuid(8)
                      ), 
                      new ReaderColumn<Guid>(
                          True, 
                          null, 
                          default(IPropertyBase), 
                          (dataReader, indexMap) => dataReader.GetGuid(9)
                      ) 
                  }], 
                  detailedErrorsEnabled: False, 
                  resultCoordinator: resultCoordinator, 
                  childIdentifier: [LIFTABLE Constant: Func<QueryContext, DbDataReader, object[]> | Resolver: _ => (queryContext, dataReader) => new object[]
                  { 
                      (object)(Guid?)dataReader.GetGuid(6), 
                      (object)(Guid?)dataReader.GetGuid(7), 
                      (object)dataReader.IsDBNull(8) ? default(Guid?) : (Guid?)dataReader.GetGuid(8), 
                      (object)dataReader.IsDBNull(9) ? default(Guid?) : (Guid?)dataReader.GetGuid(9) 
                  }], 
                  identifierValueComparers: [LIFTABLE Constant: Func<object, object, bool>[] { Func<object, object, bool>, Func<object, object, bool>, Func<object, object, bool>, Func<object, object, bool> } | Resolver: _ => new Func<object, object, bool>[]
                  { 
                      (left, right) => left == null ? right == null : right != null && (Guid)left == (Guid)right, 
                      (left, right) => left == null ? right == null : right != null && (Guid)left == (Guid)right, 
                      (left, right) => left == null ? right == null : right != null && (Guid)left == (Guid)right, 
                      (left, right) => left == null ? right == null : right != null && (Guid)left == (Guid)right 
                  }], 
                  innerShaper: (queryContext, dataReader, resultContext, resultCoordinator) => 
                  {
                      PostComment entity;
                      entity = 
                      {
                          MaterializationContext materializationContext6;
                          IEntityType entityType6;
                          PostComment instance6;
                          materializationContext6 = new MaterializationContext(
                              [LIFTABLE Constant: ValueBuffer | Resolver: _ => (object)ValueBuffer.Empty], 
                              queryContext.Context
                          );
                          instance6 = default(PostComment);
                          (object)dataReader.GetGuid(0) != null ? 
                          {
                              ISnapshot shadowSnapshot6;
                              shadowSnapshot6 = [LIFTABLE Constant: Snapshot | Resolver: _ => Snapshot.Empty];
                              entityType6 = [LIFTABLE Constant: EntityType: PostComment | Resolver: namelessParameter{48} => namelessParameter{48}.Dependencies.Model.FindEntityType("EduConnect.Domain.Entities.PostComment")];
                              instance6 = switch (entityType6)
                              {
                                  case [LIFTABLE Constant: EntityType: PostComment | Resolver: namelessParameter{49} => namelessParameter{49}.Dependencies.Model.FindEntityType("EduConnect.Domain.Entities.PostComment")]: 
                                      {
                                          return 
                                          {
                                              PostComment instance;
                                              instance = new PostComment();
                                              instance.<Id>k__BackingField = dataReader.GetGuid(0);
                                              instance.<Content>k__BackingField = (string)dataReader.GetFieldValue<object>(1);
                                              instance.<CreatedAtUtc>k__BackingField = dataReader.GetDateTime(2);
                                              instance.<PostId>k__BackingField = dataReader.GetGuid(3);
                                              instance.<UpdatedAtUtc>k__BackingField = dataReader.IsDBNull(4) ? default(DateTime?) : (DateTime?)dataReader.GetDateTime(4);
                                              instance.<UserId>k__BackingField = dataReader.GetGuid(5);
                                              (instance is IInjectableService) ? ((IInjectableService)instance).Injected(
                                                  context: materializationContext6.Context, 
                                                  entity: instance, 
                                                  queryTrackingBehavior: NoTracking, 
                                                  structuralType: [LIFTABLE Constant: EntityType: PostComment | Resolver: namelessParameter{50} => namelessParameter{50}.Dependencies.Model.FindEntityType("EduConnect.Domain.Entities.PostComment")]) : default(void);
                                              return instance;
                                          }}
                                  default: 
                                      default(PostComment)
                              }
                              ;
                              return instance6;
                          } : 
                          {
                              object[] keyValues6;
                              keyValues6 = new object[]{ (object)dataReader.GetGuid(0) };
                              return ShapedQueryCompilingExpressionVisitor.CreateNullKeyValueInNoTrackingQuery(
                                  entityType: [LIFTABLE Constant: EntityType: PostComment | Resolver: namelessParameter{51} => namelessParameter{51}.Dependencies.Model.FindEntityType("EduConnect.Domain.Entities.PostComment")], 
                                  properties: [LIFTABLE Constant: List<RuntimeProperty> { Property: PostComment.Id (Guid) Required PK AfterSave:Throw ValueGenerated.OnAdd } | Resolver: c => c.Dependencies.Model.FindEntityType("EduConnect.Domain.Entities.PostComment").FindPrimaryKey().Properties], 
                                  keyValues: keyValues6);
                          };
                          return instance6;
                      };
                      return entity;
                  }, 
                  relatedDataLoaders: null, 
                  inverseNavigation: [LIFTABLE Constant: Navigation: PostComment.Post (Post) Required ToPrincipal Post Inverse: Comments | Resolver: namelessParameter{52} => namelessParameter{52}.Dependencies.Model.FindEntityType("EduConnect.Domain.Entities.PostComment").FindNavigation("Post")], 
                  fixup: (namelessParameter{53}, namelessParameter{54}) => 
                  {
                      [LIFTABLE Constant: ClrCollectionAccessor<Post, ICollection<PostComment>, PostComment> | Resolver: namelessParameter{55} => namelessParameter{55}.Dependencies.Model.FindEntityType("EduConnect.Domain.Entities.Post").FindNavigation("Comments").GetCollectionAccessor()].Add(
                          entity: namelessParameter{53}, 
                          value: namelessParameter{54}, 
                          forMaterialization: True);
                      return namelessParameter{54}.<Post>k__BackingField = namelessParameter{53};
                  }, 
                  trackingQuery: False), 
              () => ShaperProcessingExpressionVisitor.PopulateSplitIncludeCollectionAsync<Post, PostBookmark>(
                  collectionId: 2, 
                  queryContext: (RelationalQueryContext)queryContext, 
                  executionStrategy: executionStrategy, 
                  relationalCommandResolver: parameters => [LIFTABLE Constant: RelationalCommandCache.QueryExpression(
                      Client Projections:
                          0 -> Dictionary<IPropertyBase, int> { [Property: PostBookmark.Id (Guid) Required PK AfterSave:Throw ValueGenerated.OnAdd, 0], [Property: PostBookmark.CreatedAtUtc (DateTime) Required, 1], [Property: PostBookmark.PostId (Guid) Required FK Index, 2], [Property: PostBookmark.UpdatedAtUtc (DateTime?), 3], [Property: PostBookmark.UserId (Guid) Required FK Index, 4] }
                          1 -> 5
                          2 -> 6
                          3 -> 7
                          4 -> 8
                      SELECT p3.Id, p3.CreatedAtUtc, p3.PostId, p3.UpdatedAtUtc, p3.UserId, p0.Id, u.Id, s.Id, g.Id
                      FROM 
                      (
                          SELECT p.Id, p.CreatedAtUtc, p.GroupId, p.UserId
                          FROM Posts AS p
                          WHERE Not(p.IsDeleted)
                          ORDER BY p.CreatedAtUtc DESC
                          OFFSET @p ROWS FETCH NEXT @p1 ROWS ONLY
                      ) AS p0
                      INNER JOIN Users AS u ON p0.UserId == u.Id
                      LEFT JOIN StudentProfiles AS s ON u.Id == s.UserId
                      LEFT JOIN Groups AS g ON p0.GroupId == g.Id
                      INNER JOIN PostBookmarks AS p3 ON p0.Id == p3.PostId
                      ORDER BY p0.CreatedAtUtc DESC, p0.Id ASC, u.Id ASC, s.Id ASC, g.Id ASC) | Resolver: c => new RelationalCommandCache(
                      c.Dependencies.MemoryCache, 
                      c.RelationalDependencies.QuerySqlGeneratorFactory, 
                      c.RelationalDependencies.RelationalParameterBasedSqlProcessorFactory, 
                      Client Projections:
                          0 -> Dictionary<IPropertyBase, int> { [Property: PostBookmark.Id (Guid) Required PK AfterSave:Throw ValueGenerated.OnAdd, 0], [Property: PostBookmark.CreatedAtUtc (DateTime) Required, 1], [Property: PostBookmark.PostId (Guid) Required FK Index, 2], [Property: PostBookmark.UpdatedAtUtc (DateTime?), 3], [Property: PostBookmark.UserId (Guid) Required FK Index, 4] }
                          1 -> 5
                          2 -> 6
                          3 -> 7
                          4 -> 8
                      SELECT p3.Id, p3.CreatedAtUtc, p3.PostId, p3.UpdatedAtUtc, p3.UserId, p0.Id, u.Id, s.Id, g.Id
                      FROM 
                      (
                          SELECT p.Id, p.CreatedAtUtc, p.GroupId, p.UserId
                          FROM Posts AS p
                          WHERE Not(p.IsDeleted)
                          ORDER BY p.CreatedAtUtc DESC
                          OFFSET @p ROWS FETCH NEXT @p1 ROWS ONLY
                      ) AS p0
                      INNER JOIN Users AS u ON p0.UserId == u.Id
                      LEFT JOIN StudentProfiles AS s ON u.Id == s.UserId
                      LEFT JOIN Groups AS g ON p0.GroupId == g.Id
                      INNER JOIN PostBookmarks AS p3 ON p0.Id == p3.PostId
                      ORDER BY p0.CreatedAtUtc DESC, p0.Id ASC, u.Id ASC, s.Id ASC, g.Id ASC, 
                      False, 
                      MultipleParameters
                  )].GetRelationalCommandTemplate(parameters), 
                  readerColumns: [LIFTABLE Constant: ReaderColumn[] { ReaderColumn<Guid>, ReaderColumn<DateTime>, ReaderColumn<Guid>, ReaderColumn<DateTime>, ReaderColumn<Guid>, ReaderColumn<Guid>, ReaderColumn<Guid>, ReaderColumn<Guid>, ReaderColumn<Guid> } | Resolver: namelessParameter{56} => new ReaderColumn[]
                  { 
                      new ReaderColumn<Guid>(
                          False, 
                          null, 
                          namelessParameter{56}.Dependencies.Model.FindEntityType("EduConnect.Domain.Entities.PostBookmark").FindProperty("Id"), 
                          (dataReader, indexMap) => dataReader.GetGuid(0)
                      ), 
                      new ReaderColumn<DateTime>(
                          False, 
                          null, 
                          namelessParameter{56}.Dependencies.Model.FindEntityType("EduConnect.Domain.Entities.PostBookmark").FindProperty("CreatedAtUtc"), 
                          (dataReader, indexMap) => dataReader.GetDateTime(1)
                      ), 
                      new ReaderColumn<Guid>(
                          False, 
                          null, 
                          namelessParameter{56}.Dependencies.Model.FindEntityType("EduConnect.Domain.Entities.PostBookmark").FindProperty("PostId"), 
                          (dataReader, indexMap) => dataReader.GetGuid(2)
                      ), 
                      new ReaderColumn<DateTime>(
                          True, 
                          null, 
                          namelessParameter{56}.Dependencies.Model.FindEntityType("EduConnect.Domain.Entities.PostBookmark").FindProperty("UpdatedAtUtc"), 
                          (dataReader, indexMap) => dataReader.GetDateTime(3)
                      ), 
                      new ReaderColumn<Guid>(
                          False, 
                          null, 
                          namelessParameter{56}.Dependencies.Model.FindEntityType("EduConnect.Domain.Entities.PostBookmark").FindProperty("UserId"), 
                          (dataReader, indexMap) => dataReader.GetGuid(4)
                      ), 
                      new ReaderColumn<Guid>(
                          False, 
                          null, 
                          default(IPropertyBase), 
                          (dataReader, indexMap) => dataReader.GetGuid(5)
                      ), 
                      new ReaderColumn<Guid>(
                          False, 
                          null, 
                          default(IPropertyBase), 
                          (dataReader, indexMap) => dataReader.GetGuid(6)
                      ), 
                      new ReaderColumn<Guid>(
                          True, 
                          null, 
                          default(IPropertyBase), 
                          (dataReader, indexMap) => dataReader.GetGuid(7)
                      ), 
                      new ReaderColumn<Guid>(
                          True, 
                          null, 
                          default(IPropertyBase), 
                          (dataReader, indexMap) => dataReader.GetGuid(8)
                      ) 
                  }], 
                  detailedErrorsEnabled: False, 
                  resultCoordinator: resultCoordinator, 
                  childIdentifier: [LIFTABLE Constant: Func<QueryContext, DbDataReader, object[]> | Resolver: _ => (queryContext, dataReader) => new object[]
                  { 
                      (object)(Guid?)dataReader.GetGuid(5), 
                      (object)(Guid?)dataReader.GetGuid(6), 
                      (object)dataReader.IsDBNull(7) ? default(Guid?) : (Guid?)dataReader.GetGuid(7), 
                      (object)dataReader.IsDBNull(8) ? default(Guid?) : (Guid?)dataReader.GetGuid(8) 
                  }], 
                  identifierValueComparers: [LIFTABLE Constant: Func<object, object, bool>[] { Func<object, object, bool>, Func<object, object, bool>, Func<object, object, bool>, Func<object, object, bool> } | Resolver: _ => new Func<object, object, bool>[]
                  { 
                      (left, right) => left == null ? right == null : right != null && (Guid)left == (Guid)right, 
                      (left, right) => left == null ? right == null : right != null && (Guid)left == (Guid)right, 
                      (left, right) => left == null ? right == null : right != null && (Guid)left == (Guid)right, 
                      (left, right) => left == null ? right == null : right != null && (Guid)left == (Guid)right 
                  }], 
                  innerShaper: (queryContext, dataReader, resultContext, resultCoordinator) => 
                  {
                      PostBookmark entity;
                      entity = 
                      {
                          MaterializationContext materializationContext7;
                          IEntityType entityType7;
                          PostBookmark instance7;
                          materializationContext7 = new MaterializationContext(
                              [LIFTABLE Constant: ValueBuffer | Resolver: _ => (object)ValueBuffer.Empty], 
                              queryContext.Context
                          );
                          instance7 = default(PostBookmark);
                          (object)dataReader.GetGuid(0) != null ? 
                          {
                              ISnapshot shadowSnapshot7;
                              shadowSnapshot7 = [LIFTABLE Constant: Snapshot | Resolver: _ => Snapshot.Empty];
                              entityType7 = [LIFTABLE Constant: EntityType: PostBookmark | Resolver: namelessParameter{57} => namelessParameter{57}.Dependencies.Model.FindEntityType("EduConnect.Domain.Entities.PostBookmark")];
                              instance7 = switch (entityType7)
                              {
                                  case [LIFTABLE Constant: EntityType: PostBookmark | Resolver: namelessParameter{58} => namelessParameter{58}.Dependencies.Model.FindEntityType("EduConnect.Domain.Entities.PostBookmark")]: 
                                      {
                                          return 
                                          {
                                              PostBookmark instance;
                                              instance = new PostBookmark();
                                              instance.<Id>k__BackingField = dataReader.GetGuid(0);
                                              instance.<CreatedAtUtc>k__BackingField = dataReader.GetDateTime(1);
                                              instance.<PostId>k__BackingField = dataReader.GetGuid(2);
                                              instance.<UpdatedAtUtc>k__BackingField = dataReader.IsDBNull(3) ? default(DateTime?) : (DateTime?)dataReader.GetDateTime(3);
                                              instance.<UserId>k__BackingField = dataReader.GetGuid(4);
                                              (instance is IInjectableService) ? ((IInjectableService)instance).Injected(
                                                  context: materializationContext7.Context, 
                                                  entity: instance, 
                                                  queryTrackingBehavior: NoTracking, 
                                                  structuralType: [LIFTABLE Constant: EntityType: PostBookmark | Resolver: namelessParameter{59} => namelessParameter{59}.Dependencies.Model.FindEntityType("EduConnect.Domain.Entities.PostBookmark")]) : default(void);
                                              return instance;
                                          }}
                                  default: 
                                      default(PostBookmark)
                              }
                              ;
                              return instance7;
                          } : 
                          {
                              object[] keyValues7;
                              keyValues7 = new object[]{ (object)dataReader.GetGuid(0) };
                              return ShapedQueryCompilingExpressionVisitor.CreateNullKeyValueInNoTrackingQuery(
                                  entityType: [LIFTABLE Constant: EntityType: PostBookmark | Resolver: namelessParameter{60} => namelessParameter{60}.Dependencies.Model.FindEntityType("EduConnect.Domain.Entities.PostBookmark")], 
                                  properties: [LIFTABLE Constant: List<RuntimeProperty> { Property: PostBookmark.Id (Guid) Required PK AfterSave:Throw ValueGenerated.OnAdd } | Resolver: c => c.Dependencies.Model.FindEntityType("EduConnect.Domain.Entities.PostBookmark").FindPrimaryKey().Properties], 
                                  keyValues: keyValues7);
                          };
                          return instance7;
                      };
                      return entity;
                  }, 
                  relatedDataLoaders: null, 
                  inverseNavigation: [LIFTABLE Constant: Navigation: PostBookmark.Post (Post) Required ToPrincipal Post Inverse: Bookmarks | Resolver: namelessParameter{61} => namelessParameter{61}.Dependencies.Model.FindEntityType("EduConnect.Domain.Entities.PostBookmark").FindNavigation("Post")], 
                  fixup: (namelessParameter{62}, namelessParameter{63}) => 
                  {
                      [LIFTABLE Constant: ClrCollectionAccessor<Post, ICollection<PostBookmark>, PostBookmark> | Resolver: namelessParameter{64} => namelessParameter{64}.Dependencies.Model.FindEntityType("EduConnect.Domain.Entities.Post").FindNavigation("Bookmarks").GetCollectionAccessor()].Add(
                          entity: namelessParameter{62}, 
                          value: namelessParameter{63}, 
                          forMaterialization: True);
                      return namelessParameter{63}.<Post>k__BackingField = namelessParameter{62};
                  }, 
                  trackingQuery: False), 
              () => ShaperProcessingExpressionVisitor.PopulateSplitIncludeCollectionAsync<Post, PostView>(
                  collectionId: 3, 
                  queryContext: (RelationalQueryContext)queryContext, 
                  executionStrategy: executionStrategy, 
                  relationalCommandResolver: parameters => [LIFTABLE Constant: RelationalCommandCache.QueryExpression(
                      Client Projections:
                          0 -> Dictionary<IPropertyBase, int> { [Property: PostView.Id (Guid) Required PK AfterSave:Throw ValueGenerated.OnAdd, 0], [Property: PostView.CreatedAtUtc (DateTime) Required, 1], [Property: PostView.PostId (Guid) Required FK Index, 2], [Property: PostView.UpdatedAtUtc (DateTime?), 3], [Property: PostView.UserId (Guid) Required FK Index, 4] }
                          1 -> 5
                          2 -> 6
                          3 -> 7
                          4 -> 8
                      SELECT p4.Id, p4.CreatedAtUtc, p4.PostId, p4.UpdatedAtUtc, p4.UserId, p0.Id, u.Id, s.Id, g.Id
                      FROM 
                      (
                          SELECT p.Id, p.CreatedAtUtc, p.GroupId, p.UserId
                          FROM Posts AS p
                          WHERE Not(p.IsDeleted)
                          ORDER BY p.CreatedAtUtc DESC
                          OFFSET @p ROWS FETCH NEXT @p1 ROWS ONLY
                      ) AS p0
                      INNER JOIN Users AS u ON p0.UserId == u.Id
                      LEFT JOIN StudentProfiles AS s ON u.Id == s.UserId
                      LEFT JOIN Groups AS g ON p0.GroupId == g.Id
                      INNER JOIN PostViews AS p4 ON p0.Id == p4.PostId
                      ORDER BY p0.CreatedAtUtc DESC, p0.Id ASC, u.Id ASC, s.Id ASC, g.Id ASC) | Resolver: c => new RelationalCommandCache(
                      c.Dependencies.MemoryCache, 
                      c.RelationalDependencies.QuerySqlGeneratorFactory, 
                      c.RelationalDependencies.RelationalParameterBasedSqlProcessorFactory, 
                      Client Projections:
                          0 -> Dictionary<IPropertyBase, int> { [Property: PostView.Id (Guid) Required PK AfterSave:Throw ValueGenerated.OnAdd, 0], [Property: PostView.CreatedAtUtc (DateTime) Required, 1], [Property: PostView.PostId (Guid) Required FK Index, 2], [Property: PostView.UpdatedAtUtc (DateTime?), 3], [Property: PostView.UserId (Guid) Required FK Index, 4] }
                          1 -> 5
                          2 -> 6
                          3 -> 7
                          4 -> 8
                      SELECT p4.Id, p4.CreatedAtUtc, p4.PostId, p4.UpdatedAtUtc, p4.UserId, p0.Id, u.Id, s.Id, g.Id
                      FROM 
                      (
                          SELECT p.Id, p.CreatedAtUtc, p.GroupId, p.UserId
                          FROM Posts AS p
                          WHERE Not(p.IsDeleted)
                          ORDER BY p.CreatedAtUtc DESC
                          OFFSET @p ROWS FETCH NEXT @p1 ROWS ONLY
                      ) AS p0
                      INNER JOIN Users AS u ON p0.UserId == u.Id
                      LEFT JOIN StudentProfiles AS s ON u.Id == s.UserId
                      LEFT JOIN Groups AS g ON p0.GroupId == g.Id
                      INNER JOIN PostViews AS p4 ON p0.Id == p4.PostId
                      ORDER BY p0.CreatedAtUtc DESC, p0.Id ASC, u.Id ASC, s.Id ASC, g.Id ASC, 
                      False, 
                      MultipleParameters
                  )].GetRelationalCommandTemplate(parameters), 
                  readerColumns: [LIFTABLE Constant: ReaderColumn[] { ReaderColumn<Guid>, ReaderColumn<DateTime>, ReaderColumn<Guid>, ReaderColumn<DateTime>, ReaderColumn<Guid>, ReaderColumn<Guid>, ReaderColumn<Guid>, ReaderColumn<Guid>, ReaderColumn<Guid> } | Resolver: namelessParameter{65} => new ReaderColumn[]
                  { 
                      new ReaderColumn<Guid>(
                          False, 
                          null, 
                          namelessParameter{65}.Dependencies.Model.FindEntityType("EduConnect.Domain.Entities.PostView").FindProperty("Id"), 
                          (dataReader, indexMap) => dataReader.GetGuid(0)
                      ), 
                      new ReaderColumn<DateTime>(
                          False, 
                          null, 
                          namelessParameter{65}.Dependencies.Model.FindEntityType("EduConnect.Domain.Entities.PostView").FindProperty("CreatedAtUtc"), 
                          (dataReader, indexMap) => dataReader.GetDateTime(1)
                      ), 
                      new ReaderColumn<Guid>(
                          False, 
                          null, 
                          namelessParameter{65}.Dependencies.Model.FindEntityType("EduConnect.Domain.Entities.PostView").FindProperty("PostId"), 
                          (dataReader, indexMap) => dataReader.GetGuid(2)
                      ), 
                      new ReaderColumn<DateTime>(
                          True, 
                          null, 
                          namelessParameter{65}.Dependencies.Model.FindEntityType("EduConnect.Domain.Entities.PostView").FindProperty("UpdatedAtUtc"), 
                          (dataReader, indexMap) => dataReader.GetDateTime(3)
                      ), 
                      new ReaderColumn<Guid>(
                          False, 
                          null, 
                          namelessParameter{65}.Dependencies.Model.FindEntityType("EduConnect.Domain.Entities.PostView").FindProperty("UserId"), 
                          (dataReader, indexMap) => dataReader.GetGuid(4)
                      ), 
                      new ReaderColumn<Guid>(
                          False, 
                          null, 
                          default(IPropertyBase), 
                          (dataReader, indexMap) => dataReader.GetGuid(5)
                      ), 
                      new ReaderColumn<Guid>(
                          False, 
                          null, 
                          default(IPropertyBase), 
                          (dataReader, indexMap) => dataReader.GetGuid(6)
                      ), 
                      new ReaderColumn<Guid>(
                          True, 
                          null, 
                          default(IPropertyBase), 
                          (dataReader, indexMap) => dataReader.GetGuid(7)
                      ), 
                      new ReaderColumn<Guid>(
                          True, 
                          null, 
                          default(IPropertyBase), 
                          (dataReader, indexMap) => dataReader.GetGuid(8)
                      ) 
                  }], 
                  detailedErrorsEnabled: False, 
                  resultCoordinator: resultCoordinator, 
                  childIdentifier: [LIFTABLE Constant: Func<QueryContext, DbDataReader, object[]> | Resolver: _ => (queryContext, dataReader) => new object[]
                  { 
                      (object)(Guid?)dataReader.GetGuid(5), 
                      (object)(Guid?)dataReader.GetGuid(6), 
                      (object)dataReader.IsDBNull(7) ? default(Guid?) : (Guid?)dataReader.GetGuid(7), 
                      (object)dataReader.IsDBNull(8) ? default(Guid?) : (Guid?)dataReader.GetGuid(8) 
                  }], 
                  identifierValueComparers: [LIFTABLE Constant: Func<object, object, bool>[] { Func<object, object, bool>, Func<object, object, bool>, Func<object, object, bool>, Func<object, object, bool> } | Resolver: _ => new Func<object, object, bool>[]
                  { 
                      (left, right) => left == null ? right == null : right != null && (Guid)left == (Guid)right, 
                      (left, right) => left == null ? right == null : right != null && (Guid)left == (Guid)right, 
                      (left, right) => left == null ? right == null : right != null && (Guid)left == (Guid)right, 
                      (left, right) => left == null ? right == null : right != null && (Guid)left == (Guid)right 
                  }], 
                  innerShaper: (queryContext, dataReader, resultContext, resultCoordinator) => 
                  {
                      PostView entity;
                      entity = 
                      {
                          MaterializationContext materializationContext8;
                          IEntityType entityType8;
                          PostView instance8;
                          materializationContext8 = new MaterializationContext(
                              [LIFTABLE Constant: ValueBuffer | Resolver: _ => (object)ValueBuffer.Empty], 
                              queryContext.Context
                          );
                          instance8 = default(PostView);
                          (object)dataReader.GetGuid(0) != null ? 
                          {
                              ISnapshot shadowSnapshot8;
                              shadowSnapshot8 = [LIFTABLE Constant: Snapshot | Resolver: _ => Snapshot.Empty];
                              entityType8 = [LIFTABLE Constant: EntityType: PostView | Resolver: namelessParameter{66} => namelessParameter{66}.Dependencies.Model.FindEntityType("EduConnect.Domain.Entities.PostView")];
                              instance8 = switch (entityType8)
                              {
                                  case [LIFTABLE Constant: EntityType: PostView | Resolver: namelessParameter{67} => namelessParameter{67}.Dependencies.Model.FindEntityType("EduConnect.Domain.Entities.PostView")]: 
                                      {
                                          return 
                                          {
                                              PostView instance;
                                              instance = new PostView();
                                              instance.<Id>k__BackingField = dataReader.GetGuid(0);
                                              instance.<CreatedAtUtc>k__BackingField = dataReader.GetDateTime(1);
                                              instance.<PostId>k__BackingField = dataReader.GetGuid(2);
                                              instance.<UpdatedAtUtc>k__BackingField = dataReader.IsDBNull(3) ? default(DateTime?) : (DateTime?)dataReader.GetDateTime(3);
                                              instance.<UserId>k__BackingField = dataReader.GetGuid(4);
                                              (instance is IInjectableService) ? ((IInjectableService)instance).Injected(
                                                  context: materializationContext8.Context, 
                                                  entity: instance, 
                                                  queryTrackingBehavior: NoTracking, 
                                                  structuralType: [LIFTABLE Constant: EntityType: PostView | Resolver: namelessParameter{68} => namelessParameter{68}.Dependencies.Model.FindEntityType("EduConnect.Domain.Entities.PostView")]) : default(void);
                                              return instance;
                                          }}
                                  default: 
                                      default(PostView)
                              }
                              ;
                              return instance8;
                          } : 
                          {
                              object[] keyValues8;
                              keyValues8 = new object[]{ (object)dataReader.GetGuid(0) };
                              return ShapedQueryCompilingExpressionVisitor.CreateNullKeyValueInNoTrackingQuery(
                                  entityType: [LIFTABLE Constant: EntityType: PostView | Resolver: namelessParameter{69} => namelessParameter{69}.Dependencies.Model.FindEntityType("EduConnect.Domain.Entities.PostView")], 
                                  properties: [LIFTABLE Constant: List<RuntimeProperty> { Property: PostView.Id (Guid) Required PK AfterSave:Throw ValueGenerated.OnAdd } | Resolver: c => c.Dependencies.Model.FindEntityType("EduConnect.Domain.Entities.PostView").FindPrimaryKey().Properties], 
                                  keyValues: keyValues8);
                          };
                          return instance8;
                      };
                      return entity;
                  }, 
                  relatedDataLoaders: null, 
                  inverseNavigation: [LIFTABLE Constant: Navigation: PostView.Post (Post) Required ToPrincipal Post Inverse: Views | Resolver: namelessParameter{70} => namelessParameter{70}.Dependencies.Model.FindEntityType("EduConnect.Domain.Entities.PostView").FindNavigation("Post")], 
                  fixup: (namelessParameter{71}, namelessParameter{72}) => 
                  {
                      [LIFTABLE Constant: ClrCollectionAccessor<Post, ICollection<PostView>, PostView> | Resolver: namelessParameter{73} => namelessParameter{73}.Dependencies.Model.FindEntityType("EduConnect.Domain.Entities.Post").FindNavigation("Views").GetCollectionAccessor()].Add(
                          entity: namelessParameter{71}, 
                          value: namelessParameter{72}, 
                          forMaterialization: True);
                      return namelessParameter{72}.<Post>k__BackingField = namelessParameter{71};
                  }, 
                  trackingQuery: False) 
          }), 
          contextType: EduConnect.Infrastructure.Data.AppDbContext, 
          standAloneStateManager: False, 
          detailedErrorsEnabled: False, 
          threadSafetyChecksEnabled: True)'
dbug: Microsoft.EntityFrameworkCore.Database.Connection[20000]
      Opening connection to database 'EduConnectDb' on server 'localhost\SQLEXPRESS'.
dbug: Microsoft.EntityFrameworkCore.Database.Connection[20001]
      Opened connection to database 'EduConnectDb' on server 'localhost\SQLEXPRESS'.
fail: Microsoft.EntityFrameworkCore.Database.Command[20102]
      Failed executing DbCommand (5ms) [Parameters=[@p='?' (DbType = Int32), @p1='?' (DbType = Int32)], CommandType='Text', CommandTimeout='30']
      SELECT [p3].[Id], [p3].[CreatedAtUtc], [p3].[PostId], [p3].[UpdatedAtUtc], [p3].[UserId], [p0].[Id], [u].[Id], [s].[Id], [g].[Id]
      FROM (
          SELECT [p].[Id], [p].[CreatedAtUtc], [p].[GroupId], [p].[UserId]
          FROM [Posts] AS [p]
          WHERE [p].[IsDeleted] = CAST(0 AS bit)
          ORDER BY [p].[CreatedAtUtc] DESC
          OFFSET @p ROWS FETCH NEXT @p1 ROWS ONLY
      ) AS [p0]
      INNER JOIN [Users] AS [u] ON [p0].[UserId] = [u].[Id]
      LEFT JOIN [StudentProfiles] AS [s] ON [u].[Id] = [s].[UserId]
      LEFT JOIN [Groups] AS [g] ON [p0].[GroupId] = [g].[Id]
      INNER JOIN [PostBookmarks] AS [p3] ON [p0].[Id] = [p3].[PostId]
      ORDER BY [p0].[CreatedAtUtc] DESC, [p0].[Id], [u].[Id], [s].[Id], [g].[Id]
fail: Microsoft.EntityFrameworkCore.Query[10100]
      An exception occurred while iterating over the results of a query for context type 'EduConnect.Infrastructure.Data.AppDbContext'.
      Microsoft.Data.SqlClient.SqlException (0x80131904): Invalid object name 'PostBookmarks'.
         at Microsoft.Data.SqlClient.SqlCommand.<>c.<ExecuteDbDataReaderAsync>b__195_0(Task`1 result)
         at System.Threading.Tasks.ContinuationResultTaskFromResultTask`2.InnerInvoke()
         at System.Threading.ExecutionContext.RunInternal(ExecutionContext executionContext, ContextCallback callback, Object state)
      --- End of stack trace from previous location ---
         at System.Threading.ExecutionContext.RunInternal(ExecutionContext executionContext, ContextCallback callback, Object state)
         at System.Threading.Tasks.Task.ExecuteWithThreadLocal(Task& currentTaskSlot, Thread threadPoolThread)
      --- End of stack trace from previous location ---
         at Microsoft.EntityFrameworkCore.Storage.RelationalCommand.ExecuteReaderAsync(RelationalCommandParameterObject parameterObject, CancellationToken cancellationToken)
         at Microsoft.EntityFrameworkCore.Storage.RelationalCommand.ExecuteReaderAsync(RelationalCommandParameterObject parameterObject, CancellationToken cancellationToken)
         at Microsoft.EntityFrameworkCore.Query.RelationalShapedQueryCompilingExpressionVisitor.ShaperProcessingExpressionVisitor.<PopulateSplitIncludeCollectionAsync>g__InitializeReaderAsync|27_0[TIncludingEntity,TIncludedEntity](RelationalQueryContext queryContext, RelationalCommandResolver relationalCommandResolver, IReadOnlyList`1 readerColumns, Boolean detailedErrorsEnabled, CancellationToken cancellationToken)
         at Microsoft.EntityFrameworkCore.SqlServer.Storage.Internal.SqlServerExecutionStrategy.ExecuteAsync[TState,TResult](TState state, Func`4 operation, Func`4 verifySucceeded, CancellationToken cancellationToken)
         at Microsoft.EntityFrameworkCore.Query.RelationalShapedQueryCompilingExpressionVisitor.ShaperProcessingExpressionVisitor.PopulateSplitIncludeCollectionAsync[TIncludingEntity,TIncludedEntity](Int32 collectionId, RelationalQueryContext queryContext, IExecutionStrategy executionStrategy, RelationalCommandResolver relationalCommandResolver, IReadOnlyList`1 readerColumns, Boolean detailedErrorsEnabled, SplitQueryResultCoordinator resultCoordinator, Func`3 childIdentifier, IReadOnlyList`1 identifierValueComparers, Func`5 innerShaper, Func`4 relatedDataLoaders, INavigationBase inverseNavigation, Action`2 fixup, Boolean trackingQuery)
         at Microsoft.EntityFrameworkCore.Query.RelationalShapedQueryCompilingExpressionVisitor.ShaperProcessingExpressionVisitor.TaskAwaiter(Func`1[] taskFactories)
         at Microsoft.EntityFrameworkCore.Query.Internal.SplitQueryingEnumerable`1.AsyncEnumerator.MoveNextAsync()
      ClientConnectionId:8dc38f7a-1540-4184-a7d8-7d911e1eedad
      Error Number:208,State:1,Class:16
      Microsoft.Data.SqlClient.SqlException (0x80131904): Invalid object name 'PostBookmarks'.
         at Microsoft.Data.SqlClient.SqlCommand.<>c.<ExecuteDbDataReaderAsync>b__195_0(Task`1 result)
         at System.Threading.Tasks.ContinuationResultTaskFromResultTask`2.InnerInvoke()
         at System.Threading.ExecutionContext.RunInternal(ExecutionContext executionContext, ContextCallback callback, Object state)
      --- End of stack trace from previous location ---
         at System.Threading.ExecutionContext.RunInternal(ExecutionContext executionContext, ContextCallback callback, Object state)
         at System.Threading.Tasks.Task.ExecuteWithThreadLocal(Task& currentTaskSlot, Thread threadPoolThread)
      --- End of stack trace from previous location ---
         at Microsoft.EntityFrameworkCore.Storage.RelationalCommand.ExecuteReaderAsync(RelationalCommandParameterObject parameterObject, CancellationToken cancellationToken)
         at Microsoft.EntityFrameworkCore.Storage.RelationalCommand.ExecuteReaderAsync(RelationalCommandParameterObject parameterObject, CancellationToken cancellationToken)
         at Microsoft.EntityFrameworkCore.Query.RelationalShapedQueryCompilingExpressionVisitor.ShaperProcessingExpressionVisitor.<PopulateSplitIncludeCollectionAsync>g__InitializeReaderAsync|27_0[TIncludingEntity,TIncludedEntity](RelationalQueryContext queryContext, RelationalCommandResolver relationalCommandResolver, IReadOnlyList`1 readerColumns, Boolean detailedErrorsEnabled, CancellationToken cancellationToken)
         at Microsoft.EntityFrameworkCore.SqlServer.Storage.Internal.SqlServerExecutionStrategy.ExecuteAsync[TState,TResult](TState state, Func`4 operation, Func`4 verifySucceeded, CancellationToken cancellationToken)
         at Microsoft.EntityFrameworkCore.Query.RelationalShapedQueryCompilingExpressionVisitor.ShaperProcessingExpressionVisitor.PopulateSplitIncludeCollectionAsync[TIncludingEntity,TIncludedEntity](Int32 collectionId, RelationalQueryContext queryContext, IExecutionStrategy executionStrategy, RelationalCommandResolver relationalCommandResolver, IReadOnlyList`1 readerColumns, Boolean detailedErrorsEnabled, SplitQueryResultCoordinator resultCoordinator, Func`3 childIdentifier, IReadOnlyList`1 identifierValueComparers, Func`5 innerShaper, Func`4 relatedDataLoaders, INavigationBase inverseNavigation, Action`2 fixup, Boolean trackingQuery)
         at Microsoft.EntityFrameworkCore.Query.RelationalShapedQueryCompilingExpressionVisitor.ShaperProcessingExpressionVisitor.TaskAwaiter(Func`1[] taskFactories)
         at Microsoft.EntityFrameworkCore.Query.Internal.SplitQueryingEnumerable`1.AsyncEnumerator.MoveNextAsync()
      ClientConnectionId:8dc38f7a-1540-4184-a7d8-7d911e1eedad
      Error Number:208,State:1,Class:16
dbug: Microsoft.EntityFrameworkCore.Database.Connection[20002]
      Closing connection to database 'EduConnectDb' on server 'localhost\SQLEXPRESS'.
dbug: Microsoft.EntityFrameworkCore.Database.Connection[20003]
      Closed connection to database 'EduConnectDb' on server 'localhost\SQLEXPRESS' (0ms).
info: Microsoft.AspNetCore.Mvc.Infrastructure.ControllerActionInvoker[105]
      Executed action EduConnect.Api.Controllers.PostsController.GetAll (EduConnect.Api) in 389.1703ms
info: Microsoft.AspNetCore.Routing.EndpointMiddleware[1]
      Executed endpoint 'EduConnect.Api.Controllers.PostsController.GetAll (EduConnect.Api)'
fail: EduConnect.Api.Middleware.GlobalExceptionHandler[0]
      Unhandled exception occurred while processing the request.
      Microsoft.Data.SqlClient.SqlException (0x80131904): Invalid object name 'PostBookmarks'.
         at Microsoft.Data.SqlClient.SqlCommand.<>c.<ExecuteDbDataReaderAsync>b__195_0(Task`1 result)
         at System.Threading.Tasks.ContinuationResultTaskFromResultTask`2.InnerInvoke()
         at System.Threading.ExecutionContext.RunInternal(ExecutionContext executionContext, ContextCallback callback, Object state)
      --- End of stack trace from previous location ---
         at System.Threading.ExecutionContext.RunInternal(ExecutionContext executionContext, ContextCallback callback, Object state)
         at System.Threading.Tasks.Task.ExecuteWithThreadLocal(Task& currentTaskSlot, Thread threadPoolThread)
      --- End of stack trace from previous location ---
         at Microsoft.EntityFrameworkCore.Storage.RelationalCommand.ExecuteReaderAsync(RelationalCommandParameterObject parameterObject, CancellationToken cancellationToken)
         at Microsoft.EntityFrameworkCore.Storage.RelationalCommand.ExecuteReaderAsync(RelationalCommandParameterObject parameterObject, CancellationToken cancellationToken)
         at Microsoft.EntityFrameworkCore.Query.RelationalShapedQueryCompilingExpressionVisitor.ShaperProcessingExpressionVisitor.<PopulateSplitIncludeCollectionAsync>g__InitializeReaderAsync|27_0[TIncludingEntity,TIncludedEntity](RelationalQueryContext queryContext, RelationalCommandResolver relationalCommandResolver, IReadOnlyList`1 readerColumns, Boolean detailedErrorsEnabled, CancellationToken cancellationToken)
         at Microsoft.EntityFrameworkCore.SqlServer.Storage.Internal.SqlServerExecutionStrategy.ExecuteAsync[TState,TResult](TState state, Func`4 operation, Func`4 verifySucceeded, CancellationToken cancellationToken)
         at Microsoft.EntityFrameworkCore.Query.RelationalShapedQueryCompilingExpressionVisitor.ShaperProcessingExpressionVisitor.PopulateSplitIncludeCollectionAsync[TIncludingEntity,TIncludedEntity](Int32 collectionId, RelationalQueryContext queryContext, IExecutionStrategy executionStrategy, RelationalCommandResolver relationalCommandResolver, IReadOnlyList`1 readerColumns, Boolean detailedErrorsEnabled, SplitQueryResultCoordinator resultCoordinator, Func`3 childIdentifier, IReadOnlyList`1 identifierValueComparers, Func`5 innerShaper, Func`4 relatedDataLoaders, INavigationBase inverseNavigation, Action`2 fixup, Boolean trackingQuery)
         at Microsoft.EntityFrameworkCore.Query.RelationalShapedQueryCompilingExpressionVisitor.ShaperProcessingExpressionVisitor.TaskAwaiter(Func`1[] taskFactories)
         at Microsoft.EntityFrameworkCore.Query.Internal.SplitQueryingEnumerable`1.AsyncEnumerator.MoveNextAsync()
         at Microsoft.EntityFrameworkCore.EntityFrameworkQueryableExtensions.ToListAsync[TSource](IQueryable`1 source, CancellationToken cancellationToken)
         at Microsoft.EntityFrameworkCore.EntityFrameworkQueryableExtensions.ToListAsync[TSource](IQueryable`1 source, CancellationToken cancellationToken)
         at EduConnect.Api.Controllers.PostsController.GetAll(Int32 page, Int32 pageSize, CancellationToken cancellationToken) in C:\Users\FIRAT\Desktop\Tubitak-Tez\backend\src\EduConnect.Api\Controllers\PostsController.cs:line 34
         at lambda_method50(Closure, Object)
         at Microsoft.AspNetCore.Mvc.Infrastructure.ActionMethodExecutor.AwaitableObjectResultExecutor.Execute(ActionContext actionContext, IActionResultTypeMapper mapper, ObjectMethodExecutor executor, Object controller, Object[] arguments)
         at Microsoft.AspNetCore.Mvc.Infrastructure.ControllerActionInvoker.<InvokeActionMethodAsync>g__Awaited|12_0(ControllerActionInvoker invoker, ValueTask`1 actionResultValueTask)
         at Microsoft.AspNetCore.Mvc.Infrastructure.ControllerActionInvoker.<InvokeNextActionFilterAsync>g__Awaited|10_0(ControllerActionInvoker invoker, Task lastTask, State next, Scope scope, Object state, Boolean isCompleted)
         at Microsoft.AspNetCore.Mvc.Infrastructure.ControllerActionInvoker.Rethrow(ActionExecutedContextSealed context)
         at Microsoft.AspNetCore.Mvc.Infrastructure.ControllerActionInvoker.Next(State& next, Scope& scope, Object& state, Boolean& isCompleted)
         at Microsoft.AspNetCore.Mvc.Infrastructure.ControllerActionInvoker.<InvokeInnerFilterAsync>g__Awaited|13_0(ControllerActionInvoker invoker, Task lastTask, State next, Scope scope, Object state, Boolean isCompleted)
         at Microsoft.AspNetCore.Mvc.Infrastructure.ResourceInvoker.<InvokeFilterPipelineAsync>g__Awaited|20_0(ResourceInvoker invoker, Task lastTask, State next, Scope scope, Object state, Boolean isCompleted)
         at Microsoft.AspNetCore.Mvc.Infrastructure.ResourceInvoker.<InvokeAsync>g__Logged|17_1(ResourceInvoker invoker)
         at Microsoft.AspNetCore.Mvc.Infrastructure.ResourceInvoker.<InvokeAsync>g__Logged|17_1(ResourceInvoker invoker)
         at Microsoft.AspNetCore.Routing.EndpointMiddleware.<Invoke>g__AwaitRequestTask|7_0(Endpoint endpoint, Task requestTask, ILogger logger)
         at Microsoft.AspNetCore.Authorization.AuthorizationMiddleware.Invoke(HttpContext context)
         at Microsoft.AspNetCore.Authentication.AuthenticationMiddleware.Invoke(HttpContext context)
         at Swashbuckle.AspNetCore.SwaggerUI.SwaggerUIMiddleware.Invoke(HttpContext httpContext)
         at Swashbuckle.AspNetCore.Swagger.SwaggerMiddleware.Invoke(HttpContext httpContext, ISwaggerProvider swaggerProvider)
         at Microsoft.AspNetCore.Diagnostics.ExceptionHandlerMiddlewareImpl.<Invoke>g__Awaited|10_0(ExceptionHandlerMiddlewareImpl middleware, HttpContext context, Task task)
      ClientConnectionId:8dc38f7a-1540-4184-a7d8-7d911e1eedad
      Error Number:208,State:1,Class:16
dbug: Microsoft.EntityFrameworkCore.Infrastructure[10407]
      'AppDbContext' disposed.
dbug: Microsoft.EntityFrameworkCore.Database.Connection[20007]
      Disposing connection to database 'EduConnectDb' on server 'localhost\SQLEXPRESS'.
dbug: Microsoft.EntityFrameworkCore.Database.Connection[20008]
      Disposed connection to database '' on server '' (0ms).
info: Microsoft.AspNetCore.Hosting.Diagnostics[2]
      Request finished HTTP/1.1 GET http://localhost:5160/api/posts?page=1&pageSize=10 - 500 - application/json;+charset=utf-8 507.3670ms
info: Microsoft.AspNetCore.Hosting.Diagnostics[1]
      Request starting HTTP/1.1 OPTIONS http://localhost:5160/api/posts - - -
info: Microsoft.AspNetCore.Cors.Infrastructure.CorsService[4]
      CORS policy execution successful.
info: Microsoft.AspNetCore.Hosting.Diagnostics[2]
      Request finished HTTP/1.1 OPTIONS http://localhost:5160/api/posts - 204 - - 1.4724ms
info: Microsoft.AspNetCore.Hosting.Diagnostics[1]
      Request starting HTTP/1.1 POST http://localhost:5160/api/posts - multipart/form-data;+boundary=----WebKitFormBoundaryl0ci1LPSjkFXFVIg 145
info: Microsoft.AspNetCore.Cors.Infrastructure.CorsService[4]
      CORS policy execution successful.
info: Microsoft.AspNetCore.Routing.EndpointMiddleware[0]
      Executing endpoint 'EduConnect.Api.Controllers.PostsController.Create (EduConnect.Api)'
info: Microsoft.AspNetCore.Mvc.Infrastructure.ControllerActionInvoker[102]
      Route matched with {action = "Create", controller = "Posts"}. Executing controller action with signature System.Threading.Tasks.Task`1[Microsoft.AspNetCore.Mvc.ActionResult`1[EduConnect.Application.Contracts.Posts.PostResponse]] Create(EduConnect.Application.Contracts.Posts.CreatePostRequest, Microsoft.AspNetCore.Http.IFormFile, System.Threading.CancellationToken) on controller EduConnect.Api.Controllers.PostsController (EduConnect.Api).
dbug: Microsoft.EntityFrameworkCore.Infrastructure[10403]
      Entity Framework Core 10.0.5 initialized 'AppDbContext' using provider 'Microsoft.EntityFrameworkCore.SqlServer:10.0.5' with options: MigrationsAssembly=EduConnect.Infrastructure, Version=1.0.0.0, Culture=neutral, PublicKeyToken=null EngineType=SqlServer 
dbug: Microsoft.EntityFrameworkCore.ChangeTracking[10806]
      Context 'AppDbContext' started tracking 'Post' entity. Consider using 'DbContextOptionsBuilder.EnableSensitiveDataLogging' to see key values.
dbug: Microsoft.EntityFrameworkCore.ChangeTracking[10800]
      DetectChanges starting for 'AppDbContext'.
dbug: Microsoft.EntityFrameworkCore.ChangeTracking[10801]
      DetectChanges completed for 'AppDbContext'.
dbug: Microsoft.EntityFrameworkCore.Update[10004]
      SaveChanges starting for 'AppDbContext'.
dbug: Microsoft.EntityFrameworkCore.ChangeTracking[10800]
      DetectChanges starting for 'AppDbContext'.
dbug: Microsoft.EntityFrameworkCore.ChangeTracking[10802]
      The unchanged property 'Post.CreatedAtUtc' was detected as changed and will be marked as modified. Consider using 'DbContextOptionsBuilder.EnableSensitiveDataLogging' to see property values.
dbug: Microsoft.EntityFrameworkCore.ChangeTracking[10801]
      DetectChanges completed for 'AppDbContext'.
dbug: Microsoft.EntityFrameworkCore.Database.Connection[20005]
      Creating DbConnection.
dbug: Microsoft.EntityFrameworkCore.Database.Connection[20006]
      Created DbConnection. (0ms).
dbug: Microsoft.EntityFrameworkCore.Database.Connection[20000]
      Opening connection to database 'EduConnectDb' on server 'localhost\SQLEXPRESS'.
dbug: Microsoft.EntityFrameworkCore.Database.Connection[20001]
      Opened connection to database 'EduConnectDb' on server 'localhost\SQLEXPRESS'.
dbug: Microsoft.EntityFrameworkCore.Database.Connection[20002]
      Closing connection to database 'EduConnectDb' on server 'localhost\SQLEXPRESS'.
dbug: Microsoft.EntityFrameworkCore.Database.Connection[20003]
      Closed connection to database 'EduConnectDb' on server 'localhost\SQLEXPRESS' (0ms).
dbug: Microsoft.EntityFrameworkCore.ChangeTracking[10807]
      An entity of type 'Post' tracked by 'AppDbContext' changed state from 'Added' to 'Unchanged'. Consider using 'DbContextOptionsBuilder.EnableSensitiveDataLogging' to see key values.
dbug: Microsoft.EntityFrameworkCore.Update[10005]
      SaveChanges completed for 'AppDbContext' with 1 entities written to the database.
dbug: Microsoft.EntityFrameworkCore.Query[10111]
      Compiling query expression: 
      'DbSet<Post>()
          .AsNoTracking()
          .AsSplitQuery()
          .Where(x => !(x.IsDeleted))
          .Include(x => x.User)
          .ThenInclude(x => x.StudentProfile)
          .Include(x => x.Group)
          .Include(x => x.Likes)
          .Include(x => x.Comments)
          .Include(x => x.Bookmarks)
          .Include(x => x.Views)
          .First(x => x.Id == @post_Id)'
dbug: Microsoft.EntityFrameworkCore.Query[10112]
      Including navigation: 'Post.User'.
dbug: Microsoft.EntityFrameworkCore.Query[10112]
      Including navigation: 'User.StudentProfile'.
dbug: Microsoft.EntityFrameworkCore.Query[10112]
      Including navigation: 'Post.Group'.
dbug: Microsoft.EntityFrameworkCore.Query[10112]
      Including navigation: 'Post.Likes'.
dbug: Microsoft.EntityFrameworkCore.Query[10112]
      Including navigation: 'Post.Comments'.
dbug: Microsoft.EntityFrameworkCore.Query[10112]
      Including navigation: 'Post.Bookmarks'.
dbug: Microsoft.EntityFrameworkCore.Query[10112]
      Including navigation: 'Post.Views'.
dbug: Microsoft.EntityFrameworkCore.Query[10107]
      Generated query execution expression: 
      'queryContext => ShapedQueryCompilingExpressionVisitor.SingleAsync<Post>(
          asyncEnumerable: SplitQueryingEnumerable.Create<Post>(
              relationalQueryContext: (RelationalQueryContext)queryContext, 
              relationalCommandResolver: parameters => [LIFTABLE Constant: RelationalCommandCache.QueryExpression(
                  Client Projections:
                      0 -> Dictionary<IPropertyBase, int> { [Property: Post.Id (Guid) Required PK AfterSave:Throw ValueGenerated.OnAdd, 0], [Property: Post.Content (string) Required MaxLength(1500), 1], [Property: Post.CreatedAtUtc (DateTime) Required, 2], [Property: Post.GroupId (Guid?) FK Index, 3], [Property: Post.ImageUrl (string) MaxLength(500), 4], [Property: Post.IsDeleted (bool) Required, 5], [Property: Post.UpdatedAtUtc (DateTime?), 6], [Property: Post.UserId (Guid) Required FK Index, 7] }
                      1 -> Dictionary<IPropertyBase, int> { [Property: User.Id (Guid) Required PK AfterSave:Throw ValueGenerated.OnAdd, 8], [Property: User.CreatedAtUtc (DateTime) Required, 9], [Property: User.Email (string) Required Index MaxLength(200), 10], [Property: User.EmailVerificationAttemptCount (int) Required, 11], [Property: User.EmailVerificationCodeHash (string) MaxLength(500), 12], [Property: User.EmailVerificationExpiresAtUtc (DateTime?), 13], [Property: User.EmailVerificationSentAtUtc (DateTime?), 14], [Property: User.EmailVerifiedAtUtc (DateTime?), 15], [Property: User.FullName (string) Required MaxLength(150), 16], [Property: User.IsActive (bool) Required, 17], [Property: User.PasswordHash (string) Required MaxLength(1000), 18], [Property: User.Role (UserRole) Required, 19], [Property: User.TwoFactorEnabled (bool) Required, 20], [Property: User.UniversityId (Guid?) FK Index, 21], [Property: User.UpdatedAtUtc (DateTime?), 22] }
                      2 -> Dictionary<IPropertyBase, int> { [Property: StudentProfile.Id (Guid) Required PK AfterSave:Throw ValueGenerated.OnAdd, 23], [Property: StudentProfile.AvatarUrl (string) MaxLength(500), 24], [Property: StudentProfile.Bio (string) MaxLength(500), 25], [Property: StudentProfile.CoverImageUrl (string) MaxLength(500), 26], [Property: StudentProfile.CreatedAtUtc (DateTime) Required, 27], [Property: StudentProfile.Department (string) Required MaxLength(150), 28], [Property: StudentProfile.UpdatedAtUtc (DateTime?), 29], [Property: StudentProfile.UserId (Guid) Required FK Index, 30], [Property: StudentProfile.Year (int) Required, 31] }
                      3 -> Dictionary<IPropertyBase, int> { [Property: Group.Id (Guid) Required PK AfterSave:Throw ValueGenerated.OnAdd, 32], [Property: Group.AvatarUrl (string) MaxLength(500), 33], [Property: Group.BannerUrl (string) MaxLength(500), 34], [Property: Group.Category (string) Required MaxLength(100), 35], [Property: Group.CreatedAtUtc (DateTime) Required, 36], [Property: Group.CreatorUserId (Guid) Required FK Index, 37], [Property: Group.Description (string) Required MaxLength(1000), 38], [Property: Group.Name (string) Required MaxLength(150), 39], [Property: Group.ShortDescription (string) Required MaxLength(220), 40], [Property: Group.Slug (string) Required Index MaxLength(160), 41], [Property: Group.UpdatedAtUtc (DateTime?), 42] }
                      4 -> 0
                      5 -> 8
                      6 -> 23
                      7 -> 32
                  SELECT TOP(1) p.Id, p.Content, p.CreatedAtUtc, p.GroupId, p.ImageUrl, p.IsDeleted, p.UpdatedAtUtc, p.UserId, u.Id, u.CreatedAtUtc, u.Email, u.EmailVerificationAttemptCount, u.EmailVerificationCodeHash, u.EmailVerificationExpiresAtUtc, u.EmailVerificationSentAtUtc, u.EmailVerifiedAtUtc, u.FullName, u.IsActive, u.PasswordHash, u.Role, u.TwoFactorEnabled, u.UniversityId, u.UpdatedAtUtc, s.Id, s.AvatarUrl, s.Bio, s.CoverImageUrl, s.CreatedAtUtc, s.Department, s.UpdatedAtUtc, s.UserId, s.Year, g.Id, g.AvatarUrl, g.BannerUrl, g.Category, g.CreatedAtUtc, g.CreatorUserId, g.Description, g.Name, g.ShortDescription, g.Slug, g.UpdatedAtUtc
                  FROM Posts AS p
                  INNER JOIN Users AS u ON p.UserId == u.Id
                  LEFT JOIN StudentProfiles AS s ON u.Id == s.UserId
                  LEFT JOIN Groups AS g ON p.GroupId == g.Id
                  WHERE Not(p.IsDeleted) && (p.Id == @post_Id)
                  ORDER BY p.Id ASC, u.Id ASC, s.Id ASC, g.Id ASC) | Resolver: c => new RelationalCommandCache(
                  c.Dependencies.MemoryCache, 
                  c.RelationalDependencies.QuerySqlGeneratorFactory, 
                  c.RelationalDependencies.RelationalParameterBasedSqlProcessorFactory, 
                  Client Projections:
                      0 -> Dictionary<IPropertyBase, int> { [Property: Post.Id (Guid) Required PK AfterSave:Throw ValueGenerated.OnAdd, 0], [Property: Post.Content (string) Required MaxLength(1500), 1], [Property: Post.CreatedAtUtc (DateTime) Required, 2], [Property: Post.GroupId (Guid?) FK Index, 3], [Property: Post.ImageUrl (string) MaxLength(500), 4], [Property: Post.IsDeleted (bool) Required, 5], [Property: Post.UpdatedAtUtc (DateTime?), 6], [Property: Post.UserId (Guid) Required FK Index, 7] }
                      1 -> Dictionary<IPropertyBase, int> { [Property: User.Id (Guid) Required PK AfterSave:Throw ValueGenerated.OnAdd, 8], [Property: User.CreatedAtUtc (DateTime) Required, 9], [Property: User.Email (string) Required Index MaxLength(200), 10], [Property: User.EmailVerificationAttemptCount (int) Required, 11], [Property: User.EmailVerificationCodeHash (string) MaxLength(500), 12], [Property: User.EmailVerificationExpiresAtUtc (DateTime?), 13], [Property: User.EmailVerificationSentAtUtc (DateTime?), 14], [Property: User.EmailVerifiedAtUtc (DateTime?), 15], [Property: User.FullName (string) Required MaxLength(150), 16], [Property: User.IsActive (bool) Required, 17], [Property: User.PasswordHash (string) Required MaxLength(1000), 18], [Property: User.Role (UserRole) Required, 19], [Property: User.TwoFactorEnabled (bool) Required, 20], [Property: User.UniversityId (Guid?) FK Index, 21], [Property: User.UpdatedAtUtc (DateTime?), 22] }
                      2 -> Dictionary<IPropertyBase, int> { [Property: StudentProfile.Id (Guid) Required PK AfterSave:Throw ValueGenerated.OnAdd, 23], [Property: StudentProfile.AvatarUrl (string) MaxLength(500), 24], [Property: StudentProfile.Bio (string) MaxLength(500), 25], [Property: StudentProfile.CoverImageUrl (string) MaxLength(500), 26], [Property: StudentProfile.CreatedAtUtc (DateTime) Required, 27], [Property: StudentProfile.Department (string) Required MaxLength(150), 28], [Property: StudentProfile.UpdatedAtUtc (DateTime?), 29], [Property: StudentProfile.UserId (Guid) Required FK Index, 30], [Property: StudentProfile.Year (int) Required, 31] }
                      3 -> Dictionary<IPropertyBase, int> { [Property: Group.Id (Guid) Required PK AfterSave:Throw ValueGenerated.OnAdd, 32], [Property: Group.AvatarUrl (string) MaxLength(500), 33], [Property: Group.BannerUrl (string) MaxLength(500), 34], [Property: Group.Category (string) Required MaxLength(100), 35], [Property: Group.CreatedAtUtc (DateTime) Required, 36], [Property: Group.CreatorUserId (Guid) Required FK Index, 37], [Property: Group.Description (string) Required MaxLength(1000), 38], [Property: Group.Name (string) Required MaxLength(150), 39], [Property: Group.ShortDescription (string) Required MaxLength(220), 40], [Property: Group.Slug (string) Required Index MaxLength(160), 41], [Property: Group.UpdatedAtUtc (DateTime?), 42] }
                      4 -> 0
                      5 -> 8
                      6 -> 23
                      7 -> 32
                  SELECT TOP(1) p.Id, p.Content, p.CreatedAtUtc, p.GroupId, p.ImageUrl, p.IsDeleted, p.UpdatedAtUtc, p.UserId, u.Id, u.CreatedAtUtc, u.Email, u.EmailVerificationAttemptCount, u.EmailVerificationCodeHash, u.EmailVerificationExpiresAtUtc, u.EmailVerificationSentAtUtc, u.EmailVerifiedAtUtc, u.FullName, u.IsActive, u.PasswordHash, u.Role, u.TwoFactorEnabled, u.UniversityId, u.UpdatedAtUtc, s.Id, s.AvatarUrl, s.Bio, s.CoverImageUrl, s.CreatedAtUtc, s.Department, s.UpdatedAtUtc, s.UserId, s.Year, g.Id, g.AvatarUrl, g.BannerUrl, g.Category, g.CreatedAtUtc, g.CreatorUserId, g.Description, g.Name, g.ShortDescription, g.Slug, g.UpdatedAtUtc
                  FROM Posts AS p
                  INNER JOIN Users AS u ON p.UserId == u.Id
                  LEFT JOIN StudentProfiles AS s ON u.Id == s.UserId
                  LEFT JOIN Groups AS g ON p.GroupId == g.Id
                  WHERE Not(p.IsDeleted) && (p.Id == @post_Id)
                  ORDER BY p.Id ASC, u.Id ASC, s.Id ASC, g.Id ASC, 
                  False, 
                  MultipleParameters
              )].GetRelationalCommandTemplate(parameters), 
              readerColumns: [LIFTABLE Constant: ReaderColumn[] { ReaderColumn<Guid>, ReaderColumn<object>, ReaderColumn<DateTime>, ReaderColumn<Guid>, ReaderColumn<object>, ReaderColumn<bool>, ReaderColumn<DateTime>, ReaderColumn<Guid>, ReaderColumn<Guid>, ReaderColumn<DateTime>, ReaderColumn<object>, ReaderColumn<int>, ReaderColumn<object>, ReaderColumn<DateTime>, ReaderColumn<DateTime>, ReaderColumn<DateTime>, ReaderColumn<object>, ReaderColumn<bool>, ReaderColumn<object>, ReaderColumn<int>, ReaderColumn<bool>, ReaderColumn<Guid>, ReaderColumn<DateTime>, ReaderColumn<Guid>, ReaderColumn<object>, ReaderColumn<object>, ReaderColumn<object>, ReaderColumn<DateTime>, ReaderColumn<object>, ReaderColumn<DateTime>, ReaderColumn<Guid>, ReaderColumn<int>, ReaderColumn<Guid>, ReaderColumn<object>, ReaderColumn<object>, ReaderColumn<object>, ReaderColumn<DateTime>, ReaderColumn<Guid>, ReaderColumn<object>, ReaderColumn<object>, ReaderColumn<object>, ReaderColumn<object>, ReaderColumn<DateTime> } | Resolver: namelessParameter{0} => new ReaderColumn[]
              { 
                  new ReaderColumn<Guid>(
                      False, 
                      null, 
                      namelessParameter{0}.Dependencies.Model.FindEntityType("EduConnect.Domain.Entities.Post").FindProperty("Id"), 
                      (dataReader, indexMap) => dataReader.GetGuid(0)
                  ), 
                  new ReaderColumn<object>(
                      False, 
                      null, 
                      namelessParameter{0}.Dependencies.Model.FindEntityType("EduConnect.Domain.Entities.Post").FindProperty("Content"), 
                      (dataReader, indexMap) => (object)dataReader.GetString(1)
                  ), 
                  new ReaderColumn<DateTime>(
                      False, 
                      null, 
                      namelessParameter{0}.Dependencies.Model.FindEntityType("EduConnect.Domain.Entities.Post").FindProperty("CreatedAtUtc"), 
                      (dataReader, indexMap) => dataReader.GetDateTime(2)
                  ), 
                  new ReaderColumn<Guid>(
                      True, 
                      null, 
                      namelessParameter{0}.Dependencies.Model.FindEntityType("EduConnect.Domain.Entities.Post").FindProperty("GroupId"), 
                      (dataReader, indexMap) => dataReader.GetGuid(3)
                  ), 
                  new ReaderColumn<object>(
                      True, 
                      null, 
                      namelessParameter{0}.Dependencies.Model.FindEntityType("EduConnect.Domain.Entities.Post").FindProperty("ImageUrl"), 
                      (dataReader, indexMap) => (object)dataReader.GetString(4)
                  ), 
                  new ReaderColumn<bool>(
                      False, 
                      null, 
                      namelessParameter{0}.Dependencies.Model.FindEntityType("EduConnect.Domain.Entities.Post").FindProperty("IsDeleted"), 
                      (dataReader, indexMap) => dataReader.GetBoolean(5)
                  ), 
                  new ReaderColumn<DateTime>(
                      True, 
                      null, 
                      namelessParameter{0}.Dependencies.Model.FindEntityType("EduConnect.Domain.Entities.Post").FindProperty("UpdatedAtUtc"), 
                      (dataReader, indexMap) => dataReader.GetDateTime(6)
                  ), 
                  new ReaderColumn<Guid>(
                      False, 
                      null, 
                      namelessParameter{0}.Dependencies.Model.FindEntityType("EduConnect.Domain.Entities.Post").FindProperty("UserId"), 
                      (dataReader, indexMap) => dataReader.GetGuid(7)
                  ), 
                  new ReaderColumn<Guid>(
                      False, 
                      null, 
                      namelessParameter{0}.Dependencies.Model.FindEntityType("EduConnect.Domain.Entities.User").FindProperty("Id"), 
                      (dataReader, indexMap) => dataReader.GetGuid(8)
                  ), 
                  new ReaderColumn<DateTime>(
                      False, 
                      null, 
                      namelessParameter{0}.Dependencies.Model.FindEntityType("EduConnect.Domain.Entities.User").FindProperty("CreatedAtUtc"), 
                      (dataReader, indexMap) => dataReader.GetDateTime(9)
                  ), 
                  new ReaderColumn<object>(
                      False, 
                      null, 
                      namelessParameter{0}.Dependencies.Model.FindEntityType("EduConnect.Domain.Entities.User").FindProperty("Email"), 
                      (dataReader, indexMap) => (object)dataReader.GetString(10)
                  ), 
                  new ReaderColumn<int>(
                      False, 
                      null, 
                      namelessParameter{0}.Dependencies.Model.FindEntityType("EduConnect.Domain.Entities.User").FindProperty("EmailVerificationAttemptCount"), 
                      (dataReader, indexMap) => dataReader.GetInt32(11)
                  ), 
                  new ReaderColumn<object>(
                      True, 
                      null, 
                      namelessParameter{0}.Dependencies.Model.FindEntityType("EduConnect.Domain.Entities.User").FindProperty("EmailVerificationCodeHash"), 
                      (dataReader, indexMap) => (object)dataReader.GetString(12)
                  ), 
                  new ReaderColumn<DateTime>(
                      True, 
                      null, 
                      namelessParameter{0}.Dependencies.Model.FindEntityType("EduConnect.Domain.Entities.User").FindProperty("EmailVerificationExpiresAtUtc"), 
                      (dataReader, indexMap) => dataReader.GetDateTime(13)
                  ), 
                  new ReaderColumn<DateTime>(
                      True, 
                      null, 
                      namelessParameter{0}.Dependencies.Model.FindEntityType("EduConnect.Domain.Entities.User").FindProperty("EmailVerificationSentAtUtc"), 
                      (dataReader, indexMap) => dataReader.GetDateTime(14)
                  ), 
                  new ReaderColumn<DateTime>(
                      True, 
                      null, 
                      namelessParameter{0}.Dependencies.Model.FindEntityType("EduConnect.Domain.Entities.User").FindProperty("EmailVerifiedAtUtc"), 
                      (dataReader, indexMap) => dataReader.GetDateTime(15)
                  ), 
                  new ReaderColumn<object>(
                      False, 
                      null, 
                      namelessParameter{0}.Dependencies.Model.FindEntityType("EduConnect.Domain.Entities.User").FindProperty("FullName"), 
                      (dataReader, indexMap) => (object)dataReader.GetString(16)
                  ), 
                  new ReaderColumn<bool>(
                      False, 
                      null, 
                      namelessParameter{0}.Dependencies.Model.FindEntityType("EduConnect.Domain.Entities.User").FindProperty("IsActive"), 
                      (dataReader, indexMap) => dataReader.GetBoolean(17)
                  ), 
                  new ReaderColumn<object>(
                      False, 
                      null, 
                      namelessParameter{0}.Dependencies.Model.FindEntityType("EduConnect.Domain.Entities.User").FindProperty("PasswordHash"), 
                      (dataReader, indexMap) => (object)dataReader.GetString(18)
                  ), 
                  new ReaderColumn<int>(
                      False, 
                      null, 
                      namelessParameter{0}.Dependencies.Model.FindEntityType("EduConnect.Domain.Entities.User").FindProperty("Role"), 
                      (dataReader, indexMap) => dataReader.GetInt32(19)
                  ), 
                  new ReaderColumn<bool>(
                      False, 
                      null, 
                      namelessParameter{0}.Dependencies.Model.FindEntityType("EduConnect.Domain.Entities.User").FindProperty("TwoFactorEnabled"), 
                      (dataReader, indexMap) => dataReader.GetBoolean(20)
                  ), 
                  new ReaderColumn<Guid>(
                      True, 
                      null, 
                      namelessParameter{0}.Dependencies.Model.FindEntityType("EduConnect.Domain.Entities.User").FindProperty("UniversityId"), 
                      (dataReader, indexMap) => dataReader.GetGuid(21)
                  ), 
                  new ReaderColumn<DateTime>(
                      True, 
                      null, 
                      namelessParameter{0}.Dependencies.Model.FindEntityType("EduConnect.Domain.Entities.User").FindProperty("UpdatedAtUtc"), 
                      (dataReader, indexMap) => dataReader.GetDateTime(22)
                  ), 
                  new ReaderColumn<Guid>(
                      True, 
                      null, 
                      namelessParameter{0}.Dependencies.Model.FindEntityType("EduConnect.Domain.Entities.StudentProfile").FindProperty("Id"), 
                      (dataReader, indexMap) => dataReader.GetGuid(23)
                  ), 
                  new ReaderColumn<object>(
                      True, 
                      null, 
                      namelessParameter{0}.Dependencies.Model.FindEntityType("EduConnect.Domain.Entities.StudentProfile").FindProperty("AvatarUrl"), 
                      (dataReader, indexMap) => (object)dataReader.GetString(24)
                  ), 
                  new ReaderColumn<object>(
                      True, 
                      null, 
                      namelessParameter{0}.Dependencies.Model.FindEntityType("EduConnect.Domain.Entities.StudentProfile").FindProperty("Bio"), 
                      (dataReader, indexMap) => (object)dataReader.GetString(25)
                  ), 
                  new ReaderColumn<object>(
                      True, 
                      null, 
                      namelessParameter{0}.Dependencies.Model.FindEntityType("EduConnect.Domain.Entities.StudentProfile").FindProperty("CoverImageUrl"), 
                      (dataReader, indexMap) => (object)dataReader.GetString(26)
                  ), 
                  new ReaderColumn<DateTime>(
                      True, 
                      null, 
                      namelessParameter{0}.Dependencies.Model.FindEntityType("EduConnect.Domain.Entities.StudentProfile").FindProperty("CreatedAtUtc"), 
                      (dataReader, indexMap) => dataReader.GetDateTime(27)
                  ), 
                  new ReaderColumn<object>(
                      True, 
                      null, 
                      namelessParameter{0}.Dependencies.Model.FindEntityType("EduConnect.Domain.Entities.StudentProfile").FindProperty("Department"), 
                      (dataReader, indexMap) => (object)dataReader.GetString(28)
                  ), 
                  new ReaderColumn<DateTime>(
                      True, 
                      null, 
                      namelessParameter{0}.Dependencies.Model.FindEntityType("EduConnect.Domain.Entities.StudentProfile").FindProperty("UpdatedAtUtc"), 
                      (dataReader, indexMap) => dataReader.GetDateTime(29)
                  ), 
                  new ReaderColumn<Guid>(
                      True, 
                      null, 
                      namelessParameter{0}.Dependencies.Model.FindEntityType("EduConnect.Domain.Entities.StudentProfile").FindProperty("UserId"), 
                      (dataReader, indexMap) => dataReader.GetGuid(30)
                  ), 
                  new ReaderColumn<int>(
                      True, 
                      null, 
                      namelessParameter{0}.Dependencies.Model.FindEntityType("EduConnect.Domain.Entities.StudentProfile").FindProperty("Year"), 
                      (dataReader, indexMap) => dataReader.GetInt32(31)
                  ), 
                  new ReaderColumn<Guid>(
                      True, 
                      null, 
                      namelessParameter{0}.Dependencies.Model.FindEntityType("EduConnect.Domain.Entities.Group").FindProperty("Id"), 
                      (dataReader, indexMap) => dataReader.GetGuid(32)
                  ), 
                  new ReaderColumn<object>(
                      True, 
                      null, 
                      namelessParameter{0}.Dependencies.Model.FindEntityType("EduConnect.Domain.Entities.Group").FindProperty("AvatarUrl"), 
                      (dataReader, indexMap) => (object)dataReader.GetString(33)
                  ), 
                  new ReaderColumn<object>(
                      True, 
                      null, 
                      namelessParameter{0}.Dependencies.Model.FindEntityType("EduConnect.Domain.Entities.Group").FindProperty("BannerUrl"), 
                      (dataReader, indexMap) => (object)dataReader.GetString(34)
                  ), 
                  new ReaderColumn<object>(
                      True, 
                      null, 
                      namelessParameter{0}.Dependencies.Model.FindEntityType("EduConnect.Domain.Entities.Group").FindProperty("Category"), 
                      (dataReader, indexMap) => (object)dataReader.GetString(35)
                  ), 
                  new ReaderColumn<DateTime>(
                      True, 
                      null, 
                      namelessParameter{0}.Dependencies.Model.FindEntityType("EduConnect.Domain.Entities.Group").FindProperty("CreatedAtUtc"), 
                      (dataReader, indexMap) => dataReader.GetDateTime(36)
                  ), 
                  new ReaderColumn<Guid>(
                      True, 
                      null, 
                      namelessParameter{0}.Dependencies.Model.FindEntityType("EduConnect.Domain.Entities.Group").FindProperty("CreatorUserId"), 
                      (dataReader, indexMap) => dataReader.GetGuid(37)
                  ), 
                  new ReaderColumn<object>(
                      True, 
                      null, 
                      namelessParameter{0}.Dependencies.Model.FindEntityType("EduConnect.Domain.Entities.Group").FindProperty("Description"), 
                      (dataReader, indexMap) => (object)dataReader.GetString(38)
                  ), 
                  new ReaderColumn<object>(
                      True, 
                      null, 
                      namelessParameter{0}.Dependencies.Model.FindEntityType("EduConnect.Domain.Entities.Group").FindProperty("Name"), 
                      (dataReader, indexMap) => (object)dataReader.GetString(39)
                  ), 
                  new ReaderColumn<object>(
                      True, 
                      null, 
                      namelessParameter{0}.Dependencies.Model.FindEntityType("EduConnect.Domain.Entities.Group").FindProperty("ShortDescription"), 
                      (dataReader, indexMap) => (object)dataReader.GetString(40)
                  ), 
                  new ReaderColumn<object>(
                      True, 
                      null, 
                      namelessParameter{0}.Dependencies.Model.FindEntityType("EduConnect.Domain.Entities.Group").FindProperty("Slug"), 
                      (dataReader, indexMap) => (object)dataReader.GetString(41)
                  ), 
                  new ReaderColumn<DateTime>(
                      True, 
                      null, 
                      namelessParameter{0}.Dependencies.Model.FindEntityType("EduConnect.Domain.Entities.Group").FindProperty("UpdatedAtUtc"), 
                      (dataReader, indexMap) => dataReader.GetDateTime(42)
                  ) 
              }], 
              shaper: (queryContext, dataReader, resultContext, resultCoordinator) => resultContext.Values == null ? 
              {
                  Post entity;
                  User entity;
                  StudentProfile entity;
                  Group entity;
                  entity = 
                  {
                      MaterializationContext materializationContext1;
                      IEntityType entityType1;
                      Post instance1;
                      materializationContext1 = new MaterializationContext(
                          [LIFTABLE Constant: ValueBuffer | Resolver: _ => (object)ValueBuffer.Empty], 
                          queryContext.Context
                      );
                      instance1 = default(Post);
                      (object)dataReader.GetGuid(0) != null ? 
                      {
                          ISnapshot shadowSnapshot1;
                          shadowSnapshot1 = [LIFTABLE Constant: Snapshot | Resolver: _ => Snapshot.Empty];
                          entityType1 = [LIFTABLE Constant: EntityType: Post | Resolver: namelessParameter{1} => namelessParameter{1}.Dependencies.Model.FindEntityType("EduConnect.Domain.Entities.Post")];
                          instance1 = switch (entityType1)
                          {
                              case [LIFTABLE Constant: EntityType: Post | Resolver: namelessParameter{2} => namelessParameter{2}.Dependencies.Model.FindEntityType("EduConnect.Domain.Entities.Post")]: 
                                  {
                                      return 
                                      {
                                          Post instance;
                                          instance = new Post();
                                          instance.<Id>k__BackingField = dataReader.GetGuid(0);
                                          instance.<Content>k__BackingField = (string)dataReader.GetFieldValue<object>(1);
                                          instance.<CreatedAtUtc>k__BackingField = dataReader.GetDateTime(2);
                                          instance.<GroupId>k__BackingField = dataReader.IsDBNull(3) ? default(Guid?) : (Guid?)dataReader.GetGuid(3);
                                          instance.<ImageUrl>k__BackingField = dataReader.IsDBNull(4) ? default(string) : (string)dataReader.GetFieldValue<object>(4);
                                          instance.<IsDeleted>k__BackingField = dataReader.GetBoolean(5);
                                          instance.<UpdatedAtUtc>k__BackingField = dataReader.IsDBNull(6) ? default(DateTime?) : (DateTime?)dataReader.GetDateTime(6);
                                          instance.<UserId>k__BackingField = dataReader.GetGuid(7);
                                          (instance is IInjectableService) ? ((IInjectableService)instance).Injected(
                                              context: materializationContext1.Context, 
                                              entity: instance, 
                                              queryTrackingBehavior: NoTracking, 
                                              structuralType: [LIFTABLE Constant: EntityType: Post | Resolver: namelessParameter{3} => namelessParameter{3}.Dependencies.Model.FindEntityType("EduConnect.Domain.Entities.Post")]) : default(void);
                                          return instance;
                                      }}
                              default: 
                                  default(Post)
                          }
                          ;
                          return instance1;
                      } : 
                      {
                          object[] keyValues1;
                          keyValues1 = new object[]{ (object)dataReader.GetGuid(0) };
                          return ShapedQueryCompilingExpressionVisitor.CreateNullKeyValueInNoTrackingQuery(
                              entityType: [LIFTABLE Constant: EntityType: Post | Resolver: namelessParameter{4} => namelessParameter{4}.Dependencies.Model.FindEntityType("EduConnect.Domain.Entities.Post")], 
                              properties: [LIFTABLE Constant: List<RuntimeProperty> { Property: Post.Id (Guid) Required PK AfterSave:Throw ValueGenerated.OnAdd } | Resolver: c => c.Dependencies.Model.FindEntityType("EduConnect.Domain.Entities.Post").FindPrimaryKey().Properties], 
                              keyValues: keyValues1);
                      };
                      return instance1;
                  };
                  entity = 
                  {
                      MaterializationContext materializationContext2;
                      IEntityType entityType2;
                      User instance2;
                      materializationContext2 = new MaterializationContext(
                          [LIFTABLE Constant: ValueBuffer | Resolver: _ => (object)ValueBuffer.Empty], 
                          queryContext.Context
                      );
                      instance2 = default(User);
                      (object)dataReader.GetGuid(8) != null ? 
                      {
                          ISnapshot shadowSnapshot2;
                          shadowSnapshot2 = [LIFTABLE Constant: Snapshot | Resolver: _ => Snapshot.Empty];
                          entityType2 = [LIFTABLE Constant: EntityType: User | Resolver: namelessParameter{5} => namelessParameter{5}.Dependencies.Model.FindEntityType("EduConnect.Domain.Entities.User")];
                          instance2 = switch (entityType2)
                          {
                              case [LIFTABLE Constant: EntityType: User | Resolver: namelessParameter{6} => namelessParameter{6}.Dependencies.Model.FindEntityType("EduConnect.Domain.Entities.User")]: 
                                  {
                                      return 
                                      {
                                          User instance;
                                          instance = new User();
                                          instance.<Id>k__BackingField = dataReader.GetGuid(8);
                                          instance.<CreatedAtUtc>k__BackingField = dataReader.GetDateTime(9);
                                          instance.<Email>k__BackingField = (string)dataReader.GetFieldValue<object>(10);
                                          instance.<EmailVerificationAttemptCount>k__BackingField = dataReader.GetInt32(11);
                                          instance.<EmailVerificationCodeHash>k__BackingField = dataReader.IsDBNull(12) ? default(string) : (string)dataReader.GetFieldValue<object>(12);
                                          instance.<EmailVerificationExpiresAtUtc>k__BackingField = dataReader.IsDBNull(13) ? default(DateTime?) : (DateTime?)dataReader.GetDateTime(13);
                                          instance.<EmailVerificationSentAtUtc>k__BackingField = dataReader.IsDBNull(14) ? default(DateTime?) : (DateTime?)dataReader.GetDateTime(14);
                                          instance.<EmailVerifiedAtUtc>k__BackingField = dataReader.IsDBNull(15) ? default(DateTime?) : (DateTime?)dataReader.GetDateTime(15);
                                          instance.<FullName>k__BackingField = (string)dataReader.GetFieldValue<object>(16);
                                          instance.<IsActive>k__BackingField = dataReader.GetBoolean(17);
                                          instance.<PasswordHash>k__BackingField = (string)dataReader.GetFieldValue<object>(18);
                                          instance.<Role>k__BackingField = Invoke(((EnumToNumberConverter<UserRole, int>)((IReadOnlyProperty)[LIFTABLE Constant: Property: User.Role (UserRole) Required | Resolver: namelessParameter{7} => namelessParameter{7}.Dependencies.Model.FindEntityType("EduConnect.Domain.Entities.User").FindProperty("Role")]).GetTypeMapping().Converter).ConvertFromProviderTyped, dataReader.GetInt32(19));
                                          instance.<TwoFactorEnabled>k__BackingField = dataReader.GetBoolean(20);
                                          instance.<UniversityId>k__BackingField = dataReader.IsDBNull(21) ? default(Guid?) : (Guid?)dataReader.GetGuid(21);
                                          instance.<UpdatedAtUtc>k__BackingField = dataReader.IsDBNull(22) ? default(DateTime?) : (DateTime?)dataReader.GetDateTime(22);
                                          (instance is IInjectableService) ? ((IInjectableService)instance).Injected(
                                              context: materializationContext2.Context, 
                                              entity: instance, 
                                              queryTrackingBehavior: NoTracking, 
                                              structuralType: [LIFTABLE Constant: EntityType: User | Resolver: namelessParameter{8} => namelessParameter{8}.Dependencies.Model.FindEntityType("EduConnect.Domain.Entities.User")]) : default(void);
                                          return instance;
                                      }}
                              default: 
                                  default(User)
                          }
                          ;
                          return instance2;
                      } : 
                      {
                          object[] keyValues2;
                          keyValues2 = new object[]{ (object)dataReader.GetGuid(8) };
                          return ShapedQueryCompilingExpressionVisitor.CreateNullKeyValueInNoTrackingQuery(
                              entityType: [LIFTABLE Constant: EntityType: User | Resolver: namelessParameter{9} => namelessParameter{9}.Dependencies.Model.FindEntityType("EduConnect.Domain.Entities.User")], 
                              properties: [LIFTABLE Constant: List<RuntimeProperty> { Property: User.Id (Guid) Required PK AfterSave:Throw ValueGenerated.OnAdd } | Resolver: c => c.Dependencies.Model.FindEntityType("EduConnect.Domain.Entities.User").FindPrimaryKey().Properties], 
                              keyValues: keyValues2);
                      };
                      return instance2;
                  };
                  entity = 
                  {
                      MaterializationContext materializationContext3;
                      IEntityType entityType3;
                      StudentProfile instance3;
                      materializationContext3 = new MaterializationContext(
                          [LIFTABLE Constant: ValueBuffer | Resolver: _ => (object)ValueBuffer.Empty], 
                          queryContext.Context
                      );
                      instance3 = default(StudentProfile);
                      dataReader.IsDBNull(23) ? default(object) : (object)dataReader.GetGuid(23) != null ? 
                      {
                          ISnapshot shadowSnapshot3;
                          shadowSnapshot3 = [LIFTABLE Constant: Snapshot | Resolver: _ => Snapshot.Empty];
                          entityType3 = [LIFTABLE Constant: EntityType: StudentProfile | Resolver: namelessParameter{10} => namelessParameter{10}.Dependencies.Model.FindEntityType("EduConnect.Domain.Entities.StudentProfile")];
                          instance3 = switch (entityType3)
                          {
                              case [LIFTABLE Constant: EntityType: StudentProfile | Resolver: namelessParameter{11} => namelessParameter{11}.Dependencies.Model.FindEntityType("EduConnect.Domain.Entities.StudentProfile")]: 
                                  {
                                      return 
                                      {
                                          StudentProfile instance;
                                          instance = new StudentProfile();
                                          instance.<Id>k__BackingField = dataReader.IsDBNull(23) ? default(Guid) : dataReader.GetGuid(23);
                                          instance.<AvatarUrl>k__BackingField = dataReader.IsDBNull(24) ? default(string) : (string)dataReader.GetFieldValue<object>(24);
                                          instance.<Bio>k__BackingField = dataReader.IsDBNull(25) ? default(string) : (string)dataReader.GetFieldValue<object>(25);
                                          instance.<CoverImageUrl>k__BackingField = dataReader.IsDBNull(26) ? default(string) : (string)dataReader.GetFieldValue<object>(26);
                                          instance.<CreatedAtUtc>k__BackingField = dataReader.IsDBNull(27) ? default(DateTime) : dataReader.GetDateTime(27);
                                          instance.<Department>k__BackingField = dataReader.IsDBNull(28) ? default(string) : (string)dataReader.GetFieldValue<object>(28);
                                          instance.<UpdatedAtUtc>k__BackingField = dataReader.IsDBNull(29) ? default(DateTime?) : (DateTime?)dataReader.GetDateTime(29);
                                          instance.<UserId>k__BackingField = dataReader.IsDBNull(30) ? default(Guid) : dataReader.GetGuid(30);
                                          instance.<Year>k__BackingField = dataReader.IsDBNull(31) ? default(int) : dataReader.GetInt32(31);
                                          (instance is IInjectableService) ? ((IInjectableService)instance).Injected(
                                              context: materializationContext3.Context, 
                                              entity: instance, 
                                              queryTrackingBehavior: NoTracking, 
                                              structuralType: [LIFTABLE Constant: EntityType: StudentProfile | Resolver: namelessParameter{12} => namelessParameter{12}.Dependencies.Model.FindEntityType("EduConnect.Domain.Entities.StudentProfile")]) : default(void);
                                          return instance;
                                      }}
                              default: 
                                  default(StudentProfile)
                          }
                          ;
                          return instance3;
                      } : default(void);
                      return instance3;
                  };
                  entity = 
                  {
                      MaterializationContext materializationContext4;
                      IEntityType entityType4;
                      Group instance4;
                      materializationContext4 = new MaterializationContext(
                          [LIFTABLE Constant: ValueBuffer | Resolver: _ => (object)ValueBuffer.Empty], 
                          queryContext.Context
                      );
                      instance4 = default(Group);
                      dataReader.IsDBNull(32) ? default(object) : (object)dataReader.GetGuid(32) != null ? 
                      {
                          ISnapshot shadowSnapshot4;
                          shadowSnapshot4 = [LIFTABLE Constant: Snapshot | Resolver: _ => Snapshot.Empty];
                          entityType4 = [LIFTABLE Constant: EntityType: Group | Resolver: namelessParameter{13} => namelessParameter{13}.Dependencies.Model.FindEntityType("EduConnect.Domain.Entities.Group")];
                          instance4 = switch (entityType4)
                          {
                              case [LIFTABLE Constant: EntityType: Group | Resolver: namelessParameter{14} => namelessParameter{14}.Dependencies.Model.FindEntityType("EduConnect.Domain.Entities.Group")]: 
                                  {
                                      return 
                                      {
                                          Group instance;
                                          instance = new Group();
                                          instance.<Id>k__BackingField = dataReader.IsDBNull(32) ? default(Guid) : dataReader.GetGuid(32);
                                          instance.<AvatarUrl>k__BackingField = dataReader.IsDBNull(33) ? default(string) : (string)dataReader.GetFieldValue<object>(33);
                                          instance.<BannerUrl>k__BackingField = dataReader.IsDBNull(34) ? default(string) : (string)dataReader.GetFieldValue<object>(34);
                                          instance.<Category>k__BackingField = dataReader.IsDBNull(35) ? default(string) : (string)dataReader.GetFieldValue<object>(35);
                                          instance.<CreatedAtUtc>k__BackingField = dataReader.IsDBNull(36) ? default(DateTime) : dataReader.GetDateTime(36);
                                          instance.<CreatorUserId>k__BackingField = dataReader.IsDBNull(37) ? default(Guid) : dataReader.GetGuid(37);
                                          instance.<Description>k__BackingField = dataReader.IsDBNull(38) ? default(string) : (string)dataReader.GetFieldValue<object>(38);
                                          instance.<Name>k__BackingField = dataReader.IsDBNull(39) ? default(string) : (string)dataReader.GetFieldValue<object>(39);
                                          instance.<ShortDescription>k__BackingField = dataReader.IsDBNull(40) ? default(string) : (string)dataReader.GetFieldValue<object>(40);
                                          instance.<Slug>k__BackingField = dataReader.IsDBNull(41) ? default(string) : (string)dataReader.GetFieldValue<object>(41);
                                          instance.<UpdatedAtUtc>k__BackingField = dataReader.IsDBNull(42) ? default(DateTime?) : (DateTime?)dataReader.GetDateTime(42);
                                          (instance is IInjectableService) ? ((IInjectableService)instance).Injected(
                                              context: materializationContext4.Context, 
                                              entity: instance, 
                                              queryTrackingBehavior: NoTracking, 
                                              structuralType: [LIFTABLE Constant: EntityType: Group | Resolver: namelessParameter{15} => namelessParameter{15}.Dependencies.Model.FindEntityType("EduConnect.Domain.Entities.Group")]) : default(void);
                                          return instance;
                                      }}
                              default: 
                                  default(Group)
                          }
                          ;
                          return instance4;
                      } : default(void);
                      return instance4;
                  };
                  resultContext.Values = new object[]
                  { 
                      entity, 
                      entity, 
                      entity, 
                      entity 
                  };
                  ShaperProcessingExpressionVisitor.IncludeReference<User, User, StudentProfile>(
                      queryContext: queryContext, 
                      entity: (User)(resultContext.Values[1]), 
                      relatedEntity: (StudentProfile)(resultContext.Values[2]), 
                      navigation: [LIFTABLE Constant: Navigation: User.StudentProfile (StudentProfile) Optional ToDependent StudentProfile Inverse: User | Resolver: namelessParameter{16} => namelessParameter{16}.Dependencies.Model.FindEntityType("EduConnect.Domain.Entities.User").FindNavigation("StudentProfile")], 
                      inverseNavigation: [LIFTABLE Constant: Navigation: StudentProfile.User (User) Required ToPrincipal User Inverse: StudentProfile | Resolver: namelessParameter{17} => namelessParameter{17}.Dependencies.Model.FindEntityType("EduConnect.Domain.Entities.StudentProfile").FindNavigation("User")], 
                      fixup: (namelessParameter{18}, namelessParameter{19}) => 
                      {
                          namelessParameter{18}.<StudentProfile>k__BackingField = namelessParameter{19};
                          return namelessParameter{19}.<User>k__BackingField = namelessParameter{18};
                      }, 
                      trackingQuery: False);
                  ShaperProcessingExpressionVisitor.IncludeReference<Post, Post, User>(
                      queryContext: queryContext, 
                      entity: (Post)(resultContext.Values[0]), 
                      relatedEntity: (User)(resultContext.Values[1]), 
                      navigation: [LIFTABLE Constant: Navigation: Post.User (User) Required ToPrincipal User Inverse: Posts | Resolver: namelessParameter{20} => namelessParameter{20}.Dependencies.Model.FindEntityType("EduConnect.Domain.Entities.Post").FindNavigation("User")], 
                      inverseNavigation: [LIFTABLE Constant: Navigation: User.Posts (ICollection<Post>) Collection ToDependent Post Inverse: User | Resolver: namelessParameter{21} => namelessParameter{21}.Dependencies.Model.FindEntityType("EduConnect.Domain.Entities.User").FindNavigation("Posts")], 
                      fixup: (namelessParameter{22}, namelessParameter{23}) => 
                      {
                          namelessParameter{22}.<User>k__BackingField = namelessParameter{23};
                          return [LIFTABLE Constant: ClrCollectionAccessor<User, ICollection<Post>, Post> | Resolver: namelessParameter{24} => namelessParameter{24}.Dependencies.Model.FindEntityType("EduConnect.Domain.Entities.User").FindNavigation("Posts").GetCollectionAccessor()].Add(
                              entity: namelessParameter{23}, 
                              value: namelessParameter{22}, 
                              forMaterialization: True);
                      }, 
                      trackingQuery: False);
                  ShaperProcessingExpressionVisitor.IncludeReference<Post, Post, Group>(
                      queryContext: queryContext, 
                      entity: (Post)(resultContext.Values[0]), 
                      relatedEntity: (Group)(resultContext.Values[3]), 
                      navigation: [LIFTABLE Constant: Navigation: Post.Group (Group) Optional ToPrincipal Group Inverse: Posts | Resolver: namelessParameter{25} => namelessParameter{25}.Dependencies.Model.FindEntityType("EduConnect.Domain.Entities.Post").FindNavigation("Group")], 
                      inverseNavigation: [LIFTABLE Constant: Navigation: Group.Posts (ICollection<Post>) Collection ToDependent Post Inverse: Group | Resolver: namelessParameter{26} => namelessParameter{26}.Dependencies.Model.FindEntityType("EduConnect.Domain.Entities.Group").FindNavigation("Posts")], 
                      fixup: (namelessParameter{27}, namelessParameter{28}) => 
                      {
                          namelessParameter{27}.<Group>k__BackingField = namelessParameter{28};
                          return [LIFTABLE Constant: ClrCollectionAccessor<Group, ICollection<Post>, Post> | Resolver: namelessParameter{29} => namelessParameter{29}.Dependencies.Model.FindEntityType("EduConnect.Domain.Entities.Group").FindNavigation("Posts").GetCollectionAccessor()].Add(
                              entity: namelessParameter{28}, 
                              value: namelessParameter{27}, 
                              forMaterialization: True);
                      }, 
                      trackingQuery: False);
                  ShaperProcessingExpressionVisitor.InitializeSplitIncludeCollection<Post, Post>(
                      collectionId: 0, 
                      queryContext: queryContext, 
                      parentDataReader: dataReader, 
                      resultCoordinator: resultCoordinator, 
                      entity: (Post)(resultContext.Values[0]), 
                      parentIdentifier: [LIFTABLE Constant: Func<QueryContext, DbDataReader, object[]> | Resolver: _ => (queryContext, dataReader) => new object[]
                      { 
                          (object)(Guid?)dataReader.GetGuid(0), 
                          (object)(Guid?)dataReader.GetGuid(8), 
                          (object)dataReader.IsDBNull(23) ? default(Guid?) : (Guid?)dataReader.GetGuid(23), 
                          (object)dataReader.IsDBNull(32) ? default(Guid?) : (Guid?)dataReader.GetGuid(32) 
                      }], 
                      navigation: [LIFTABLE Constant: Navigation: Post.Likes (ICollection<PostLike>) Collection ToDependent PostLike Inverse: Post | Resolver: namelessParameter{30} => namelessParameter{30}.Dependencies.Model.FindEntityType("EduConnect.Domain.Entities.Post").FindNavigation("Likes")], 
                      clrCollectionAccessor: [LIFTABLE Constant: ClrCollectionAccessor<Post, ICollection<PostLike>, PostLike> | Resolver: namelessParameter{31} => namelessParameter{31}.Dependencies.Model.FindEntityType("EduConnect.Domain.Entities.Post").FindNavigation("Likes").GetCollectionAccessor()], 
                      trackingQuery: False, 
                      setLoaded: True);
                  ShaperProcessingExpressionVisitor.InitializeSplitIncludeCollection<Post, Post>(
                      collectionId: 1, 
                      queryContext: queryContext, 
                      parentDataReader: dataReader, 
                      resultCoordinator: resultCoordinator, 
                      entity: (Post)(resultContext.Values[0]), 
                      parentIdentifier: [LIFTABLE Constant: Func<QueryContext, DbDataReader, object[]> | Resolver: _ => (queryContext, dataReader) => new object[]
                      { 
                          (object)(Guid?)dataReader.GetGuid(0), 
                          (object)(Guid?)dataReader.GetGuid(8), 
                          (object)dataReader.IsDBNull(23) ? default(Guid?) : (Guid?)dataReader.GetGuid(23), 
                          (object)dataReader.IsDBNull(32) ? default(Guid?) : (Guid?)dataReader.GetGuid(32) 
                      }], 
                      navigation: [LIFTABLE Constant: Navigation: Post.Comments (ICollection<PostComment>) Collection ToDependent PostComment Inverse: Post | Resolver: namelessParameter{32} => namelessParameter{32}.Dependencies.Model.FindEntityType("EduConnect.Domain.Entities.Post").FindNavigation("Comments")], 
                      clrCollectionAccessor: [LIFTABLE Constant: ClrCollectionAccessor<Post, ICollection<PostComment>, PostComment> | Resolver: namelessParameter{33} => namelessParameter{33}.Dependencies.Model.FindEntityType("EduConnect.Domain.Entities.Post").FindNavigation("Comments").GetCollectionAccessor()], 
                      trackingQuery: False, 
                      setLoaded: True);
                  ShaperProcessingExpressionVisitor.InitializeSplitIncludeCollection<Post, Post>(
                      collectionId: 2, 
                      queryContext: queryContext, 
                      parentDataReader: dataReader, 
                      resultCoordinator: resultCoordinator, 
                      entity: (Post)(resultContext.Values[0]), 
                      parentIdentifier: [LIFTABLE Constant: Func<QueryContext, DbDataReader, object[]> | Resolver: _ => (queryContext, dataReader) => new object[]
                      { 
                          (object)(Guid?)dataReader.GetGuid(0), 
                          (object)(Guid?)dataReader.GetGuid(8), 
                          (object)dataReader.IsDBNull(23) ? default(Guid?) : (Guid?)dataReader.GetGuid(23), 
                          (object)dataReader.IsDBNull(32) ? default(Guid?) : (Guid?)dataReader.GetGuid(32) 
                      }], 
                      navigation: [LIFTABLE Constant: Navigation: Post.Bookmarks (ICollection<PostBookmark>) Collection ToDependent PostBookmark Inverse: Post | Resolver: namelessParameter{34} => namelessParameter{34}.Dependencies.Model.FindEntityType("EduConnect.Domain.Entities.Post").FindNavigation("Bookmarks")], 
                      clrCollectionAccessor: [LIFTABLE Constant: ClrCollectionAccessor<Post, ICollection<PostBookmark>, PostBookmark> | Resolver: namelessParameter{35} => namelessParameter{35}.Dependencies.Model.FindEntityType("EduConnect.Domain.Entities.Post").FindNavigation("Bookmarks").GetCollectionAccessor()], 
                      trackingQuery: False, 
                      setLoaded: True);
                  ShaperProcessingExpressionVisitor.InitializeSplitIncludeCollection<Post, Post>(
                      collectionId: 3, 
                      queryContext: queryContext, 
                      parentDataReader: dataReader, 
                      resultCoordinator: resultCoordinator, 
                      entity: (Post)(resultContext.Values[0]), 
                      parentIdentifier: [LIFTABLE Constant: Func<QueryContext, DbDataReader, object[]> | Resolver: _ => (queryContext, dataReader) => new object[]
                      { 
                          (object)(Guid?)dataReader.GetGuid(0), 
                          (object)(Guid?)dataReader.GetGuid(8), 
                          (object)dataReader.IsDBNull(23) ? default(Guid?) : (Guid?)dataReader.GetGuid(23), 
                          (object)dataReader.IsDBNull(32) ? default(Guid?) : (Guid?)dataReader.GetGuid(32) 
                      }], 
                      navigation: [LIFTABLE Constant: Navigation: Post.Views (ICollection<PostView>) Collection ToDependent PostView Inverse: Post | Resolver: namelessParameter{36} => namelessParameter{36}.Dependencies.Model.FindEntityType("EduConnect.Domain.Entities.Post").FindNavigation("Views")], 
                      clrCollectionAccessor: [LIFTABLE Constant: ClrCollectionAccessor<Post, ICollection<PostView>, PostView> | Resolver: namelessParameter{37} => namelessParameter{37}.Dependencies.Model.FindEntityType("EduConnect.Domain.Entities.Post").FindNavigation("Views").GetCollectionAccessor()], 
                      trackingQuery: False, 
                      setLoaded: True);
                  return } : (Post)(resultContext.Values[0]), 
              relatedDataLoaders: null, 
              relatedDataLoadersAsync: (queryContext, executionStrategy, resultCoordinator) => ShaperProcessingExpressionVisitor.TaskAwaiter(new Func<Task>[]
              { 
                  () => ShaperProcessingExpressionVisitor.PopulateSplitIncludeCollectionAsync<Post, PostLike>(
                      collectionId: 0, 
                      queryContext: (RelationalQueryContext)queryContext, 
                      executionStrategy: executionStrategy, 
                      relationalCommandResolver: parameters => [LIFTABLE Constant: RelationalCommandCache.QueryExpression(
                          Client Projections:
                              0 -> Dictionary<IPropertyBase, int> { [Property: PostLike.Id (Guid) Required PK AfterSave:Throw ValueGenerated.OnAdd, 0], [Property: PostLike.CreatedAtUtc (DateTime) Required, 1], [Property: PostLike.PostId (Guid) Required FK Index, 2], [Property: PostLike.UpdatedAtUtc (DateTime?), 3], [Property: PostLike.UserId (Guid) Required FK Index, 4] }
                              1 -> 5
                              2 -> 6
                              3 -> 7
                              4 -> 8
                          SELECT p0.Id, p0.CreatedAtUtc, p0.PostId, p0.UpdatedAtUtc, p0.UserId, s0.Id, s0.Id0, s0.Id1, s0.Id2
                          FROM 
                          (
                              SELECT TOP(1) p.Id, u.Id AS Id0, s.Id AS Id1, g.Id AS Id2
                              FROM Posts AS p
                              INNER JOIN Users AS u ON p.UserId == u.Id
                              LEFT JOIN StudentProfiles AS s ON u.Id == s.UserId
                              LEFT JOIN Groups AS g ON p.GroupId == g.Id
                              WHERE Not(p.IsDeleted) && (p.Id == @post_Id)
                              ORDER BY p.Id ASC, u.Id ASC, s.Id ASC, g.Id ASC
                          ) AS s0
                          INNER JOIN PostLikes AS p0 ON s0.Id == p0.PostId
                          ORDER BY s0.Id ASC, s0.Id0 ASC, s0.Id1 ASC, s0.Id2 ASC) | Resolver: c => new RelationalCommandCache(
                          c.Dependencies.MemoryCache, 
                          c.RelationalDependencies.QuerySqlGeneratorFactory, 
                          c.RelationalDependencies.RelationalParameterBasedSqlProcessorFactory, 
                          Client Projections:
                              0 -> Dictionary<IPropertyBase, int> { [Property: PostLike.Id (Guid) Required PK AfterSave:Throw ValueGenerated.OnAdd, 0], [Property: PostLike.CreatedAtUtc (DateTime) Required, 1], [Property: PostLike.PostId (Guid) Required FK Index, 2], [Property: PostLike.UpdatedAtUtc (DateTime?), 3], [Property: PostLike.UserId (Guid) Required FK Index, 4] }
                              1 -> 5
                              2 -> 6
                              3 -> 7
                              4 -> 8
                          SELECT p0.Id, p0.CreatedAtUtc, p0.PostId, p0.UpdatedAtUtc, p0.UserId, s0.Id, s0.Id0, s0.Id1, s0.Id2
                          FROM 
                          (
                              SELECT TOP(1) p.Id, u.Id AS Id0, s.Id AS Id1, g.Id AS Id2
                              FROM Posts AS p
                              INNER JOIN Users AS u ON p.UserId == u.Id
                              LEFT JOIN StudentProfiles AS s ON u.Id == s.UserId
                              LEFT JOIN Groups AS g ON p.GroupId == g.Id
                              WHERE Not(p.IsDeleted) && (p.Id == @post_Id)
                              ORDER BY p.Id ASC, u.Id ASC, s.Id ASC, g.Id ASC
                          ) AS s0
                          INNER JOIN PostLikes AS p0 ON s0.Id == p0.PostId
                          ORDER BY s0.Id ASC, s0.Id0 ASC, s0.Id1 ASC, s0.Id2 ASC, 
                          False, 
                          MultipleParameters
                      )].GetRelationalCommandTemplate(parameters), 
                      readerColumns: [LIFTABLE Constant: ReaderColumn[] { ReaderColumn<Guid>, ReaderColumn<DateTime>, ReaderColumn<Guid>, ReaderColumn<DateTime>, ReaderColumn<Guid>, ReaderColumn<Guid>, ReaderColumn<Guid>, ReaderColumn<Guid>, ReaderColumn<Guid> } | Resolver: namelessParameter{38} => new ReaderColumn[]
                      { 
                          new ReaderColumn<Guid>(
                              False, 
                              null, 
                              namelessParameter{38}.Dependencies.Model.FindEntityType("EduConnect.Domain.Entities.PostLike").FindProperty("Id"), 
                              (dataReader, indexMap) => dataReader.GetGuid(0)
                          ), 
                          new ReaderColumn<DateTime>(
                              False, 
                              null, 
                              namelessParameter{38}.Dependencies.Model.FindEntityType("EduConnect.Domain.Entities.PostLike").FindProperty("CreatedAtUtc"), 
                              (dataReader, indexMap) => dataReader.GetDateTime(1)
                          ), 
                          new ReaderColumn<Guid>(
                              False, 
                              null, 
                              namelessParameter{38}.Dependencies.Model.FindEntityType("EduConnect.Domain.Entities.PostLike").FindProperty("PostId"), 
                              (dataReader, indexMap) => dataReader.GetGuid(2)
                          ), 
                          new ReaderColumn<DateTime>(
                              True, 
                              null, 
                              namelessParameter{38}.Dependencies.Model.FindEntityType("EduConnect.Domain.Entities.PostLike").FindProperty("UpdatedAtUtc"), 
                              (dataReader, indexMap) => dataReader.GetDateTime(3)
                          ), 
                          new ReaderColumn<Guid>(
                              False, 
                              null, 
                              namelessParameter{38}.Dependencies.Model.FindEntityType("EduConnect.Domain.Entities.PostLike").FindProperty("UserId"), 
                              (dataReader, indexMap) => dataReader.GetGuid(4)
                          ), 
                          new ReaderColumn<Guid>(
                              False, 
                              null, 
                              default(IPropertyBase), 
                              (dataReader, indexMap) => dataReader.GetGuid(5)
                          ), 
                          new ReaderColumn<Guid>(
                              False, 
                              null, 
                              default(IPropertyBase), 
                              (dataReader, indexMap) => dataReader.GetGuid(6)
                          ), 
                          new ReaderColumn<Guid>(
                              True, 
                              null, 
                              default(IPropertyBase), 
                              (dataReader, indexMap) => dataReader.GetGuid(7)
                          ), 
                          new ReaderColumn<Guid>(
                              True, 
                              null, 
                              default(IPropertyBase), 
                              (dataReader, indexMap) => dataReader.GetGuid(8)
                          ) 
                      }], 
                      detailedErrorsEnabled: False, 
                      resultCoordinator: resultCoordinator, 
                      childIdentifier: [LIFTABLE Constant: Func<QueryContext, DbDataReader, object[]> | Resolver: _ => (queryContext, dataReader) => new object[]
                      { 
                          (object)(Guid?)dataReader.GetGuid(5), 
                          (object)(Guid?)dataReader.GetGuid(6), 
                          (object)dataReader.IsDBNull(7) ? default(Guid?) : (Guid?)dataReader.GetGuid(7), 
                          (object)dataReader.IsDBNull(8) ? default(Guid?) : (Guid?)dataReader.GetGuid(8) 
                      }], 
                      identifierValueComparers: [LIFTABLE Constant: Func<object, object, bool>[] { Func<object, object, bool>, Func<object, object, bool>, Func<object, object, bool>, Func<object, object, bool> } | Resolver: _ => new Func<object, object, bool>[]
                      { 
                          (left, right) => left == null ? right == null : right != null && (Guid)left == (Guid)right, 
                          (left, right) => left == null ? right == null : right != null && (Guid)left == (Guid)right, 
                          (left, right) => left == null ? right == null : right != null && (Guid)left == (Guid)right, 
                          (left, right) => left == null ? right == null : right != null && (Guid)left == (Guid)right 
                      }], 
                      innerShaper: (queryContext, dataReader, resultContext, resultCoordinator) => 
                      {
                          PostLike entity;
                          entity = 
                          {
                              MaterializationContext materializationContext5;
                              IEntityType entityType5;
                              PostLike instance5;
                              materializationContext5 = new MaterializationContext(
                                  [LIFTABLE Constant: ValueBuffer | Resolver: _ => (object)ValueBuffer.Empty], 
                                  queryContext.Context
                              );
                              instance5 = default(PostLike);
                              (object)dataReader.GetGuid(0) != null ? 
                              {
                                  ISnapshot shadowSnapshot5;
                                  shadowSnapshot5 = [LIFTABLE Constant: Snapshot | Resolver: _ => Snapshot.Empty];
                                  entityType5 = [LIFTABLE Constant: EntityType: PostLike | Resolver: namelessParameter{39} => namelessParameter{39}.Dependencies.Model.FindEntityType("EduConnect.Domain.Entities.PostLike")];
                                  instance5 = switch (entityType5)
                                  {
                                      case [LIFTABLE Constant: EntityType: PostLike | Resolver: namelessParameter{40} => namelessParameter{40}.Dependencies.Model.FindEntityType("EduConnect.Domain.Entities.PostLike")]: 
                                          {
                                              return 
                                              {
                                                  PostLike instance;
                                                  instance = new PostLike();
                                                  instance.<Id>k__BackingField = dataReader.GetGuid(0);
                                                  instance.<CreatedAtUtc>k__BackingField = dataReader.GetDateTime(1);
                                                  instance.<PostId>k__BackingField = dataReader.GetGuid(2);
                                                  instance.<UpdatedAtUtc>k__BackingField = dataReader.IsDBNull(3) ? default(DateTime?) : (DateTime?)dataReader.GetDateTime(3);
                                                  instance.<UserId>k__BackingField = dataReader.GetGuid(4);
                                                  (instance is IInjectableService) ? ((IInjectableService)instance).Injected(
                                                      context: materializationContext5.Context, 
                                                      entity: instance, 
                                                      queryTrackingBehavior: NoTracking, 
                                                      structuralType: [LIFTABLE Constant: EntityType: PostLike | Resolver: namelessParameter{41} => namelessParameter{41}.Dependencies.Model.FindEntityType("EduConnect.Domain.Entities.PostLike")]) : default(void);
                                                  return instance;
                                              }}
                                      default: 
                                          default(PostLike)
                                  }
                                  ;
                                  return instance5;
                              } : 
                              {
                                  object[] keyValues5;
                                  keyValues5 = new object[]{ (object)dataReader.GetGuid(0) };
                                  return ShapedQueryCompilingExpressionVisitor.CreateNullKeyValueInNoTrackingQuery(
                                      entityType: [LIFTABLE Constant: EntityType: PostLike | Resolver: namelessParameter{42} => namelessParameter{42}.Dependencies.Model.FindEntityType("EduConnect.Domain.Entities.PostLike")], 
                                      properties: [LIFTABLE Constant: List<RuntimeProperty> { Property: PostLike.Id (Guid) Required PK AfterSave:Throw ValueGenerated.OnAdd } | Resolver: c => c.Dependencies.Model.FindEntityType("EduConnect.Domain.Entities.PostLike").FindPrimaryKey().Properties], 
                                      keyValues: keyValues5);
                              };
                              return instance5;
                          };
                          return entity;
                      }, 
                      relatedDataLoaders: null, 
                      inverseNavigation: [LIFTABLE Constant: Navigation: PostLike.Post (Post) Required ToPrincipal Post Inverse: Likes | Resolver: namelessParameter{43} => namelessParameter{43}.Dependencies.Model.FindEntityType("EduConnect.Domain.Entities.PostLike").FindNavigation("Post")], 
                      fixup: (namelessParameter{44}, namelessParameter{45}) => 
                      {
                          [LIFTABLE Constant: ClrCollectionAccessor<Post, ICollection<PostLike>, PostLike> | Resolver: namelessParameter{46} => namelessParameter{46}.Dependencies.Model.FindEntityType("EduConnect.Domain.Entities.Post").FindNavigation("Likes").GetCollectionAccessor()].Add(
                              entity: namelessParameter{44}, 
                              value: namelessParameter{45}, 
                              forMaterialization: True);
                          return namelessParameter{45}.<Post>k__BackingField = namelessParameter{44};
                      }, 
                      trackingQuery: False), 
                  () => ShaperProcessingExpressionVisitor.PopulateSplitIncludeCollectionAsync<Post, PostComment>(
                      collectionId: 1, 
                      queryContext: (RelationalQueryContext)queryContext, 
                      executionStrategy: executionStrategy, 
                      relationalCommandResolver: parameters => [LIFTABLE Constant: RelationalCommandCache.QueryExpression(
                          Client Projections:
                              0 -> Dictionary<IPropertyBase, int> { [Property: PostComment.Id (Guid) Required PK AfterSave:Throw ValueGenerated.OnAdd, 0], [Property: PostComment.Content (string) Required MaxLength(500), 1], [Property: PostComment.CreatedAtUtc (DateTime) Required, 2], [Property: PostComment.PostId (Guid) Required FK Index, 3], [Property: PostComment.UpdatedAtUtc (DateTime?), 4], [Property: PostComment.UserId (Guid) Required FK Index, 5] }
                              1 -> 6
                              2 -> 7
                              3 -> 8
                              4 -> 9
                          SELECT p1.Id, p1.Content, p1.CreatedAtUtc, p1.PostId, p1.UpdatedAtUtc, p1.UserId, s1.Id, s1.Id0, s1.Id1, s1.Id2
                          FROM 
                          (
                              SELECT TOP(1) p.Id, u.Id AS Id0, s.Id AS Id1, g.Id AS Id2
                              FROM Posts AS p
                              INNER JOIN Users AS u ON p.UserId == u.Id
                              LEFT JOIN StudentProfiles AS s ON u.Id == s.UserId
                              LEFT JOIN Groups AS g ON p.GroupId == g.Id
                              WHERE Not(p.IsDeleted) && (p.Id == @post_Id)
                              ORDER BY p.Id ASC, u.Id ASC, s.Id ASC, g.Id ASC
                          ) AS s1
                          INNER JOIN PostComments AS p1 ON s1.Id == p1.PostId
                          ORDER BY s1.Id ASC, s1.Id0 ASC, s1.Id1 ASC, s1.Id2 ASC) | Resolver: c => new RelationalCommandCache(
                          c.Dependencies.MemoryCache, 
                          c.RelationalDependencies.QuerySqlGeneratorFactory, 
                          c.RelationalDependencies.RelationalParameterBasedSqlProcessorFactory, 
                          Client Projections:
                              0 -> Dictionary<IPropertyBase, int> { [Property: PostComment.Id (Guid) Required PK AfterSave:Throw ValueGenerated.OnAdd, 0], [Property: PostComment.Content (string) Required MaxLength(500), 1], [Property: PostComment.CreatedAtUtc (DateTime) Required, 2], [Property: PostComment.PostId (Guid) Required FK Index, 3], [Property: PostComment.UpdatedAtUtc (DateTime?), 4], [Property: PostComment.UserId (Guid) Required FK Index, 5] }
                              1 -> 6
                              2 -> 7
                              3 -> 8
                              4 -> 9
                          SELECT p1.Id, p1.Content, p1.CreatedAtUtc, p1.PostId, p1.UpdatedAtUtc, p1.UserId, s1.Id, s1.Id0, s1.Id1, s1.Id2
                          FROM 
                          (
                              SELECT TOP(1) p.Id, u.Id AS Id0, s.Id AS Id1, g.Id AS Id2
                              FROM Posts AS p
                              INNER JOIN Users AS u ON p.UserId == u.Id
                              LEFT JOIN StudentProfiles AS s ON u.Id == s.UserId
                              LEFT JOIN Groups AS g ON p.GroupId == g.Id
                              WHERE Not(p.IsDeleted) && (p.Id == @post_Id)
                              ORDER BY p.Id ASC, u.Id ASC, s.Id ASC, g.Id ASC
                          ) AS s1
                          INNER JOIN PostComments AS p1 ON s1.Id == p1.PostId
                          ORDER BY s1.Id ASC, s1.Id0 ASC, s1.Id1 ASC, s1.Id2 ASC, 
                          False, 
                          MultipleParameters
                      )].GetRelationalCommandTemplate(parameters), 
                      readerColumns: [LIFTABLE Constant: ReaderColumn[] { ReaderColumn<Guid>, ReaderColumn<object>, ReaderColumn<DateTime>, ReaderColumn<Guid>, ReaderColumn<DateTime>, ReaderColumn<Guid>, ReaderColumn<Guid>, ReaderColumn<Guid>, ReaderColumn<Guid>, ReaderColumn<Guid> } | Resolver: namelessParameter{47} => new ReaderColumn[]
                      { 
                          new ReaderColumn<Guid>(
                              False, 
                              null, 
                              namelessParameter{47}.Dependencies.Model.FindEntityType("EduConnect.Domain.Entities.PostComment").FindProperty("Id"), 
                              (dataReader, indexMap) => dataReader.GetGuid(0)
                          ), 
                          new ReaderColumn<object>(
                              False, 
                              null, 
                              namelessParameter{47}.Dependencies.Model.FindEntityType("EduConnect.Domain.Entities.PostComment").FindProperty("Content"), 
                              (dataReader, indexMap) => (object)dataReader.GetString(1)
                          ), 
                          new ReaderColumn<DateTime>(
                              False, 
                              null, 
                              namelessParameter{47}.Dependencies.Model.FindEntityType("EduConnect.Domain.Entities.PostComment").FindProperty("CreatedAtUtc"), 
                              (dataReader, indexMap) => dataReader.GetDateTime(2)
                          ), 
                          new ReaderColumn<Guid>(
                              False, 
                              null, 
                              namelessParameter{47}.Dependencies.Model.FindEntityType("EduConnect.Domain.Entities.PostComment").FindProperty("PostId"), 
                              (dataReader, indexMap) => dataReader.GetGuid(3)
                          ), 
                          new ReaderColumn<DateTime>(
                              True, 
                              null, 
                              namelessParameter{47}.Dependencies.Model.FindEntityType("EduConnect.Domain.Entities.PostComment").FindProperty("UpdatedAtUtc"), 
                              (dataReader, indexMap) => dataReader.GetDateTime(4)
                          ), 
                          new ReaderColumn<Guid>(
                              False, 
                              null, 
                              namelessParameter{47}.Dependencies.Model.FindEntityType("EduConnect.Domain.Entities.PostComment").FindProperty("UserId"), 
                              (dataReader, indexMap) => dataReader.GetGuid(5)
                          ), 
                          new ReaderColumn<Guid>(
                              False, 
                              null, 
                              default(IPropertyBase), 
                              (dataReader, indexMap) => dataReader.GetGuid(6)
                          ), 
                          new ReaderColumn<Guid>(
                              False, 
                              null, 
                              default(IPropertyBase), 
                              (dataReader, indexMap) => dataReader.GetGuid(7)
                          ), 
                          new ReaderColumn<Guid>(
                              True, 
                              null, 
                              default(IPropertyBase), 
                              (dataReader, indexMap) => dataReader.GetGuid(8)
                          ), 
                          new ReaderColumn<Guid>(
                              True, 
                              null, 
                              default(IPropertyBase), 
                              (dataReader, indexMap) => dataReader.GetGuid(9)
                          ) 
                      }], 
                      detailedErrorsEnabled: False, 
                      resultCoordinator: resultCoordinator, 
                      childIdentifier: [LIFTABLE Constant: Func<QueryContext, DbDataReader, object[]> | Resolver: _ => (queryContext, dataReader) => new object[]
                      { 
                          (object)(Guid?)dataReader.GetGuid(6), 
                          (object)(Guid?)dataReader.GetGuid(7), 
                          (object)dataReader.IsDBNull(8) ? default(Guid?) : (Guid?)dataReader.GetGuid(8), 
                          (object)dataReader.IsDBNull(9) ? default(Guid?) : (Guid?)dataReader.GetGuid(9) 
                      }], 
                      identifierValueComparers: [LIFTABLE Constant: Func<object, object, bool>[] { Func<object, object, bool>, Func<object, object, bool>, Func<object, object, bool>, Func<object, object, bool> } | Resolver: _ => new Func<object, object, bool>[]
                      { 
                          (left, right) => left == null ? right == null : right != null && (Guid)left == (Guid)right, 
                          (left, right) => left == null ? right == null : right != null && (Guid)left == (Guid)right, 
                          (left, right) => left == null ? right == null : right != null && (Guid)left == (Guid)right, 
                          (left, right) => left == null ? right == null : right != null && (Guid)left == (Guid)right 
                      }], 
                      innerShaper: (queryContext, dataReader, resultContext, resultCoordinator) => 
                      {
                          PostComment entity;
                          entity = 
                          {
                              MaterializationContext materializationContext6;
                              IEntityType entityType6;
                              PostComment instance6;
                              materializationContext6 = new MaterializationContext(
                                  [LIFTABLE Constant: ValueBuffer | Resolver: _ => (object)ValueBuffer.Empty], 
                                  queryContext.Context
                              );
                              instance6 = default(PostComment);
                              (object)dataReader.GetGuid(0) != null ? 
                              {
                                  ISnapshot shadowSnapshot6;
                                  shadowSnapshot6 = [LIFTABLE Constant: Snapshot | Resolver: _ => Snapshot.Empty];
                                  entityType6 = [LIFTABLE Constant: EntityType: PostComment | Resolver: namelessParameter{48} => namelessParameter{48}.Dependencies.Model.FindEntityType("EduConnect.Domain.Entities.PostComment")];
                                  instance6 = switch (entityType6)
                                  {
                                      case [LIFTABLE Constant: EntityType: PostComment | Resolver: namelessParameter{49} => namelessParameter{49}.Dependencies.Model.FindEntityType("EduConnect.Domain.Entities.PostComment")]: 
                                          {
                                              return 
                                              {
                                                  PostComment instance;
                                                  instance = new PostComment();
                                                  instance.<Id>k__BackingField = dataReader.GetGuid(0);
                                                  instance.<Content>k__BackingField = (string)dataReader.GetFieldValue<object>(1);
                                                  instance.<CreatedAtUtc>k__BackingField = dataReader.GetDateTime(2);
                                                  instance.<PostId>k__BackingField = dataReader.GetGuid(3);
                                                  instance.<UpdatedAtUtc>k__BackingField = dataReader.IsDBNull(4) ? default(DateTime?) : (DateTime?)dataReader.GetDateTime(4);
                                                  instance.<UserId>k__BackingField = dataReader.GetGuid(5);
                                                  (instance is IInjectableService) ? ((IInjectableService)instance).Injected(
                                                      context: materializationContext6.Context, 
                                                      entity: instance, 
                                                      queryTrackingBehavior: NoTracking, 
                                                      structuralType: [LIFTABLE Constant: EntityType: PostComment | Resolver: namelessParameter{50} => namelessParameter{50}.Dependencies.Model.FindEntityType("EduConnect.Domain.Entities.PostComment")]) : default(void);
                                                  return instance;
                                              }}
                                      default: 
                                          default(PostComment)
                                  }
                                  ;
                                  return instance6;
                              } : 
                              {
                                  object[] keyValues6;
                                  keyValues6 = new object[]{ (object)dataReader.GetGuid(0) };
                                  return ShapedQueryCompilingExpressionVisitor.CreateNullKeyValueInNoTrackingQuery(
                                      entityType: [LIFTABLE Constant: EntityType: PostComment | Resolver: namelessParameter{51} => namelessParameter{51}.Dependencies.Model.FindEntityType("EduConnect.Domain.Entities.PostComment")], 
                                      properties: [LIFTABLE Constant: List<RuntimeProperty> { Property: PostComment.Id (Guid) Required PK AfterSave:Throw ValueGenerated.OnAdd } | Resolver: c => c.Dependencies.Model.FindEntityType("EduConnect.Domain.Entities.PostComment").FindPrimaryKey().Properties], 
                                      keyValues: keyValues6);
                              };
                              return instance6;
                          };
                          return entity;
                      }, 
                      relatedDataLoaders: null, 
                      inverseNavigation: [LIFTABLE Constant: Navigation: PostComment.Post (Post) Required ToPrincipal Post Inverse: Comments | Resolver: namelessParameter{52} => namelessParameter{52}.Dependencies.Model.FindEntityType("EduConnect.Domain.Entities.PostComment").FindNavigation("Post")], 
                      fixup: (namelessParameter{53}, namelessParameter{54}) => 
                      {
                          [LIFTABLE Constant: ClrCollectionAccessor<Post, ICollection<PostComment>, PostComment> | Resolver: namelessParameter{55} => namelessParameter{55}.Dependencies.Model.FindEntityType("EduConnect.Domain.Entities.Post").FindNavigation("Comments").GetCollectionAccessor()].Add(
                              entity: namelessParameter{53}, 
                              value: namelessParameter{54}, 
                              forMaterialization: True);
                          return namelessParameter{54}.<Post>k__BackingField = namelessParameter{53};
                      }, 
                      trackingQuery: False), 
                  () => ShaperProcessingExpressionVisitor.PopulateSplitIncludeCollectionAsync<Post, PostBookmark>(
                      collectionId: 2, 
                      queryContext: (RelationalQueryContext)queryContext, 
                      executionStrategy: executionStrategy, 
                      relationalCommandResolver: parameters => [LIFTABLE Constant: RelationalCommandCache.QueryExpression(
                          Client Projections:
                              0 -> Dictionary<IPropertyBase, int> { [Property: PostBookmark.Id (Guid) Required PK AfterSave:Throw ValueGenerated.OnAdd, 0], [Property: PostBookmark.CreatedAtUtc (DateTime) Required, 1], [Property: PostBookmark.PostId (Guid) Required FK Index, 2], [Property: PostBookmark.UpdatedAtUtc (DateTime?), 3], [Property: PostBookmark.UserId (Guid) Required FK Index, 4] }
                              1 -> 5
                              2 -> 6
                              3 -> 7
                              4 -> 8
                          SELECT p2.Id, p2.CreatedAtUtc, p2.PostId, p2.UpdatedAtUtc, p2.UserId, s2.Id, s2.Id0, s2.Id1, s2.Id2
                          FROM 
                          (
                              SELECT TOP(1) p.Id, u.Id AS Id0, s.Id AS Id1, g.Id AS Id2
                              FROM Posts AS p
                              INNER JOIN Users AS u ON p.UserId == u.Id
                              LEFT JOIN StudentProfiles AS s ON u.Id == s.UserId
                              LEFT JOIN Groups AS g ON p.GroupId == g.Id
                              WHERE Not(p.IsDeleted) && (p.Id == @post_Id)
                              ORDER BY p.Id ASC, u.Id ASC, s.Id ASC, g.Id ASC
                          ) AS s2
                          INNER JOIN PostBookmarks AS p2 ON s2.Id == p2.PostId
                          ORDER BY s2.Id ASC, s2.Id0 ASC, s2.Id1 ASC, s2.Id2 ASC) | Resolver: c => new RelationalCommandCache(
                          c.Dependencies.MemoryCache, 
                          c.RelationalDependencies.QuerySqlGeneratorFactory, 
                          c.RelationalDependencies.RelationalParameterBasedSqlProcessorFactory, 
                          Client Projections:
                              0 -> Dictionary<IPropertyBase, int> { [Property: PostBookmark.Id (Guid) Required PK AfterSave:Throw ValueGenerated.OnAdd, 0], [Property: PostBookmark.CreatedAtUtc (DateTime) Required, 1], [Property: PostBookmark.PostId (Guid) Required FK Index, 2], [Property: PostBookmark.UpdatedAtUtc (DateTime?), 3], [Property: PostBookmark.UserId (Guid) Required FK Index, 4] }
                              1 -> 5
                              2 -> 6
                              3 -> 7
                              4 -> 8
                          SELECT p2.Id, p2.CreatedAtUtc, p2.PostId, p2.UpdatedAtUtc, p2.UserId, s2.Id, s2.Id0, s2.Id1, s2.Id2
                          FROM 
                          (
                              SELECT TOP(1) p.Id, u.Id AS Id0, s.Id AS Id1, g.Id AS Id2
                              FROM Posts AS p
                              INNER JOIN Users AS u ON p.UserId == u.Id
                              LEFT JOIN StudentProfiles AS s ON u.Id == s.UserId
                              LEFT JOIN Groups AS g ON p.GroupId == g.Id
                              WHERE Not(p.IsDeleted) && (p.Id == @post_Id)
                              ORDER BY p.Id ASC, u.Id ASC, s.Id ASC, g.Id ASC
                          ) AS s2
                          INNER JOIN PostBookmarks AS p2 ON s2.Id == p2.PostId
                          ORDER BY s2.Id ASC, s2.Id0 ASC, s2.Id1 ASC, s2.Id2 ASC, 
                          False, 
                          MultipleParameters
                      )].GetRelationalCommandTemplate(parameters), 
                      readerColumns: [LIFTABLE Constant: ReaderColumn[] { ReaderColumn<Guid>, ReaderColumn<DateTime>, ReaderColumn<Guid>, ReaderColumn<DateTime>, ReaderColumn<Guid>, ReaderColumn<Guid>, ReaderColumn<Guid>, ReaderColumn<Guid>, ReaderColumn<Guid> } | Resolver: namelessParameter{56} => new ReaderColumn[]
                      { 
                          new ReaderColumn<Guid>(
                              False, 
                              null, 
                              namelessParameter{56}.Dependencies.Model.FindEntityType("EduConnect.Domain.Entities.PostBookmark").FindProperty("Id"), 
                              (dataReader, indexMap) => dataReader.GetGuid(0)
                          ), 
                          new ReaderColumn<DateTime>(
                              False, 
                              null, 
                              namelessParameter{56}.Dependencies.Model.FindEntityType("EduConnect.Domain.Entities.PostBookmark").FindProperty("CreatedAtUtc"), 
                              (dataReader, indexMap) => dataReader.GetDateTime(1)
                          ), 
                          new ReaderColumn<Guid>(
                              False, 
                              null, 
                              namelessParameter{56}.Dependencies.Model.FindEntityType("EduConnect.Domain.Entities.PostBookmark").FindProperty("PostId"), 
                              (dataReader, indexMap) => dataReader.GetGuid(2)
                          ), 
                          new ReaderColumn<DateTime>(
                              True, 
                              null, 
                              namelessParameter{56}.Dependencies.Model.FindEntityType("EduConnect.Domain.Entities.PostBookmark").FindProperty("UpdatedAtUtc"), 
                              (dataReader, indexMap) => dataReader.GetDateTime(3)
                          ), 
                          new ReaderColumn<Guid>(
                              False, 
                              null, 
                              namelessParameter{56}.Dependencies.Model.FindEntityType("EduConnect.Domain.Entities.PostBookmark").FindProperty("UserId"), 
                              (dataReader, indexMap) => dataReader.GetGuid(4)
                          ), 
                          new ReaderColumn<Guid>(
                              False, 
                              null, 
                              default(IPropertyBase), 
                              (dataReader, indexMap) => dataReader.GetGuid(5)
                          ), 
                          new ReaderColumn<Guid>(
                              False, 
                              null, 
                              default(IPropertyBase), 
                              (dataReader, indexMap) => dataReader.GetGuid(6)
                          ), 
                          new ReaderColumn<Guid>(
                              True, 
                              null, 
                              default(IPropertyBase), 
                              (dataReader, indexMap) => dataReader.GetGuid(7)
                          ), 
                          new ReaderColumn<Guid>(
                              True, 
                              null, 
                              default(IPropertyBase), 
                              (dataReader, indexMap) => dataReader.GetGuid(8)
                          ) 
                      }], 
                      detailedErrorsEnabled: False, 
                      resultCoordinator: resultCoordinator, 
                      childIdentifier: [LIFTABLE Constant: Func<QueryContext, DbDataReader, object[]> | Resolver: _ => (queryContext, dataReader) => new object[]
                      { 
                          (object)(Guid?)dataReader.GetGuid(5), 
                          (object)(Guid?)dataReader.GetGuid(6), 
                          (object)dataReader.IsDBNull(7) ? default(Guid?) : (Guid?)dataReader.GetGuid(7), 
                          (object)dataReader.IsDBNull(8) ? default(Guid?) : (Guid?)dataReader.GetGuid(8) 
                      }], 
                      identifierValueComparers: [LIFTABLE Constant: Func<object, object, bool>[] { Func<object, object, bool>, Func<object, object, bool>, Func<object, object, bool>, Func<object, object, bool> } | Resolver: _ => new Func<object, object, bool>[]
                      { 
                          (left, right) => left == null ? right == null : right != null && (Guid)left == (Guid)right, 
                          (left, right) => left == null ? right == null : right != null && (Guid)left == (Guid)right, 
                          (left, right) => left == null ? right == null : right != null && (Guid)left == (Guid)right, 
                          (left, right) => left == null ? right == null : right != null && (Guid)left == (Guid)right 
                      }], 
                      innerShaper: (queryContext, dataReader, resultContext, resultCoordinator) => 
                      {
                          PostBookmark entity;
                          entity = 
                          {
                              MaterializationContext materializationContext7;
                              IEntityType entityType7;
                              PostBookmark instance7;
                              materializationContext7 = new MaterializationContext(
                                  [LIFTABLE Constant: ValueBuffer | Resolver: _ => (object)ValueBuffer.Empty], 
                                  queryContext.Context
                              );
                              instance7 = default(PostBookmark);
                              (object)dataReader.GetGuid(0) != null ? 
                              {
                                  ISnapshot shadowSnapshot7;
                                  shadowSnapshot7 = [LIFTABLE Constant: Snapshot | Resolver: _ => Snapshot.Empty];
                                  entityType7 = [LIFTABLE Constant: EntityType: PostBookmark | Resolver: namelessParameter{57} => namelessParameter{57}.Dependencies.Model.FindEntityType("EduConnect.Domain.Entities.PostBookmark")];
                                  instance7 = switch (entityType7)
                                  {
                                      case [LIFTABLE Constant: EntityType: PostBookmark | Resolver: namelessParameter{58} => namelessParameter{58}.Dependencies.Model.FindEntityType("EduConnect.Domain.Entities.PostBookmark")]: 
                                          {
                                              return 
                                              {
                                                  PostBookmark instance;
                                                  instance = new PostBookmark();
                                                  instance.<Id>k__BackingField = dataReader.GetGuid(0);
                                                  instance.<CreatedAtUtc>k__BackingField = dataReader.GetDateTime(1);
                                                  instance.<PostId>k__BackingField = dataReader.GetGuid(2);
                                                  instance.<UpdatedAtUtc>k__BackingField = dataReader.IsDBNull(3) ? default(DateTime?) : (DateTime?)dataReader.GetDateTime(3);
                                                  instance.<UserId>k__BackingField = dataReader.GetGuid(4);
                                                  (instance is IInjectableService) ? ((IInjectableService)instance).Injected(
                                                      context: materializationContext7.Context, 
                                                      entity: instance, 
                                                      queryTrackingBehavior: NoTracking, 
                                                      structuralType: [LIFTABLE Constant: EntityType: PostBookmark | Resolver: namelessParameter{59} => namelessParameter{59}.Dependencies.Model.FindEntityType("EduConnect.Domain.Entities.PostBookmark")]) : default(void);
                                                  return instance;
                                              }}
                                      default: 
                                          default(PostBookmark)
                                  }
                                  ;
                                  return instance7;
                              } : 
                              {
                                  object[] keyValues7;
                                  keyValues7 = new object[]{ (object)dataReader.GetGuid(0) };
                                  return ShapedQueryCompilingExpressionVisitor.CreateNullKeyValueInNoTrackingQuery(
                                      entityType: [LIFTABLE Constant: EntityType: PostBookmark | Resolver: namelessParameter{60} => namelessParameter{60}.Dependencies.Model.FindEntityType("EduConnect.Domain.Entities.PostBookmark")], 
                                      properties: [LIFTABLE Constant: List<RuntimeProperty> { Property: PostBookmark.Id (Guid) Required PK AfterSave:Throw ValueGenerated.OnAdd } | Resolver: c => c.Dependencies.Model.FindEntityType("EduConnect.Domain.Entities.PostBookmark").FindPrimaryKey().Properties], 
                                      keyValues: keyValues7);
                              };
                              return instance7;
                          };
                          return entity;
                      }, 
                      relatedDataLoaders: null, 
                      inverseNavigation: [LIFTABLE Constant: Navigation: PostBookmark.Post (Post) Required ToPrincipal Post Inverse: Bookmarks | Resolver: namelessParameter{61} => namelessParameter{61}.Dependencies.Model.FindEntityType("EduConnect.Domain.Entities.PostBookmark").FindNavigation("Post")], 
                      fixup: (namelessParameter{62}, namelessParameter{63}) => 
                      {
                          [LIFTABLE Constant: ClrCollectionAccessor<Post, ICollection<PostBookmark>, PostBookmark> | Resolver: namelessParameter{64} => namelessParameter{64}.Dependencies.Model.FindEntityType("EduConnect.Domain.Entities.Post").FindNavigation("Bookmarks").GetCollectionAccessor()].Add(
                              entity: namelessParameter{62}, 
                              value: namelessParameter{63}, 
                              forMaterialization: True);
                          return namelessParameter{63}.<Post>k__BackingField = namelessParameter{62};
                      }, 
                      trackingQuery: False), 
                  () => ShaperProcessingExpressionVisitor.PopulateSplitIncludeCollectionAsync<Post, PostView>(
                      collectionId: 3, 
                      queryContext: (RelationalQueryContext)queryContext, 
                      executionStrategy: executionStrategy, 
                      relationalCommandResolver: parameters => [LIFTABLE Constant: RelationalCommandCache.QueryExpression(
                          Client Projections:
                              0 -> Dictionary<IPropertyBase, int> { [Property: PostView.Id (Guid) Required PK AfterSave:Throw ValueGenerated.OnAdd, 0], [Property: PostView.CreatedAtUtc (DateTime) Required, 1], [Property: PostView.PostId (Guid) Required FK Index, 2], [Property: PostView.UpdatedAtUtc (DateTime?), 3], [Property: PostView.UserId (Guid) Required FK Index, 4] }
                              1 -> 5
                              2 -> 6
                              3 -> 7
                              4 -> 8
                          SELECT p3.Id, p3.CreatedAtUtc, p3.PostId, p3.UpdatedAtUtc, p3.UserId, s3.Id, s3.Id0, s3.Id1, s3.Id2
                          FROM 
                          (
                              SELECT TOP(1) p.Id, u.Id AS Id0, s.Id AS Id1, g.Id AS Id2
                              FROM Posts AS p
                              INNER JOIN Users AS u ON p.UserId == u.Id
                              LEFT JOIN StudentProfiles AS s ON u.Id == s.UserId
                              LEFT JOIN Groups AS g ON p.GroupId == g.Id
                              WHERE Not(p.IsDeleted) && (p.Id == @post_Id)
                              ORDER BY p.Id ASC, u.Id ASC, s.Id ASC, g.Id ASC
                          ) AS s3
                          INNER JOIN PostViews AS p3 ON s3.Id == p3.PostId
                          ORDER BY s3.Id ASC, s3.Id0 ASC, s3.Id1 ASC, s3.Id2 ASC) | Resolver: c => new RelationalCommandCache(
                          c.Dependencies.MemoryCache, 
                          c.RelationalDependencies.QuerySqlGeneratorFactory, 
                          c.RelationalDependencies.RelationalParameterBasedSqlProcessorFactory, 
                          Client Projections:
                              0 -> Dictionary<IPropertyBase, int> { [Property: PostView.Id (Guid) Required PK AfterSave:Throw ValueGenerated.OnAdd, 0], [Property: PostView.CreatedAtUtc (DateTime) Required, 1], [Property: PostView.PostId (Guid) Required FK Index, 2], [Property: PostView.UpdatedAtUtc (DateTime?), 3], [Property: PostView.UserId (Guid) Required FK Index, 4] }
                              1 -> 5
                              2 -> 6
                              3 -> 7
                              4 -> 8
                          SELECT p3.Id, p3.CreatedAtUtc, p3.PostId, p3.UpdatedAtUtc, p3.UserId, s3.Id, s3.Id0, s3.Id1, s3.Id2
                          FROM 
                          (
                              SELECT TOP(1) p.Id, u.Id AS Id0, s.Id AS Id1, g.Id AS Id2
                              FROM Posts AS p
                              INNER JOIN Users AS u ON p.UserId == u.Id
                              LEFT JOIN StudentProfiles AS s ON u.Id == s.UserId
                              LEFT JOIN Groups AS g ON p.GroupId == g.Id
                              WHERE Not(p.IsDeleted) && (p.Id == @post_Id)
                              ORDER BY p.Id ASC, u.Id ASC, s.Id ASC, g.Id ASC
                          ) AS s3
                          INNER JOIN PostViews AS p3 ON s3.Id == p3.PostId
                          ORDER BY s3.Id ASC, s3.Id0 ASC, s3.Id1 ASC, s3.Id2 ASC, 
                          False, 
                          MultipleParameters
                      )].GetRelationalCommandTemplate(parameters), 
                      readerColumns: [LIFTABLE Constant: ReaderColumn[] { ReaderColumn<Guid>, ReaderColumn<DateTime>, ReaderColumn<Guid>, ReaderColumn<DateTime>, ReaderColumn<Guid>, ReaderColumn<Guid>, ReaderColumn<Guid>, ReaderColumn<Guid>, ReaderColumn<Guid> } | Resolver: namelessParameter{65} => new ReaderColumn[]
                      { 
                          new ReaderColumn<Guid>(
                              False, 
                              null, 
                              namelessParameter{65}.Dependencies.Model.FindEntityType("EduConnect.Domain.Entities.PostView").FindProperty("Id"), 
                              (dataReader, indexMap) => dataReader.GetGuid(0)
                          ), 
                          new ReaderColumn<DateTime>(
                              False, 
                              null, 
                              namelessParameter{65}.Dependencies.Model.FindEntityType("EduConnect.Domain.Entities.PostView").FindProperty("CreatedAtUtc"), 
                              (dataReader, indexMap) => dataReader.GetDateTime(1)
                          ), 
                          new ReaderColumn<Guid>(
                              False, 
                              null, 
                              namelessParameter{65}.Dependencies.Model.FindEntityType("EduConnect.Domain.Entities.PostView").FindProperty("PostId"), 
                              (dataReader, indexMap) => dataReader.GetGuid(2)
                          ), 
                          new ReaderColumn<DateTime>(
                              True, 
                              null, 
                              namelessParameter{65}.Dependencies.Model.FindEntityType("EduConnect.Domain.Entities.PostView").FindProperty("UpdatedAtUtc"), 
                              (dataReader, indexMap) => dataReader.GetDateTime(3)
                          ), 
                          new ReaderColumn<Guid>(
                              False, 
                              null, 
                              namelessParameter{65}.Dependencies.Model.FindEntityType("EduConnect.Domain.Entities.PostView").FindProperty("UserId"), 
                              (dataReader, indexMap) => dataReader.GetGuid(4)
                          ), 
                          new ReaderColumn<Guid>(
                              False, 
                              null, 
                              default(IPropertyBase), 
                              (dataReader, indexMap) => dataReader.GetGuid(5)
                          ), 
                          new ReaderColumn<Guid>(
                              False, 
                              null, 
                              default(IPropertyBase), 
                              (dataReader, indexMap) => dataReader.GetGuid(6)
                          ), 
                          new ReaderColumn<Guid>(
                              True, 
                              null, 
                              default(IPropertyBase), 
                              (dataReader, indexMap) => dataReader.GetGuid(7)
                          ), 
                          new ReaderColumn<Guid>(
                              True, 
                              null, 
                              default(IPropertyBase), 
                              (dataReader, indexMap) => dataReader.GetGuid(8)
                          ) 
                      }], 
                      detailedErrorsEnabled: False, 
                      resultCoordinator: resultCoordinator, 
                      childIdentifier: [LIFTABLE Constant: Func<QueryContext, DbDataReader, object[]> | Resolver: _ => (queryContext, dataReader) => new object[]
                      { 
                          (object)(Guid?)dataReader.GetGuid(5), 
                          (object)(Guid?)dataReader.GetGuid(6), 
                          (object)dataReader.IsDBNull(7) ? default(Guid?) : (Guid?)dataReader.GetGuid(7), 
                          (object)dataReader.IsDBNull(8) ? default(Guid?) : (Guid?)dataReader.GetGuid(8) 
                      }], 
                      identifierValueComparers: [LIFTABLE Constant: Func<object, object, bool>[] { Func<object, object, bool>, Func<object, object, bool>, Func<object, object, bool>, Func<object, object, bool> } | Resolver: _ => new Func<object, object, bool>[]
                      { 
                          (left, right) => left == null ? right == null : right != null && (Guid)left == (Guid)right, 
                          (left, right) => left == null ? right == null : right != null && (Guid)left == (Guid)right, 
                          (left, right) => left == null ? right == null : right != null && (Guid)left == (Guid)right, 
                          (left, right) => left == null ? right == null : right != null && (Guid)left == (Guid)right 
                      }], 
                      innerShaper: (queryContext, dataReader, resultContext, resultCoordinator) => 
                      {
                          PostView entity;
                          entity = 
                          {
                              MaterializationContext materializationContext8;
                              IEntityType entityType8;
                              PostView instance8;
                              materializationContext8 = new MaterializationContext(
                                  [LIFTABLE Constant: ValueBuffer | Resolver: _ => (object)ValueBuffer.Empty], 
                                  queryContext.Context
                              );
                              instance8 = default(PostView);
                              (object)dataReader.GetGuid(0) != null ? 
                              {
                                  ISnapshot shadowSnapshot8;
                                  shadowSnapshot8 = [LIFTABLE Constant: Snapshot | Resolver: _ => Snapshot.Empty];
                                  entityType8 = [LIFTABLE Constant: EntityType: PostView | Resolver: namelessParameter{66} => namelessParameter{66}.Dependencies.Model.FindEntityType("EduConnect.Domain.Entities.PostView")];
                                  instance8 = switch (entityType8)
                                  {
                                      case [LIFTABLE Constant: EntityType: PostView | Resolver: namelessParameter{67} => namelessParameter{67}.Dependencies.Model.FindEntityType("EduConnect.Domain.Entities.PostView")]: 
                                          {
                                              return 
                                              {
                                                  PostView instance;
                                                  instance = new PostView();
                                                  instance.<Id>k__BackingField = dataReader.GetGuid(0);
                                                  instance.<CreatedAtUtc>k__BackingField = dataReader.GetDateTime(1);
                                                  instance.<PostId>k__BackingField = dataReader.GetGuid(2);
                                                  instance.<UpdatedAtUtc>k__BackingField = dataReader.IsDBNull(3) ? default(DateTime?) : (DateTime?)dataReader.GetDateTime(3);
                                                  instance.<UserId>k__BackingField = dataReader.GetGuid(4);
                                                  (instance is IInjectableService) ? ((IInjectableService)instance).Injected(
                                                      context: materializationContext8.Context, 
                                                      entity: instance, 
                                                      queryTrackingBehavior: NoTracking, 
                                                      structuralType: [LIFTABLE Constant: EntityType: PostView | Resolver: namelessParameter{68} => namelessParameter{68}.Dependencies.Model.FindEntityType("EduConnect.Domain.Entities.PostView")]) : default(void);
                                                  return instance;
                                              }}
                                      default: 
                                          default(PostView)
                                  }
                                  ;
                                  return instance8;
                              } : 
                              {
                                  object[] keyValues8;
                                  keyValues8 = new object[]{ (object)dataReader.GetGuid(0) };
                                  return ShapedQueryCompilingExpressionVisitor.CreateNullKeyValueInNoTrackingQuery(
                                      entityType: [LIFTABLE Constant: EntityType: PostView | Resolver: namelessParameter{69} => namelessParameter{69}.Dependencies.Model.FindEntityType("EduConnect.Domain.Entities.PostView")], 
                                      properties: [LIFTABLE Constant: List<RuntimeProperty> { Property: PostView.Id (Guid) Required PK AfterSave:Throw ValueGenerated.OnAdd } | Resolver: c => c.Dependencies.Model.FindEntityType("EduConnect.Domain.Entities.PostView").FindPrimaryKey().Properties], 
                                      keyValues: keyValues8);
                              };
                              return instance8;
                          };
                          return entity;
                      }, 
                      relatedDataLoaders: null, 
                      inverseNavigation: [LIFTABLE Constant: Navigation: PostView.Post (Post) Required ToPrincipal Post Inverse: Views | Resolver: namelessParameter{70} => namelessParameter{70}.Dependencies.Model.FindEntityType("EduConnect.Domain.Entities.PostView").FindNavigation("Post")], 
                      fixup: (namelessParameter{71}, namelessParameter{72}) => 
                      {
                          [LIFTABLE Constant: ClrCollectionAccessor<Post, ICollection<PostView>, PostView> | Resolver: namelessParameter{73} => namelessParameter{73}.Dependencies.Model.FindEntityType("EduConnect.Domain.Entities.Post").FindNavigation("Views").GetCollectionAccessor()].Add(
                              entity: namelessParameter{71}, 
                              value: namelessParameter{72}, 
                              forMaterialization: True);
                          return namelessParameter{72}.<Post>k__BackingField = namelessParameter{71};
                      }, 
                      trackingQuery: False) 
              }), 
              contextType: EduConnect.Infrastructure.Data.AppDbContext, 
              standAloneStateManager: False, 
              detailedErrorsEnabled: False, 
              threadSafetyChecksEnabled: True), 
          cancellationToken: queryContext.CancellationToken)'
dbug: Microsoft.EntityFrameworkCore.Database.Connection[20000]
      Opening connection to database 'EduConnectDb' on server 'localhost\SQLEXPRESS'.
dbug: Microsoft.EntityFrameworkCore.Database.Connection[20001]
      Opened connection to database 'EduConnectDb' on server 'localhost\SQLEXPRESS'.
fail: Microsoft.EntityFrameworkCore.Database.Command[20102]
      Failed executing DbCommand (3ms) [Parameters=[@post_Id='?' (DbType = Guid)], CommandType='Text', CommandTimeout='30']
      SELECT [p2].[Id], [p2].[CreatedAtUtc], [p2].[PostId], [p2].[UpdatedAtUtc], [p2].[UserId], [s2].[Id], [s2].[Id0], [s2].[Id1], [s2].[Id2]
      FROM (
          SELECT TOP(1) [p].[Id], [u].[Id] AS [Id0], [s].[Id] AS [Id1], [g].[Id] AS [Id2]
          FROM [Posts] AS [p]
          INNER JOIN [Users] AS [u] ON [p].[UserId] = [u].[Id]
          LEFT JOIN [StudentProfiles] AS [s] ON [u].[Id] = [s].[UserId]
          LEFT JOIN [Groups] AS [g] ON [p].[GroupId] = [g].[Id]
          WHERE [p].[IsDeleted] = CAST(0 AS bit) AND [p].[Id] = @post_Id
          ORDER BY [p].[Id], [u].[Id], [s].[Id], [g].[Id]
      ) AS [s2]
      INNER JOIN [PostBookmarks] AS [p2] ON [s2].[Id] = [p2].[PostId]
      ORDER BY [s2].[Id], [s2].[Id0], [s2].[Id1], [s2].[Id2]
fail: Microsoft.EntityFrameworkCore.Query[10100]
      An exception occurred while iterating over the results of a query for context type 'EduConnect.Infrastructure.Data.AppDbContext'.
      Microsoft.Data.SqlClient.SqlException (0x80131904): Invalid object name 'PostBookmarks'.
         at Microsoft.Data.SqlClient.SqlCommand.<>c.<ExecuteDbDataReaderAsync>b__195_0(Task`1 result)
         at System.Threading.Tasks.ContinuationResultTaskFromResultTask`2.InnerInvoke()
         at System.Threading.ExecutionContext.RunInternal(ExecutionContext executionContext, ContextCallback callback, Object state)
      --- End of stack trace from previous location ---
         at System.Threading.ExecutionContext.RunInternal(ExecutionContext executionContext, ContextCallback callback, Object state)
         at System.Threading.Tasks.Task.ExecuteWithThreadLocal(Task& currentTaskSlot, Thread threadPoolThread)
      --- End of stack trace from previous location ---
         at Microsoft.EntityFrameworkCore.Storage.RelationalCommand.ExecuteReaderAsync(RelationalCommandParameterObject parameterObject, CancellationToken cancellationToken)
         at Microsoft.EntityFrameworkCore.Storage.RelationalCommand.ExecuteReaderAsync(RelationalCommandParameterObject parameterObject, CancellationToken cancellationToken)
         at Microsoft.EntityFrameworkCore.Query.RelationalShapedQueryCompilingExpressionVisitor.ShaperProcessingExpressionVisitor.<PopulateSplitIncludeCollectionAsync>g__InitializeReaderAsync|27_0[TIncludingEntity,TIncludedEntity](RelationalQueryContext queryContext, RelationalCommandResolver relationalCommandResolver, IReadOnlyList`1 readerColumns, Boolean detailedErrorsEnabled, CancellationToken cancellationToken)
         at Microsoft.EntityFrameworkCore.SqlServer.Storage.Internal.SqlServerExecutionStrategy.ExecuteAsync[TState,TResult](TState state, Func`4 operation, Func`4 verifySucceeded, CancellationToken cancellationToken)
         at Microsoft.EntityFrameworkCore.Query.RelationalShapedQueryCompilingExpressionVisitor.ShaperProcessingExpressionVisitor.PopulateSplitIncludeCollectionAsync[TIncludingEntity,TIncludedEntity](Int32 collectionId, RelationalQueryContext queryContext, IExecutionStrategy executionStrategy, RelationalCommandResolver relationalCommandResolver, IReadOnlyList`1 readerColumns, Boolean detailedErrorsEnabled, SplitQueryResultCoordinator resultCoordinator, Func`3 childIdentifier, IReadOnlyList`1 identifierValueComparers, Func`5 innerShaper, Func`4 relatedDataLoaders, INavigationBase inverseNavigation, Action`2 fixup, Boolean trackingQuery)
         at Microsoft.EntityFrameworkCore.Query.RelationalShapedQueryCompilingExpressionVisitor.ShaperProcessingExpressionVisitor.TaskAwaiter(Func`1[] taskFactories)
         at Microsoft.EntityFrameworkCore.Query.Internal.SplitQueryingEnumerable`1.AsyncEnumerator.MoveNextAsync()
      ClientConnectionId:8dc38f7a-1540-4184-a7d8-7d911e1eedad
      Error Number:208,State:1,Class:16
      Microsoft.Data.SqlClient.SqlException (0x80131904): Invalid object name 'PostBookmarks'.
         at Microsoft.Data.SqlClient.SqlCommand.<>c.<ExecuteDbDataReaderAsync>b__195_0(Task`1 result)
         at System.Threading.Tasks.ContinuationResultTaskFromResultTask`2.InnerInvoke()
         at System.Threading.ExecutionContext.RunInternal(ExecutionContext executionContext, ContextCallback callback, Object state)
      --- End of stack trace from previous location ---
         at System.Threading.ExecutionContext.RunInternal(ExecutionContext executionContext, ContextCallback callback, Object state)
         at System.Threading.Tasks.Task.ExecuteWithThreadLocal(Task& currentTaskSlot, Thread threadPoolThread)
      --- End of stack trace from previous location ---
         at Microsoft.EntityFrameworkCore.Storage.RelationalCommand.ExecuteReaderAsync(RelationalCommandParameterObject parameterObject, CancellationToken cancellationToken)
         at Microsoft.EntityFrameworkCore.Storage.RelationalCommand.ExecuteReaderAsync(RelationalCommandParameterObject parameterObject, CancellationToken cancellationToken)
         at Microsoft.EntityFrameworkCore.Query.RelationalShapedQueryCompilingExpressionVisitor.ShaperProcessingExpressionVisitor.<PopulateSplitIncludeCollectionAsync>g__InitializeReaderAsync|27_0[TIncludingEntity,TIncludedEntity](RelationalQueryContext queryContext, RelationalCommandResolver relationalCommandResolver, IReadOnlyList`1 readerColumns, Boolean detailedErrorsEnabled, CancellationToken cancellationToken)
         at Microsoft.EntityFrameworkCore.SqlServer.Storage.Internal.SqlServerExecutionStrategy.ExecuteAsync[TState,TResult](TState state, Func`4 operation, Func`4 verifySucceeded, CancellationToken cancellationToken)
         at Microsoft.EntityFrameworkCore.Query.RelationalShapedQueryCompilingExpressionVisitor.ShaperProcessingExpressionVisitor.PopulateSplitIncludeCollectionAsync[TIncludingEntity,TIncludedEntity](Int32 collectionId, RelationalQueryContext queryContext, IExecutionStrategy executionStrategy, RelationalCommandResolver relationalCommandResolver, IReadOnlyList`1 readerColumns, Boolean detailedErrorsEnabled, SplitQueryResultCoordinator resultCoordinator, Func`3 childIdentifier, IReadOnlyList`1 identifierValueComparers, Func`5 innerShaper, Func`4 relatedDataLoaders, INavigationBase inverseNavigation, Action`2 fixup, Boolean trackingQuery)
         at Microsoft.EntityFrameworkCore.Query.RelationalShapedQueryCompilingExpressionVisitor.ShaperProcessingExpressionVisitor.TaskAwaiter(Func`1[] taskFactories)
         at Microsoft.EntityFrameworkCore.Query.Internal.SplitQueryingEnumerable`1.AsyncEnumerator.MoveNextAsync()
      ClientConnectionId:8dc38f7a-1540-4184-a7d8-7d911e1eedad
      Error Number:208,State:1,Class:16
dbug: Microsoft.EntityFrameworkCore.Database.Connection[20002]
      Closing connection to database 'EduConnectDb' on server 'localhost\SQLEXPRESS'.
dbug: Microsoft.EntityFrameworkCore.Database.Connection[20003]
      Closed connection to database 'EduConnectDb' on server 'localhost\SQLEXPRESS' (0ms).
info: Microsoft.AspNetCore.Mvc.Infrastructure.ControllerActionInvoker[105]
      Executed action EduConnect.Api.Controllers.PostsController.Create (EduConnect.Api) in 638.0752ms
info: Microsoft.AspNetCore.Routing.EndpointMiddleware[1]
      Executed endpoint 'EduConnect.Api.Controllers.PostsController.Create (EduConnect.Api)'
fail: EduConnect.Api.Middleware.GlobalExceptionHandler[0]
      Unhandled exception occurred while processing the request.
      Microsoft.Data.SqlClient.SqlException (0x80131904): Invalid object name 'PostBookmarks'.
         at Microsoft.Data.SqlClient.SqlCommand.<>c.<ExecuteDbDataReaderAsync>b__195_0(Task`1 result)
         at System.Threading.Tasks.ContinuationResultTaskFromResultTask`2.InnerInvoke()
         at System.Threading.ExecutionContext.RunInternal(ExecutionContext executionContext, ContextCallback callback, Object state)
      --- End of stack trace from previous location ---
         at System.Threading.ExecutionContext.RunInternal(ExecutionContext executionContext, ContextCallback callback, Object state)
         at System.Threading.Tasks.Task.ExecuteWithThreadLocal(Task& currentTaskSlot, Thread threadPoolThread)
      --- End of stack trace from previous location ---
         at Microsoft.EntityFrameworkCore.Storage.RelationalCommand.ExecuteReaderAsync(RelationalCommandParameterObject parameterObject, CancellationToken cancellationToken)
         at Microsoft.EntityFrameworkCore.Storage.RelationalCommand.ExecuteReaderAsync(RelationalCommandParameterObject parameterObject, CancellationToken cancellationToken)
         at Microsoft.EntityFrameworkCore.Query.RelationalShapedQueryCompilingExpressionVisitor.ShaperProcessingExpressionVisitor.<PopulateSplitIncludeCollectionAsync>g__InitializeReaderAsync|27_0[TIncludingEntity,TIncludedEntity](RelationalQueryContext queryContext, RelationalCommandResolver relationalCommandResolver, IReadOnlyList`1 readerColumns, Boolean detailedErrorsEnabled, CancellationToken cancellationToken)
         at Microsoft.EntityFrameworkCore.SqlServer.Storage.Internal.SqlServerExecutionStrategy.ExecuteAsync[TState,TResult](TState state, Func`4 operation, Func`4 verifySucceeded, CancellationToken cancellationToken)
         at Microsoft.EntityFrameworkCore.Query.RelationalShapedQueryCompilingExpressionVisitor.ShaperProcessingExpressionVisitor.PopulateSplitIncludeCollectionAsync[TIncludingEntity,TIncludedEntity](Int32 collectionId, RelationalQueryContext queryContext, IExecutionStrategy executionStrategy, RelationalCommandResolver relationalCommandResolver, IReadOnlyList`1 readerColumns, Boolean detailedErrorsEnabled, SplitQueryResultCoordinator resultCoordinator, Func`3 childIdentifier, IReadOnlyList`1 identifierValueComparers, Func`5 innerShaper, Func`4 relatedDataLoaders, INavigationBase inverseNavigation, Action`2 fixup, Boolean trackingQuery)
         at Microsoft.EntityFrameworkCore.Query.RelationalShapedQueryCompilingExpressionVisitor.ShaperProcessingExpressionVisitor.TaskAwaiter(Func`1[] taskFactories)
         at Microsoft.EntityFrameworkCore.Query.Internal.SplitQueryingEnumerable`1.AsyncEnumerator.MoveNextAsync()
         at Microsoft.EntityFrameworkCore.Query.ShapedQueryCompilingExpressionVisitor.SingleAsync[TSource](IAsyncEnumerable`1 asyncEnumerable, CancellationToken cancellationToken)
         at Microsoft.EntityFrameworkCore.Query.ShapedQueryCompilingExpressionVisitor.SingleAsync[TSource](IAsyncEnumerable`1 asyncEnumerable, CancellationToken cancellationToken)
         at EduConnect.Api.Controllers.PostsController.Create(CreatePostRequest request, IFormFile image, CancellationToken cancellationToken) in C:\Users\FIRAT\Desktop\Tubitak-Tez\backend\src\EduConnect.Api\Controllers\PostsController.cs:line 157
         at lambda_method410(Closure, Object)
         at Microsoft.AspNetCore.Mvc.Infrastructure.ActionMethodExecutor.AwaitableObjectResultExecutor.Execute(ActionContext actionContext, IActionResultTypeMapper mapper, ObjectMethodExecutor executor, Object controller, Object[] arguments)
         at Microsoft.AspNetCore.Mvc.Infrastructure.ControllerActionInvoker.<InvokeActionMethodAsync>g__Awaited|12_0(ControllerActionInvoker invoker, ValueTask`1 actionResultValueTask)
         at Microsoft.AspNetCore.Mvc.Infrastructure.ControllerActionInvoker.<InvokeNextActionFilterAsync>g__Awaited|10_0(ControllerActionInvoker invoker, Task lastTask, State next, Scope scope, Object state, Boolean isCompleted)
         at Microsoft.AspNetCore.Mvc.Infrastructure.ControllerActionInvoker.Rethrow(ActionExecutedContextSealed context)
         at Microsoft.AspNetCore.Mvc.Infrastructure.ControllerActionInvoker.Next(State& next, Scope& scope, Object& state, Boolean& isCompleted)
         at Microsoft.AspNetCore.Mvc.Infrastructure.ControllerActionInvoker.<InvokeInnerFilterAsync>g__Awaited|13_0(ControllerActionInvoker invoker, Task lastTask, State next, Scope scope, Object state, Boolean isCompleted)
         at Microsoft.AspNetCore.Mvc.Infrastructure.ResourceInvoker.<InvokeFilterPipelineAsync>g__Awaited|20_0(ResourceInvoker invoker, Task lastTask, State next, Scope scope, Object state, Boolean isCompleted)
         at Microsoft.AspNetCore.Mvc.Infrastructure.ResourceInvoker.<InvokeAsync>g__Logged|17_1(ResourceInvoker invoker)
         at Microsoft.AspNetCore.Mvc.Infrastructure.ResourceInvoker.<InvokeAsync>g__Logged|17_1(ResourceInvoker invoker)
         at Microsoft.AspNetCore.Routing.EndpointMiddleware.<Invoke>g__AwaitRequestTask|7_0(Endpoint endpoint, Task requestTask, ILogger logger)
         at Microsoft.AspNetCore.Authorization.AuthorizationMiddleware.Invoke(HttpContext context)
         at Microsoft.AspNetCore.Authentication.AuthenticationMiddleware.Invoke(HttpContext context)
         at Swashbuckle.AspNetCore.SwaggerUI.SwaggerUIMiddleware.Invoke(HttpContext httpContext)
         at Swashbuckle.AspNetCore.Swagger.SwaggerMiddleware.Invoke(HttpContext httpContext, ISwaggerProvider swaggerProvider)
         at Microsoft.AspNetCore.Diagnostics.ExceptionHandlerMiddlewareImpl.<Invoke>g__Awaited|10_0(ExceptionHandlerMiddlewareImpl middleware, HttpContext context, Task task)
      ClientConnectionId:8dc38f7a-1540-4184-a7d8-7d911e1eedad
      Error Number:208,State:1,Class:16
dbug: Microsoft.EntityFrameworkCore.Infrastructure[10407]
      'AppDbContext' disposed.
dbug: Microsoft.EntityFrameworkCore.Database.Connection[20007]
      Disposing connection to database 'EduConnectDb' on server 'localhost\SQLEXPRESS'.
dbug: Microsoft.EntityFrameworkCore.Database.Connection[20008]
      Disposed connection to database '' on server '' (0ms).
info: Microsoft.AspNetCore.Hosting.Diagnostics[2]
      Request finished HTTP/1.1 POST http://localhost:5160/api/posts - 500 - application/json;+charset=utf-8 672.7036ms
info: Microsoft.AspNetCore.Hosting.Diagnostics[1]
      Request starting HTTP/1.1 GET http://localhost:5160/health - - -
info: Microsoft.AspNetCore.Routing.EndpointMiddleware[0]
      Executing endpoint 'HTTP: GET /health'
info: Microsoft.AspNetCore.Http.Result.OkObjectResult[1]
      Setting HTTP status code 200.
info: Microsoft.AspNetCore.Http.Result.OkObjectResult[3]
      Writing value of type '<>f__AnonymousType5`2' as Json.
info: Microsoft.AspNetCore.Routing.EndpointMiddleware[1]
      Executed endpoint 'HTTP: GET /health'
info: Microsoft.AspNetCore.Hosting.Diagnostics[2]
      Request finished HTTP/1.1 GET http://localhost:5160/health - 200 - application/json;+charset=utf-8 42.7125ms
info: Microsoft.AspNetCore.Hosting.Diagnostics[1]
      Request starting HTTP/1.1 OPTIONS http://localhost:5160/api/posts?page=1&pageSize=10 - - -
info: Microsoft.AspNetCore.Cors.Infrastructure.CorsService[4]
      CORS policy execution successful.
info: Microsoft.AspNetCore.Hosting.Diagnostics[2]
      Request finished HTTP/1.1 OPTIONS http://localhost:5160/api/posts?page=1&pageSize=10 - 204 - - 0.3794ms
info: Microsoft.AspNetCore.Hosting.Diagnostics[1]
      Request starting HTTP/1.1 GET http://localhost:5160/api/posts?page=1&pageSize=10 - - -
info: Microsoft.AspNetCore.Cors.Infrastructure.CorsService[4]
      CORS policy execution successful.
info: Microsoft.AspNetCore.Routing.EndpointMiddleware[0]
      Executing endpoint 'EduConnect.Api.Controllers.PostsController.GetAll (EduConnect.Api)'
info: Microsoft.AspNetCore.Mvc.Infrastructure.ControllerActionInvoker[102]
      Route matched with {action = "GetAll", controller = "Posts"}. Executing controller action with signature System.Threading.Tasks.Task`1[Microsoft.AspNetCore.Mvc.ActionResult`1[EduConnect.Application.Contracts.Common.PagedResponse`1[EduConnect.Application.Contracts.Posts.PostResponse]]] GetAll(Int32, Int32, System.Threading.CancellationToken) on controller EduConnect.Api.Controllers.PostsController (EduConnect.Api).
dbug: Microsoft.EntityFrameworkCore.Infrastructure[10403]
      Entity Framework Core 10.0.5 initialized 'AppDbContext' using provider 'Microsoft.EntityFrameworkCore.SqlServer:10.0.5' with options: MigrationsAssembly=EduConnect.Infrastructure, Version=1.0.0.0, Culture=neutral, PublicKeyToken=null EngineType=SqlServer 
dbug: Microsoft.EntityFrameworkCore.Database.Connection[20005]
      Creating DbConnection.
dbug: Microsoft.EntityFrameworkCore.Database.Connection[20006]
      Created DbConnection. (0ms).
dbug: Microsoft.EntityFrameworkCore.Database.Connection[20000]
      Opening connection to database 'EduConnectDb' on server 'localhost\SQLEXPRESS'.
dbug: Microsoft.EntityFrameworkCore.Database.Connection[20001]
      Opened connection to database 'EduConnectDb' on server 'localhost\SQLEXPRESS'.
dbug: Microsoft.EntityFrameworkCore.Database.Connection[20002]
      Closing connection to database 'EduConnectDb' on server 'localhost\SQLEXPRESS'.
dbug: Microsoft.EntityFrameworkCore.Database.Connection[20003]
      Closed connection to database 'EduConnectDb' on server 'localhost\SQLEXPRESS' (0ms).
dbug: Microsoft.EntityFrameworkCore.Database.Connection[20000]
      Opening connection to database 'EduConnectDb' on server 'localhost\SQLEXPRESS'.
dbug: Microsoft.EntityFrameworkCore.Database.Connection[20001]
      Opened connection to database 'EduConnectDb' on server 'localhost\SQLEXPRESS'.
fail: Microsoft.EntityFrameworkCore.Database.Command[20102]
      Failed executing DbCommand (2ms) [Parameters=[@p='?' (DbType = Int32), @p1='?' (DbType = Int32)], CommandType='Text', CommandTimeout='30']
      SELECT [p3].[Id], [p3].[CreatedAtUtc], [p3].[PostId], [p3].[UpdatedAtUtc], [p3].[UserId], [p0].[Id], [u].[Id], [s].[Id], [g].[Id]
      FROM (
          SELECT [p].[Id], [p].[CreatedAtUtc], [p].[GroupId], [p].[UserId]
          FROM [Posts] AS [p]
          WHERE [p].[IsDeleted] = CAST(0 AS bit)
          ORDER BY [p].[CreatedAtUtc] DESC
          OFFSET @p ROWS FETCH NEXT @p1 ROWS ONLY
      ) AS [p0]
      INNER JOIN [Users] AS [u] ON [p0].[UserId] = [u].[Id]
      LEFT JOIN [StudentProfiles] AS [s] ON [u].[Id] = [s].[UserId]
      LEFT JOIN [Groups] AS [g] ON [p0].[GroupId] = [g].[Id]
      INNER JOIN [PostBookmarks] AS [p3] ON [p0].[Id] = [p3].[PostId]
      ORDER BY [p0].[CreatedAtUtc] DESC, [p0].[Id], [u].[Id], [s].[Id], [g].[Id]
fail: Microsoft.EntityFrameworkCore.Query[10100]
      An exception occurred while iterating over the results of a query for context type 'EduConnect.Infrastructure.Data.AppDbContext'.
      Microsoft.Data.SqlClient.SqlException (0x80131904): Invalid object name 'PostBookmarks'.
         at Microsoft.Data.SqlClient.SqlCommand.<>c.<ExecuteDbDataReaderAsync>b__195_0(Task`1 result)
         at System.Threading.Tasks.ContinuationResultTaskFromResultTask`2.InnerInvoke()
         at System.Threading.ExecutionContext.RunInternal(ExecutionContext executionContext, ContextCallback callback, Object state)
      --- End of stack trace from previous location ---
         at System.Threading.ExecutionContext.RunInternal(ExecutionContext executionContext, ContextCallback callback, Object state)
         at System.Threading.Tasks.Task.ExecuteWithThreadLocal(Task& currentTaskSlot, Thread threadPoolThread)
      --- End of stack trace from previous location ---
         at Microsoft.EntityFrameworkCore.Storage.RelationalCommand.ExecuteReaderAsync(RelationalCommandParameterObject parameterObject, CancellationToken cancellationToken)
         at Microsoft.EntityFrameworkCore.Storage.RelationalCommand.ExecuteReaderAsync(RelationalCommandParameterObject parameterObject, CancellationToken cancellationToken)
         at Microsoft.EntityFrameworkCore.Query.RelationalShapedQueryCompilingExpressionVisitor.ShaperProcessingExpressionVisitor.<PopulateSplitIncludeCollectionAsync>g__InitializeReaderAsync|27_0[TIncludingEntity,TIncludedEntity](RelationalQueryContext queryContext, RelationalCommandResolver relationalCommandResolver, IReadOnlyList`1 readerColumns, Boolean detailedErrorsEnabled, CancellationToken cancellationToken)
         at Microsoft.EntityFrameworkCore.SqlServer.Storage.Internal.SqlServerExecutionStrategy.ExecuteAsync[TState,TResult](TState state, Func`4 operation, Func`4 verifySucceeded, CancellationToken cancellationToken)
         at Microsoft.EntityFrameworkCore.Query.RelationalShapedQueryCompilingExpressionVisitor.ShaperProcessingExpressionVisitor.PopulateSplitIncludeCollectionAsync[TIncludingEntity,TIncludedEntity](Int32 collectionId, RelationalQueryContext queryContext, IExecutionStrategy executionStrategy, RelationalCommandResolver relationalCommandResolver, IReadOnlyList`1 readerColumns, Boolean detailedErrorsEnabled, SplitQueryResultCoordinator resultCoordinator, Func`3 childIdentifier, IReadOnlyList`1 identifierValueComparers, Func`5 innerShaper, Func`4 relatedDataLoaders, INavigationBase inverseNavigation, Action`2 fixup, Boolean trackingQuery)
         at Microsoft.EntityFrameworkCore.Query.RelationalShapedQueryCompilingExpressionVisitor.ShaperProcessingExpressionVisitor.TaskAwaiter(Func`1[] taskFactories)
         at Microsoft.EntityFrameworkCore.Query.Internal.SplitQueryingEnumerable`1.AsyncEnumerator.MoveNextAsync()
      ClientConnectionId:8dc38f7a-1540-4184-a7d8-7d911e1eedad
      Error Number:208,State:1,Class:16
      Microsoft.Data.SqlClient.SqlException (0x80131904): Invalid object name 'PostBookmarks'.
         at Microsoft.Data.SqlClient.SqlCommand.<>c.<ExecuteDbDataReaderAsync>b__195_0(Task`1 result)
         at System.Threading.Tasks.ContinuationResultTaskFromResultTask`2.InnerInvoke()
         at System.Threading.ExecutionContext.RunInternal(ExecutionContext executionContext, ContextCallback callback, Object state)
      --- End of stack trace from previous location ---
         at System.Threading.ExecutionContext.RunInternal(ExecutionContext executionContext, ContextCallback callback, Object state)
         at System.Threading.Tasks.Task.ExecuteWithThreadLocal(Task& currentTaskSlot, Thread threadPoolThread)
      --- End of stack trace from previous location ---
         at Microsoft.EntityFrameworkCore.Storage.RelationalCommand.ExecuteReaderAsync(RelationalCommandParameterObject parameterObject, CancellationToken cancellationToken)
         at Microsoft.EntityFrameworkCore.Storage.RelationalCommand.ExecuteReaderAsync(RelationalCommandParameterObject parameterObject, CancellationToken cancellationToken)
         at Microsoft.EntityFrameworkCore.Query.RelationalShapedQueryCompilingExpressionVisitor.ShaperProcessingExpressionVisitor.<PopulateSplitIncludeCollectionAsync>g__InitializeReaderAsync|27_0[TIncludingEntity,TIncludedEntity](RelationalQueryContext queryContext, RelationalCommandResolver relationalCommandResolver, IReadOnlyList`1 readerColumns, Boolean detailedErrorsEnabled, CancellationToken cancellationToken)
         at Microsoft.EntityFrameworkCore.SqlServer.Storage.Internal.SqlServerExecutionStrategy.ExecuteAsync[TState,TResult](TState state, Func`4 operation, Func`4 verifySucceeded, CancellationToken cancellationToken)
         at Microsoft.EntityFrameworkCore.Query.RelationalShapedQueryCompilingExpressionVisitor.ShaperProcessingExpressionVisitor.PopulateSplitIncludeCollectionAsync[TIncludingEntity,TIncludedEntity](Int32 collectionId, RelationalQueryContext queryContext, IExecutionStrategy executionStrategy, RelationalCommandResolver relationalCommandResolver, IReadOnlyList`1 readerColumns, Boolean detailedErrorsEnabled, SplitQueryResultCoordinator resultCoordinator, Func`3 childIdentifier, IReadOnlyList`1 identifierValueComparers, Func`5 innerShaper, Func`4 relatedDataLoaders, INavigationBase inverseNavigation, Action`2 fixup, Boolean trackingQuery)
         at Microsoft.EntityFrameworkCore.Query.RelationalShapedQueryCompilingExpressionVisitor.ShaperProcessingExpressionVisitor.TaskAwaiter(Func`1[] taskFactories)
         at Microsoft.EntityFrameworkCore.Query.Internal.SplitQueryingEnumerable`1.AsyncEnumerator.MoveNextAsync()
      ClientConnectionId:8dc38f7a-1540-4184-a7d8-7d911e1eedad
      Error Number:208,State:1,Class:16
dbug: Microsoft.EntityFrameworkCore.Database.Connection[20002]
      Closing connection to database 'EduConnectDb' on server 'localhost\SQLEXPRESS'.
dbug: Microsoft.EntityFrameworkCore.Database.Connection[20003]
      Closed connection to database 'EduConnectDb' on server 'localhost\SQLEXPRESS' (0ms).
info: Microsoft.AspNetCore.Mvc.Infrastructure.ControllerActionInvoker[105]
      Executed action EduConnect.Api.Controllers.PostsController.GetAll (EduConnect.Api) in 55.8385ms
info: Microsoft.AspNetCore.Routing.EndpointMiddleware[1]
      Executed endpoint 'EduConnect.Api.Controllers.PostsController.GetAll (EduConnect.Api)'
fail: EduConnect.Api.Middleware.GlobalExceptionHandler[0]
      Unhandled exception occurred while processing the request.
      Microsoft.Data.SqlClient.SqlException (0x80131904): Invalid object name 'PostBookmarks'.
         at Microsoft.Data.SqlClient.SqlCommand.<>c.<ExecuteDbDataReaderAsync>b__195_0(Task`1 result)
         at System.Threading.Tasks.ContinuationResultTaskFromResultTask`2.InnerInvoke()
         at System.Threading.ExecutionContext.RunInternal(ExecutionContext executionContext, ContextCallback callback, Object state)
      --- End of stack trace from previous location ---
         at System.Threading.ExecutionContext.RunInternal(ExecutionContext executionContext, ContextCallback callback, Object state)
         at System.Threading.Tasks.Task.ExecuteWithThreadLocal(Task& currentTaskSlot, Thread threadPoolThread)
      --- End of stack trace from previous location ---
         at Microsoft.EntityFrameworkCore.Storage.RelationalCommand.ExecuteReaderAsync(RelationalCommandParameterObject parameterObject, CancellationToken cancellationToken)
         at Microsoft.EntityFrameworkCore.Storage.RelationalCommand.ExecuteReaderAsync(RelationalCommandParameterObject parameterObject, CancellationToken cancellationToken)
         at Microsoft.EntityFrameworkCore.Query.RelationalShapedQueryCompilingExpressionVisitor.ShaperProcessingExpressionVisitor.<PopulateSplitIncludeCollectionAsync>g__InitializeReaderAsync|27_0[TIncludingEntity,TIncludedEntity](RelationalQueryContext queryContext, RelationalCommandResolver relationalCommandResolver, IReadOnlyList`1 readerColumns, Boolean detailedErrorsEnabled, CancellationToken cancellationToken)
         at Microsoft.EntityFrameworkCore.SqlServer.Storage.Internal.SqlServerExecutionStrategy.ExecuteAsync[TState,TResult](TState state, Func`4 operation, Func`4 verifySucceeded, CancellationToken cancellationToken)
         at Microsoft.EntityFrameworkCore.Query.RelationalShapedQueryCompilingExpressionVisitor.ShaperProcessingExpressionVisitor.PopulateSplitIncludeCollectionAsync[TIncludingEntity,TIncludedEntity](Int32 collectionId, RelationalQueryContext queryContext, IExecutionStrategy executionStrategy, RelationalCommandResolver relationalCommandResolver, IReadOnlyList`1 readerColumns, Boolean detailedErrorsEnabled, SplitQueryResultCoordinator resultCoordinator, Func`3 childIdentifier, IReadOnlyList`1 identifierValueComparers, Func`5 innerShaper, Func`4 relatedDataLoaders, INavigationBase inverseNavigation, Action`2 fixup, Boolean trackingQuery)
         at Microsoft.EntityFrameworkCore.Query.RelationalShapedQueryCompilingExpressionVisitor.ShaperProcessingExpressionVisitor.TaskAwaiter(Func`1[] taskFactories)
         at Microsoft.EntityFrameworkCore.Query.Internal.SplitQueryingEnumerable`1.AsyncEnumerator.MoveNextAsync()
         at Microsoft.EntityFrameworkCore.EntityFrameworkQueryableExtensions.ToListAsync[TSource](IQueryable`1 source, CancellationToken cancellationToken)
         at Microsoft.EntityFrameworkCore.EntityFrameworkQueryableExtensions.ToListAsync[TSource](IQueryable`1 source, CancellationToken cancellationToken)
         at EduConnect.Api.Controllers.PostsController.GetAll(Int32 page, Int32 pageSize, CancellationToken cancellationToken) in C:\Users\FIRAT\Desktop\Tubitak-Tez\backend\src\EduConnect.Api\Controllers\PostsController.cs:line 34
         at lambda_method50(Closure, Object)
         at Microsoft.AspNetCore.Mvc.Infrastructure.ActionMethodExecutor.AwaitableObjectResultExecutor.Execute(ActionContext actionContext, IActionResultTypeMapper mapper, ObjectMethodExecutor executor, Object controller, Object[] arguments)
         at Microsoft.AspNetCore.Mvc.Infrastructure.ControllerActionInvoker.<InvokeActionMethodAsync>g__Awaited|12_0(ControllerActionInvoker invoker, ValueTask`1 actionResultValueTask)
         at Microsoft.AspNetCore.Mvc.Infrastructure.ControllerActionInvoker.<InvokeNextActionFilterAsync>g__Awaited|10_0(ControllerActionInvoker invoker, Task lastTask, State next, Scope scope, Object state, Boolean isCompleted)
         at Microsoft.AspNetCore.Mvc.Infrastructure.ControllerActionInvoker.Rethrow(ActionExecutedContextSealed context)
         at Microsoft.AspNetCore.Mvc.Infrastructure.ControllerActionInvoker.Next(State& next, Scope& scope, Object& state, Boolean& isCompleted)
         at Microsoft.AspNetCore.Mvc.Infrastructure.ControllerActionInvoker.<InvokeInnerFilterAsync>g__Awaited|13_0(ControllerActionInvoker invoker, Task lastTask, State next, Scope scope, Object state, Boolean isCompleted)
         at Microsoft.AspNetCore.Mvc.Infrastructure.ResourceInvoker.<InvokeFilterPipelineAsync>g__Awaited|20_0(ResourceInvoker invoker, Task lastTask, State next, Scope scope, Object state, Boolean isCompleted)
         at Microsoft.AspNetCore.Mvc.Infrastructure.ResourceInvoker.<InvokeAsync>g__Logged|17_1(ResourceInvoker invoker)
         at Microsoft.AspNetCore.Mvc.Infrastructure.ResourceInvoker.<InvokeAsync>g__Logged|17_1(ResourceInvoker invoker)
         at Microsoft.AspNetCore.Routing.EndpointMiddleware.<Invoke>g__AwaitRequestTask|7_0(Endpoint endpoint, Task requestTask, ILogger logger)
         at Microsoft.AspNetCore.Authorization.AuthorizationMiddleware.Invoke(HttpContext context)
         at Microsoft.AspNetCore.Authentication.AuthenticationMiddleware.Invoke(HttpContext context)
         at Swashbuckle.AspNetCore.SwaggerUI.SwaggerUIMiddleware.Invoke(HttpContext httpContext)
         at Swashbuckle.AspNetCore.Swagger.SwaggerMiddleware.Invoke(HttpContext httpContext, ISwaggerProvider swaggerProvider)
         at Microsoft.AspNetCore.Diagnostics.ExceptionHandlerMiddlewareImpl.<Invoke>g__Awaited|10_0(ExceptionHandlerMiddlewareImpl middleware, HttpContext context, Task task)
      ClientConnectionId:8dc38f7a-1540-4184-a7d8-7d911e1eedad
      Error Number:208,State:1,Class:16
dbug: Microsoft.EntityFrameworkCore.Infrastructure[10407]
      'AppDbContext' disposed.
dbug: Microsoft.EntityFrameworkCore.Database.Connection[20007]
      Disposing connection to database 'EduConnectDb' on server 'localhost\SQLEXPRESS'.
dbug: Microsoft.EntityFrameworkCore.Database.Connection[20008]
      Disposed connection to database '' on server '' (0ms).
info: Microsoft.AspNetCore.Hosting.Diagnostics[2]
      Request finished HTTP/1.1 GET http://localhost:5160/api/posts?page=1&pageSize=10 - 500 - application/json;+charset=utf-8 94.1474ms
info: Microsoft.AspNetCore.Hosting.Diagnostics[1]
      Request starting HTTP/1.1 GET http://localhost:5160/api/posts?page=1&pageSize=10 - - -
info: Microsoft.AspNetCore.Cors.Infrastructure.CorsService[4]
      CORS policy execution successful.
info: Microsoft.AspNetCore.Routing.EndpointMiddleware[0]
      Executing endpoint 'EduConnect.Api.Controllers.PostsController.GetAll (EduConnect.Api)'
info: Microsoft.AspNetCore.Mvc.Infrastructure.ControllerActionInvoker[102]
      Route matched with {action = "GetAll", controller = "Posts"}. Executing controller action with signature System.Threading.Tasks.Task`1[Microsoft.AspNetCore.Mvc.ActionResult`1[EduConnect.Application.Contracts.Common.PagedResponse`1[EduConnect.Application.Contracts.Posts.PostResponse]]] GetAll(Int32, Int32, System.Threading.CancellationToken) on controller EduConnect.Api.Controllers.PostsController (EduConnect.Api).
dbug: Microsoft.EntityFrameworkCore.Infrastructure[10403]
      Entity Framework Core 10.0.5 initialized 'AppDbContext' using provider 'Microsoft.EntityFrameworkCore.SqlServer:10.0.5' with options: MigrationsAssembly=EduConnect.Infrastructure, Version=1.0.0.0, Culture=neutral, PublicKeyToken=null EngineType=SqlServer 
dbug: Microsoft.EntityFrameworkCore.Database.Connection[20005]
      Creating DbConnection.
dbug: Microsoft.EntityFrameworkCore.Database.Connection[20006]
      Created DbConnection. (0ms).
dbug: Microsoft.EntityFrameworkCore.Database.Connection[20000]
      Opening connection to database 'EduConnectDb' on server 'localhost\SQLEXPRESS'.
dbug: Microsoft.EntityFrameworkCore.Database.Connection[20001]
      Opened connection to database 'EduConnectDb' on server 'localhost\SQLEXPRESS'.
dbug: Microsoft.EntityFrameworkCore.Database.Connection[20002]
      Closing connection to database 'EduConnectDb' on server 'localhost\SQLEXPRESS'.
dbug: Microsoft.EntityFrameworkCore.Database.Connection[20003]
      Closed connection to database 'EduConnectDb' on server 'localhost\SQLEXPRESS' (0ms).
dbug: Microsoft.EntityFrameworkCore.Database.Connection[20000]
      Opening connection to database 'EduConnectDb' on server 'localhost\SQLEXPRESS'.
dbug: Microsoft.EntityFrameworkCore.Database.Connection[20001]
      Opened connection to database 'EduConnectDb' on server 'localhost\SQLEXPRESS'.
fail: Microsoft.EntityFrameworkCore.Database.Command[20102]
      Failed executing DbCommand (3ms) [Parameters=[@p='?' (DbType = Int32), @p1='?' (DbType = Int32)], CommandType='Text', CommandTimeout='30']
      SELECT [p3].[Id], [p3].[CreatedAtUtc], [p3].[PostId], [p3].[UpdatedAtUtc], [p3].[UserId], [p0].[Id], [u].[Id], [s].[Id], [g].[Id]
      FROM (
          SELECT [p].[Id], [p].[CreatedAtUtc], [p].[GroupId], [p].[UserId]
          FROM [Posts] AS [p]
          WHERE [p].[IsDeleted] = CAST(0 AS bit)
          ORDER BY [p].[CreatedAtUtc] DESC
          OFFSET @p ROWS FETCH NEXT @p1 ROWS ONLY
      ) AS [p0]
      INNER JOIN [Users] AS [u] ON [p0].[UserId] = [u].[Id]
      LEFT JOIN [StudentProfiles] AS [s] ON [u].[Id] = [s].[UserId]
      LEFT JOIN [Groups] AS [g] ON [p0].[GroupId] = [g].[Id]
      INNER JOIN [PostBookmarks] AS [p3] ON [p0].[Id] = [p3].[PostId]
      ORDER BY [p0].[CreatedAtUtc] DESC, [p0].[Id], [u].[Id], [s].[Id], [g].[Id]
fail: Microsoft.EntityFrameworkCore.Query[10100]
      An exception occurred while iterating over the results of a query for context type 'EduConnect.Infrastructure.Data.AppDbContext'.
      Microsoft.Data.SqlClient.SqlException (0x80131904): Invalid object name 'PostBookmarks'.
         at Microsoft.Data.SqlClient.SqlCommand.<>c.<ExecuteDbDataReaderAsync>b__195_0(Task`1 result)
         at System.Threading.Tasks.ContinuationResultTaskFromResultTask`2.InnerInvoke()
         at System.Threading.ExecutionContext.RunInternal(ExecutionContext executionContext, ContextCallback callback, Object state)
      --- End of stack trace from previous location ---
         at System.Threading.ExecutionContext.RunInternal(ExecutionContext executionContext, ContextCallback callback, Object state)
         at System.Threading.Tasks.Task.ExecuteWithThreadLocal(Task& currentTaskSlot, Thread threadPoolThread)
      --- End of stack trace from previous location ---
         at Microsoft.EntityFrameworkCore.Storage.RelationalCommand.ExecuteReaderAsync(RelationalCommandParameterObject parameterObject, CancellationToken cancellationToken)
         at Microsoft.EntityFrameworkCore.Storage.RelationalCommand.ExecuteReaderAsync(RelationalCommandParameterObject parameterObject, CancellationToken cancellationToken)
         at Microsoft.EntityFrameworkCore.Query.RelationalShapedQueryCompilingExpressionVisitor.ShaperProcessingExpressionVisitor.<PopulateSplitIncludeCollectionAsync>g__InitializeReaderAsync|27_0[TIncludingEntity,TIncludedEntity](RelationalQueryContext queryContext, RelationalCommandResolver relationalCommandResolver, IReadOnlyList`1 readerColumns, Boolean detailedErrorsEnabled, CancellationToken cancellationToken)
         at Microsoft.EntityFrameworkCore.SqlServer.Storage.Internal.SqlServerExecutionStrategy.ExecuteAsync[TState,TResult](TState state, Func`4 operation, Func`4 verifySucceeded, CancellationToken cancellationToken)
         at Microsoft.EntityFrameworkCore.Query.RelationalShapedQueryCompilingExpressionVisitor.ShaperProcessingExpressionVisitor.PopulateSplitIncludeCollectionAsync[TIncludingEntity,TIncludedEntity](Int32 collectionId, RelationalQueryContext queryContext, IExecutionStrategy executionStrategy, RelationalCommandResolver relationalCommandResolver, IReadOnlyList`1 readerColumns, Boolean detailedErrorsEnabled, SplitQueryResultCoordinator resultCoordinator, Func`3 childIdentifier, IReadOnlyList`1 identifierValueComparers, Func`5 innerShaper, Func`4 relatedDataLoaders, INavigationBase inverseNavigation, Action`2 fixup, Boolean trackingQuery)
         at Microsoft.EntityFrameworkCore.Query.RelationalShapedQueryCompilingExpressionVisitor.ShaperProcessingExpressionVisitor.TaskAwaiter(Func`1[] taskFactories)
         at Microsoft.EntityFrameworkCore.Query.Internal.SplitQueryingEnumerable`1.AsyncEnumerator.MoveNextAsync()
      ClientConnectionId:8dc38f7a-1540-4184-a7d8-7d911e1eedad
      Error Number:208,State:1,Class:16
      Microsoft.Data.SqlClient.SqlException (0x80131904): Invalid object name 'PostBookmarks'.
         at Microsoft.Data.SqlClient.SqlCommand.<>c.<ExecuteDbDataReaderAsync>b__195_0(Task`1 result)
         at System.Threading.Tasks.ContinuationResultTaskFromResultTask`2.InnerInvoke()
         at System.Threading.ExecutionContext.RunInternal(ExecutionContext executionContext, ContextCallback callback, Object state)
      --- End of stack trace from previous location ---
         at System.Threading.ExecutionContext.RunInternal(ExecutionContext executionContext, ContextCallback callback, Object state)
         at System.Threading.Tasks.Task.ExecuteWithThreadLocal(Task& currentTaskSlot, Thread threadPoolThread)
      --- End of stack trace from previous location ---
         at Microsoft.EntityFrameworkCore.Storage.RelationalCommand.ExecuteReaderAsync(RelationalCommandParameterObject parameterObject, CancellationToken cancellationToken)
         at Microsoft.EntityFrameworkCore.Storage.RelationalCommand.ExecuteReaderAsync(RelationalCommandParameterObject parameterObject, CancellationToken cancellationToken)
         at Microsoft.EntityFrameworkCore.Query.RelationalShapedQueryCompilingExpressionVisitor.ShaperProcessingExpressionVisitor.<PopulateSplitIncludeCollectionAsync>g__InitializeReaderAsync|27_0[TIncludingEntity,TIncludedEntity](RelationalQueryContext queryContext, RelationalCommandResolver relationalCommandResolver, IReadOnlyList`1 readerColumns, Boolean detailedErrorsEnabled, CancellationToken cancellationToken)
         at Microsoft.EntityFrameworkCore.SqlServer.Storage.Internal.SqlServerExecutionStrategy.ExecuteAsync[TState,TResult](TState state, Func`4 operation, Func`4 verifySucceeded, CancellationToken cancellationToken)
         at Microsoft.EntityFrameworkCore.Query.RelationalShapedQueryCompilingExpressionVisitor.ShaperProcessingExpressionVisitor.PopulateSplitIncludeCollectionAsync[TIncludingEntity,TIncludedEntity](Int32 collectionId, RelationalQueryContext queryContext, IExecutionStrategy executionStrategy, RelationalCommandResolver relationalCommandResolver, IReadOnlyList`1 readerColumns, Boolean detailedErrorsEnabled, SplitQueryResultCoordinator resultCoordinator, Func`3 childIdentifier, IReadOnlyList`1 identifierValueComparers, Func`5 innerShaper, Func`4 relatedDataLoaders, INavigationBase inverseNavigation, Action`2 fixup, Boolean trackingQuery)
         at Microsoft.EntityFrameworkCore.Query.RelationalShapedQueryCompilingExpressionVisitor.ShaperProcessingExpressionVisitor.TaskAwaiter(Func`1[] taskFactories)
         at Microsoft.EntityFrameworkCore.Query.Internal.SplitQueryingEnumerable`1.AsyncEnumerator.MoveNextAsync()
      ClientConnectionId:8dc38f7a-1540-4184-a7d8-7d911e1eedad
      Error Number:208,State:1,Class:16
dbug: Microsoft.EntityFrameworkCore.Database.Connection[20002]
      Closing connection to database 'EduConnectDb' on server 'localhost\SQLEXPRESS'.
dbug: Microsoft.EntityFrameworkCore.Database.Connection[20003]
      Closed connection to database 'EduConnectDb' on server 'localhost\SQLEXPRESS' (0ms).
info: Microsoft.AspNetCore.Mvc.Infrastructure.ControllerActionInvoker[105]
      Executed action EduConnect.Api.Controllers.PostsController.GetAll (EduConnect.Api) in 42.8241ms
info: Microsoft.AspNetCore.Routing.EndpointMiddleware[1]
      Executed endpoint 'EduConnect.Api.Controllers.PostsController.GetAll (EduConnect.Api)'
fail: EduConnect.Api.Middleware.GlobalExceptionHandler[0]
      Unhandled exception occurred while processing the request.
      Microsoft.Data.SqlClient.SqlException (0x80131904): Invalid object name 'PostBookmarks'.
         at Microsoft.Data.SqlClient.SqlCommand.<>c.<ExecuteDbDataReaderAsync>b__195_0(Task`1 result)
         at System.Threading.Tasks.ContinuationResultTaskFromResultTask`2.InnerInvoke()
         at System.Threading.ExecutionContext.RunInternal(ExecutionContext executionContext, ContextCallback callback, Object state)
      --- End of stack trace from previous location ---
         at System.Threading.ExecutionContext.RunInternal(ExecutionContext executionContext, ContextCallback callback, Object state)
         at System.Threading.Tasks.Task.ExecuteWithThreadLocal(Task& currentTaskSlot, Thread threadPoolThread)
      --- End of stack trace from previous location ---
         at Microsoft.EntityFrameworkCore.Storage.RelationalCommand.ExecuteReaderAsync(RelationalCommandParameterObject parameterObject, CancellationToken cancellationToken)
         at Microsoft.EntityFrameworkCore.Storage.RelationalCommand.ExecuteReaderAsync(RelationalCommandParameterObject parameterObject, CancellationToken cancellationToken)
         at Microsoft.EntityFrameworkCore.Query.RelationalShapedQueryCompilingExpressionVisitor.ShaperProcessingExpressionVisitor.<PopulateSplitIncludeCollectionAsync>g__InitializeReaderAsync|27_0[TIncludingEntity,TIncludedEntity](RelationalQueryContext queryContext, RelationalCommandResolver relationalCommandResolver, IReadOnlyList`1 readerColumns, Boolean detailedErrorsEnabled, CancellationToken cancellationToken)
         at Microsoft.EntityFrameworkCore.SqlServer.Storage.Internal.SqlServerExecutionStrategy.ExecuteAsync[TState,TResult](TState state, Func`4 operation, Func`4 verifySucceeded, CancellationToken cancellationToken)
         at Microsoft.EntityFrameworkCore.Query.RelationalShapedQueryCompilingExpressionVisitor.ShaperProcessingExpressionVisitor.PopulateSplitIncludeCollectionAsync[TIncludingEntity,TIncludedEntity](Int32 collectionId, RelationalQueryContext queryContext, IExecutionStrategy executionStrategy, RelationalCommandResolver relationalCommandResolver, IReadOnlyList`1 readerColumns, Boolean detailedErrorsEnabled, SplitQueryResultCoordinator resultCoordinator, Func`3 childIdentifier, IReadOnlyList`1 identifierValueComparers, Func`5 innerShaper, Func`4 relatedDataLoaders, INavigationBase inverseNavigation, Action`2 fixup, Boolean trackingQuery)
         at Microsoft.EntityFrameworkCore.Query.RelationalShapedQueryCompilingExpressionVisitor.ShaperProcessingExpressionVisitor.TaskAwaiter(Func`1[] taskFactories)
         at Microsoft.EntityFrameworkCore.Query.Internal.SplitQueryingEnumerable`1.AsyncEnumerator.MoveNextAsync()
         at Microsoft.EntityFrameworkCore.EntityFrameworkQueryableExtensions.ToListAsync[TSource](IQueryable`1 source, CancellationToken cancellationToken)
         at Microsoft.EntityFrameworkCore.EntityFrameworkQueryableExtensions.ToListAsync[TSource](IQueryable`1 source, CancellationToken cancellationToken)
         at EduConnect.Api.Controllers.PostsController.GetAll(Int32 page, Int32 pageSize, CancellationToken cancellationToken) in C:\Users\FIRAT\Desktop\Tubitak-Tez\backend\src\EduConnect.Api\Controllers\PostsController.cs:line 34
         at lambda_method50(Closure, Object)
         at Microsoft.AspNetCore.Mvc.Infrastructure.ActionMethodExecutor.AwaitableObjectResultExecutor.Execute(ActionContext actionContext, IActionResultTypeMapper mapper, ObjectMethodExecutor executor, Object controller, Object[] arguments)
         at Microsoft.AspNetCore.Mvc.Infrastructure.ControllerActionInvoker.<InvokeActionMethodAsync>g__Awaited|12_0(ControllerActionInvoker invoker, ValueTask`1 actionResultValueTask)
         at Microsoft.AspNetCore.Mvc.Infrastructure.ControllerActionInvoker.<InvokeNextActionFilterAsync>g__Awaited|10_0(ControllerActionInvoker invoker, Task lastTask, State next, Scope scope, Object state, Boolean isCompleted)
         at Microsoft.AspNetCore.Mvc.Infrastructure.ControllerActionInvoker.Rethrow(ActionExecutedContextSealed context)
         at Microsoft.AspNetCore.Mvc.Infrastructure.ControllerActionInvoker.Next(State& next, Scope& scope, Object& state, Boolean& isCompleted)
         at Microsoft.AspNetCore.Mvc.Infrastructure.ControllerActionInvoker.<InvokeInnerFilterAsync>g__Awaited|13_0(ControllerActionInvoker invoker, Task lastTask, State next, Scope scope, Object state, Boolean isCompleted)
         at Microsoft.AspNetCore.Mvc.Infrastructure.ResourceInvoker.<InvokeFilterPipelineAsync>g__Awaited|20_0(ResourceInvoker invoker, Task lastTask, State next, Scope scope, Object state, Boolean isCompleted)
         at Microsoft.AspNetCore.Mvc.Infrastructure.ResourceInvoker.<InvokeAsync>g__Logged|17_1(ResourceInvoker invoker)
         at Microsoft.AspNetCore.Mvc.Infrastructure.ResourceInvoker.<InvokeAsync>g__Logged|17_1(ResourceInvoker invoker)
         at Microsoft.AspNetCore.Routing.EndpointMiddleware.<Invoke>g__AwaitRequestTask|7_0(Endpoint endpoint, Task requestTask, ILogger logger)
         at Microsoft.AspNetCore.Authorization.AuthorizationMiddleware.Invoke(HttpContext context)
         at Microsoft.AspNetCore.Authentication.AuthenticationMiddleware.Invoke(HttpContext context)
         at Swashbuckle.AspNetCore.SwaggerUI.SwaggerUIMiddleware.Invoke(HttpContext httpContext)
         at Swashbuckle.AspNetCore.Swagger.SwaggerMiddleware.Invoke(HttpContext httpContext, ISwaggerProvider swaggerProvider)
         at Microsoft.AspNetCore.Diagnostics.ExceptionHandlerMiddlewareImpl.<Invoke>g__Awaited|10_0(ExceptionHandlerMiddlewareImpl middleware, HttpContext context, Task task)
      ClientConnectionId:8dc38f7a-1540-4184-a7d8-7d911e1eedad
      Error Number:208,State:1,Class:16
dbug: Microsoft.EntityFrameworkCore.Infrastructure[10407]
      'AppDbContext' disposed.
dbug: Microsoft.EntityFrameworkCore.Database.Connection[20007]
      Disposing connection to database 'EduConnectDb' on server 'localhost\SQLEXPRESS'.
dbug: Microsoft.EntityFrameworkCore.Database.Connection[20008]
      Disposed connection to database '' on server '' (0ms).
info: Microsoft.AspNetCore.Hosting.Diagnostics[2]
      Request finished HTTP/1.1 GET http://localhost:5160/api/posts?page=1&pageSize=10 - 500 - application/json;+charset=utf-8 45.9491ms
info: Microsoft.AspNetCore.Hosting.Diagnostics[1]
      Request starting HTTP/1.1 OPTIONS http://localhost:5160/api/posts?page=1&pageSize=10 - - -
info: Microsoft.AspNetCore.Cors.Infrastructure.CorsService[4]
      CORS policy execution successful.
info: Microsoft.AspNetCore.Hosting.Diagnostics[2]
      Request finished HTTP/1.1 OPTIONS http://localhost:5160/api/posts?page=1&pageSize=10 - 204 - - 0.2702ms
info: Microsoft.AspNetCore.Hosting.Diagnostics[1]
      Request starting HTTP/1.1 GET http://localhost:5160/api/posts?page=1&pageSize=10 - - -
info: Microsoft.AspNetCore.Cors.Infrastructure.CorsService[4]
      CORS policy execution successful.
info: Microsoft.AspNetCore.Routing.EndpointMiddleware[0]
      Executing endpoint 'EduConnect.Api.Controllers.PostsController.GetAll (EduConnect.Api)'
info: Microsoft.AspNetCore.Mvc.Infrastructure.ControllerActionInvoker[102]
      Route matched with {action = "GetAll", controller = "Posts"}. Executing controller action with signature System.Threading.Tasks.Task`1[Microsoft.AspNetCore.Mvc.ActionResult`1[EduConnect.Application.Contracts.Common.PagedResponse`1[EduConnect.Application.Contracts.Posts.PostResponse]]] GetAll(Int32, Int32, System.Threading.CancellationToken) on controller EduConnect.Api.Controllers.PostsController (EduConnect.Api).
dbug: Microsoft.EntityFrameworkCore.Infrastructure[10403]
      Entity Framework Core 10.0.5 initialized 'AppDbContext' using provider 'Microsoft.EntityFrameworkCore.SqlServer:10.0.5' with options: MigrationsAssembly=EduConnect.Infrastructure, Version=1.0.0.0, Culture=neutral, PublicKeyToken=null EngineType=SqlServer 
dbug: Microsoft.EntityFrameworkCore.Database.Connection[20005]
      Creating DbConnection.
dbug: Microsoft.EntityFrameworkCore.Database.Connection[20006]
      Created DbConnection. (0ms).
dbug: Microsoft.EntityFrameworkCore.Database.Connection[20000]
      Opening connection to database 'EduConnectDb' on server 'localhost\SQLEXPRESS'.
dbug: Microsoft.EntityFrameworkCore.Database.Connection[20001]
      Opened connection to database 'EduConnectDb' on server 'localhost\SQLEXPRESS'.
dbug: Microsoft.EntityFrameworkCore.Database.Connection[20002]
      Closing connection to database 'EduConnectDb' on server 'localhost\SQLEXPRESS'.
dbug: Microsoft.EntityFrameworkCore.Database.Connection[20003]
      Closed connection to database 'EduConnectDb' on server 'localhost\SQLEXPRESS' (0ms).
dbug: Microsoft.EntityFrameworkCore.Database.Connection[20000]
      Opening connection to database 'EduConnectDb' on server 'localhost\SQLEXPRESS'.
dbug: Microsoft.EntityFrameworkCore.Database.Connection[20001]
      Opened connection to database 'EduConnectDb' on server 'localhost\SQLEXPRESS'.
fail: Microsoft.EntityFrameworkCore.Database.Command[20102]
      Failed executing DbCommand (1ms) [Parameters=[@p='?' (DbType = Int32), @p1='?' (DbType = Int32)], CommandType='Text', CommandTimeout='30']
      SELECT [p3].[Id], [p3].[CreatedAtUtc], [p3].[PostId], [p3].[UpdatedAtUtc], [p3].[UserId], [p0].[Id], [u].[Id], [s].[Id], [g].[Id]
      FROM (
          SELECT [p].[Id], [p].[CreatedAtUtc], [p].[GroupId], [p].[UserId]
          FROM [Posts] AS [p]
          WHERE [p].[IsDeleted] = CAST(0 AS bit)
          ORDER BY [p].[CreatedAtUtc] DESC
          OFFSET @p ROWS FETCH NEXT @p1 ROWS ONLY
      ) AS [p0]
      INNER JOIN [Users] AS [u] ON [p0].[UserId] = [u].[Id]
      LEFT JOIN [StudentProfiles] AS [s] ON [u].[Id] = [s].[UserId]
      LEFT JOIN [Groups] AS [g] ON [p0].[GroupId] = [g].[Id]
      INNER JOIN [PostBookmarks] AS [p3] ON [p0].[Id] = [p3].[PostId]
      ORDER BY [p0].[CreatedAtUtc] DESC, [p0].[Id], [u].[Id], [s].[Id], [g].[Id]
fail: Microsoft.EntityFrameworkCore.Query[10100]
      An exception occurred while iterating over the results of a query for context type 'EduConnect.Infrastructure.Data.AppDbContext'.
      Microsoft.Data.SqlClient.SqlException (0x80131904): Invalid object name 'PostBookmarks'.
         at Microsoft.Data.SqlClient.SqlCommand.<>c.<ExecuteDbDataReaderAsync>b__195_0(Task`1 result)
         at System.Threading.Tasks.ContinuationResultTaskFromResultTask`2.InnerInvoke()
         at System.Threading.ExecutionContext.RunInternal(ExecutionContext executionContext, ContextCallback callback, Object state)
      --- End of stack trace from previous location ---
         at System.Threading.ExecutionContext.RunInternal(ExecutionContext executionContext, ContextCallback callback, Object state)
         at System.Threading.Tasks.Task.ExecuteWithThreadLocal(Task& currentTaskSlot, Thread threadPoolThread)
      --- End of stack trace from previous location ---
         at Microsoft.EntityFrameworkCore.Storage.RelationalCommand.ExecuteReaderAsync(RelationalCommandParameterObject parameterObject, CancellationToken cancellationToken)
         at Microsoft.EntityFrameworkCore.Storage.RelationalCommand.ExecuteReaderAsync(RelationalCommandParameterObject parameterObject, CancellationToken cancellationToken)
         at Microsoft.EntityFrameworkCore.Query.RelationalShapedQueryCompilingExpressionVisitor.ShaperProcessingExpressionVisitor.<PopulateSplitIncludeCollectionAsync>g__InitializeReaderAsync|27_0[TIncludingEntity,TIncludedEntity](RelationalQueryContext queryContext, RelationalCommandResolver relationalCommandResolver, IReadOnlyList`1 readerColumns, Boolean detailedErrorsEnabled, CancellationToken cancellationToken)
         at Microsoft.EntityFrameworkCore.SqlServer.Storage.Internal.SqlServerExecutionStrategy.ExecuteAsync[TState,TResult](TState state, Func`4 operation, Func`4 verifySucceeded, CancellationToken cancellationToken)
         at Microsoft.EntityFrameworkCore.Query.RelationalShapedQueryCompilingExpressionVisitor.ShaperProcessingExpressionVisitor.PopulateSplitIncludeCollectionAsync[TIncludingEntity,TIncludedEntity](Int32 collectionId, RelationalQueryContext queryContext, IExecutionStrategy executionStrategy, RelationalCommandResolver relationalCommandResolver, IReadOnlyList`1 readerColumns, Boolean detailedErrorsEnabled, SplitQueryResultCoordinator resultCoordinator, Func`3 childIdentifier, IReadOnlyList`1 identifierValueComparers, Func`5 innerShaper, Func`4 relatedDataLoaders, INavigationBase inverseNavigation, Action`2 fixup, Boolean trackingQuery)
         at Microsoft.EntityFrameworkCore.Query.RelationalShapedQueryCompilingExpressionVisitor.ShaperProcessingExpressionVisitor.TaskAwaiter(Func`1[] taskFactories)
         at Microsoft.EntityFrameworkCore.Query.Internal.SplitQueryingEnumerable`1.AsyncEnumerator.MoveNextAsync()
      ClientConnectionId:8dc38f7a-1540-4184-a7d8-7d911e1eedad
      Error Number:208,State:1,Class:16
      Microsoft.Data.SqlClient.SqlException (0x80131904): Invalid object name 'PostBookmarks'.
         at Microsoft.Data.SqlClient.SqlCommand.<>c.<ExecuteDbDataReaderAsync>b__195_0(Task`1 result)
         at System.Threading.Tasks.ContinuationResultTaskFromResultTask`2.InnerInvoke()
         at System.Threading.ExecutionContext.RunInternal(ExecutionContext executionContext, ContextCallback callback, Object state)
      --- End of stack trace from previous location ---
         at System.Threading.ExecutionContext.RunInternal(ExecutionContext executionContext, ContextCallback callback, Object state)
         at System.Threading.Tasks.Task.ExecuteWithThreadLocal(Task& currentTaskSlot, Thread threadPoolThread)
      --- End of stack trace from previous location ---
         at Microsoft.EntityFrameworkCore.Storage.RelationalCommand.ExecuteReaderAsync(RelationalCommandParameterObject parameterObject, CancellationToken cancellationToken)
         at Microsoft.EntityFrameworkCore.Storage.RelationalCommand.ExecuteReaderAsync(RelationalCommandParameterObject parameterObject, CancellationToken cancellationToken)
         at Microsoft.EntityFrameworkCore.Query.RelationalShapedQueryCompilingExpressionVisitor.ShaperProcessingExpressionVisitor.<PopulateSplitIncludeCollectionAsync>g__InitializeReaderAsync|27_0[TIncludingEntity,TIncludedEntity](RelationalQueryContext queryContext, RelationalCommandResolver relationalCommandResolver, IReadOnlyList`1 readerColumns, Boolean detailedErrorsEnabled, CancellationToken cancellationToken)
         at Microsoft.EntityFrameworkCore.SqlServer.Storage.Internal.SqlServerExecutionStrategy.ExecuteAsync[TState,TResult](TState state, Func`4 operation, Func`4 verifySucceeded, CancellationToken cancellationToken)
         at Microsoft.EntityFrameworkCore.Query.RelationalShapedQueryCompilingExpressionVisitor.ShaperProcessingExpressionVisitor.PopulateSplitIncludeCollectionAsync[TIncludingEntity,TIncludedEntity](Int32 collectionId, RelationalQueryContext queryContext, IExecutionStrategy executionStrategy, RelationalCommandResolver relationalCommandResolver, IReadOnlyList`1 readerColumns, Boolean detailedErrorsEnabled, SplitQueryResultCoordinator resultCoordinator, Func`3 childIdentifier, IReadOnlyList`1 identifierValueComparers, Func`5 innerShaper, Func`4 relatedDataLoaders, INavigationBase inverseNavigation, Action`2 fixup, Boolean trackingQuery)
         at Microsoft.EntityFrameworkCore.Query.RelationalShapedQueryCompilingExpressionVisitor.ShaperProcessingExpressionVisitor.TaskAwaiter(Func`1[] taskFactories)
         at Microsoft.EntityFrameworkCore.Query.Internal.SplitQueryingEnumerable`1.AsyncEnumerator.MoveNextAsync()
      ClientConnectionId:8dc38f7a-1540-4184-a7d8-7d911e1eedad
      Error Number:208,State:1,Class:16
dbug: Microsoft.EntityFrameworkCore.Database.Connection[20002]
      Closing connection to database 'EduConnectDb' on server 'localhost\SQLEXPRESS'.
dbug: Microsoft.EntityFrameworkCore.Database.Connection[20003]
      Closed connection to database 'EduConnectDb' on server 'localhost\SQLEXPRESS' (0ms).
info: Microsoft.AspNetCore.Mvc.Infrastructure.ControllerActionInvoker[105]
      Executed action EduConnect.Api.Controllers.PostsController.GetAll (EduConnect.Api) in 30.9207ms
info: Microsoft.AspNetCore.Routing.EndpointMiddleware[1]
      Executed endpoint 'EduConnect.Api.Controllers.PostsController.GetAll (EduConnect.Api)'
fail: EduConnect.Api.Middleware.GlobalExceptionHandler[0]
      Unhandled exception occurred while processing the request.
      Microsoft.Data.SqlClient.SqlException (0x80131904): Invalid object name 'PostBookmarks'.
         at Microsoft.Data.SqlClient.SqlCommand.<>c.<ExecuteDbDataReaderAsync>b__195_0(Task`1 result)
         at System.Threading.Tasks.ContinuationResultTaskFromResultTask`2.InnerInvoke()
         at System.Threading.ExecutionContext.RunInternal(ExecutionContext executionContext, ContextCallback callback, Object state)
      --- End of stack trace from previous location ---
         at System.Threading.ExecutionContext.RunInternal(ExecutionContext executionContext, ContextCallback callback, Object state)
         at System.Threading.Tasks.Task.ExecuteWithThreadLocal(Task& currentTaskSlot, Thread threadPoolThread)
      --- End of stack trace from previous location ---
         at Microsoft.EntityFrameworkCore.Storage.RelationalCommand.ExecuteReaderAsync(RelationalCommandParameterObject parameterObject, CancellationToken cancellationToken)
         at Microsoft.EntityFrameworkCore.Storage.RelationalCommand.ExecuteReaderAsync(RelationalCommandParameterObject parameterObject, CancellationToken cancellationToken)
         at Microsoft.EntityFrameworkCore.Query.RelationalShapedQueryCompilingExpressionVisitor.ShaperProcessingExpressionVisitor.<PopulateSplitIncludeCollectionAsync>g__InitializeReaderAsync|27_0[TIncludingEntity,TIncludedEntity](RelationalQueryContext queryContext, RelationalCommandResolver relationalCommandResolver, IReadOnlyList`1 readerColumns, Boolean detailedErrorsEnabled, CancellationToken cancellationToken)
         at Microsoft.EntityFrameworkCore.SqlServer.Storage.Internal.SqlServerExecutionStrategy.ExecuteAsync[TState,TResult](TState state, Func`4 operation, Func`4 verifySucceeded, CancellationToken cancellationToken)
         at Microsoft.EntityFrameworkCore.Query.RelationalShapedQueryCompilingExpressionVisitor.ShaperProcessingExpressionVisitor.PopulateSplitIncludeCollectionAsync[TIncludingEntity,TIncludedEntity](Int32 collectionId, RelationalQueryContext queryContext, IExecutionStrategy executionStrategy, RelationalCommandResolver relationalCommandResolver, IReadOnlyList`1 readerColumns, Boolean detailedErrorsEnabled, SplitQueryResultCoordinator resultCoordinator, Func`3 childIdentifier, IReadOnlyList`1 identifierValueComparers, Func`5 innerShaper, Func`4 relatedDataLoaders, INavigationBase inverseNavigation, Action`2 fixup, Boolean trackingQuery)
         at Microsoft.EntityFrameworkCore.Query.RelationalShapedQueryCompilingExpressionVisitor.ShaperProcessingExpressionVisitor.TaskAwaiter(Func`1[] taskFactories)
         at Microsoft.EntityFrameworkCore.Query.Internal.SplitQueryingEnumerable`1.AsyncEnumerator.MoveNextAsync()
         at Microsoft.EntityFrameworkCore.EntityFrameworkQueryableExtensions.ToListAsync[TSource](IQueryable`1 source, CancellationToken cancellationToken)
         at Microsoft.EntityFrameworkCore.EntityFrameworkQueryableExtensions.ToListAsync[TSource](IQueryable`1 source, CancellationToken cancellationToken)
         at EduConnect.Api.Controllers.PostsController.GetAll(Int32 page, Int32 pageSize, CancellationToken cancellationToken) in C:\Users\FIRAT\Desktop\Tubitak-Tez\backend\src\EduConnect.Api\Controllers\PostsController.cs:line 34
         at lambda_method50(Closure, Object)
         at Microsoft.AspNetCore.Mvc.Infrastructure.ActionMethodExecutor.AwaitableObjectResultExecutor.Execute(ActionContext actionContext, IActionResultTypeMapper mapper, ObjectMethodExecutor executor, Object controller, Object[] arguments)
         at Microsoft.AspNetCore.Mvc.Infrastructure.ControllerActionInvoker.<InvokeActionMethodAsync>g__Awaited|12_0(ControllerActionInvoker invoker, ValueTask`1 actionResultValueTask)
         at Microsoft.AspNetCore.Mvc.Infrastructure.ControllerActionInvoker.<InvokeNextActionFilterAsync>g__Awaited|10_0(ControllerActionInvoker invoker, Task lastTask, State next, Scope scope, Object state, Boolean isCompleted)
         at Microsoft.AspNetCore.Mvc.Infrastructure.ControllerActionInvoker.Rethrow(ActionExecutedContextSealed context)
         at Microsoft.AspNetCore.Mvc.Infrastructure.ControllerActionInvoker.Next(State& next, Scope& scope, Object& state, Boolean& isCompleted)
         at Microsoft.AspNetCore.Mvc.Infrastructure.ControllerActionInvoker.<InvokeInnerFilterAsync>g__Awaited|13_0(ControllerActionInvoker invoker, Task lastTask, State next, Scope scope, Object state, Boolean isCompleted)
         at Microsoft.AspNetCore.Mvc.Infrastructure.ResourceInvoker.<InvokeFilterPipelineAsync>g__Awaited|20_0(ResourceInvoker invoker, Task lastTask, State next, Scope scope, Object state, Boolean isCompleted)
         at Microsoft.AspNetCore.Mvc.Infrastructure.ResourceInvoker.<InvokeAsync>g__Logged|17_1(ResourceInvoker invoker)
         at Microsoft.AspNetCore.Mvc.Infrastructure.ResourceInvoker.<InvokeAsync>g__Logged|17_1(ResourceInvoker invoker)
         at Microsoft.AspNetCore.Routing.EndpointMiddleware.<Invoke>g__AwaitRequestTask|7_0(Endpoint endpoint, Task requestTask, ILogger logger)
         at Microsoft.AspNetCore.Authorization.AuthorizationMiddleware.Invoke(HttpContext context)
         at Microsoft.AspNetCore.Authentication.AuthenticationMiddleware.Invoke(HttpContext context)
         at Swashbuckle.AspNetCore.SwaggerUI.SwaggerUIMiddleware.Invoke(HttpContext httpContext)
         at Swashbuckle.AspNetCore.Swagger.SwaggerMiddleware.Invoke(HttpContext httpContext, ISwaggerProvider swaggerProvider)
         at Microsoft.AspNetCore.Diagnostics.ExceptionHandlerMiddlewareImpl.<Invoke>g__Awaited|10_0(ExceptionHandlerMiddlewareImpl middleware, HttpContext context, Task task)
      ClientConnectionId:8dc38f7a-1540-4184-a7d8-7d911e1eedad
      Error Number:208,State:1,Class:16
dbug: Microsoft.EntityFrameworkCore.Infrastructure[10407]
      'AppDbContext' disposed.
dbug: Microsoft.EntityFrameworkCore.Database.Connection[20007]
      Disposing connection to database 'EduConnectDb' on server 'localhost\SQLEXPRESS'.
dbug: Microsoft.EntityFrameworkCore.Database.Connection[20008]
      Disposed connection to database '' on server '' (0ms).
info: Microsoft.AspNetCore.Hosting.Diagnostics[2]
      Request finished HTTP/1.1 GET http://localhost:5160/api/posts?page=1&pageSize=10 - 500 - application/json;+charset=utf-8 34.4901ms
info: Microsoft.AspNetCore.Hosting.Diagnostics[1]
      Request starting HTTP/1.1 GET http://localhost:5160/api/posts?page=1&pageSize=10 - - -
info: Microsoft.AspNetCore.Cors.Infrastructure.CorsService[4]
      CORS policy execution successful.
info: Microsoft.AspNetCore.Routing.EndpointMiddleware[0]
      Executing endpoint 'EduConnect.Api.Controllers.PostsController.GetAll (EduConnect.Api)'
info: Microsoft.AspNetCore.Mvc.Infrastructure.ControllerActionInvoker[102]
      Route matched with {action = "GetAll", controller = "Posts"}. Executing controller action with signature System.Threading.Tasks.Task`1[Microsoft.AspNetCore.Mvc.ActionResult`1[EduConnect.Application.Contracts.Common.PagedResponse`1[EduConnect.Application.Contracts.Posts.PostResponse]]] GetAll(Int32, Int32, System.Threading.CancellationToken) on controller EduConnect.Api.Controllers.PostsController (EduConnect.Api).
dbug: Microsoft.EntityFrameworkCore.Infrastructure[10403]
      Entity Framework Core 10.0.5 initialized 'AppDbContext' using provider 'Microsoft.EntityFrameworkCore.SqlServer:10.0.5' with options: MigrationsAssembly=EduConnect.Infrastructure, Version=1.0.0.0, Culture=neutral, PublicKeyToken=null EngineType=SqlServer 
dbug: Microsoft.EntityFrameworkCore.Database.Connection[20005]
      Creating DbConnection.
dbug: Microsoft.EntityFrameworkCore.Database.Connection[20006]
      Created DbConnection. (0ms).
dbug: Microsoft.EntityFrameworkCore.Database.Connection[20000]
      Opening connection to database 'EduConnectDb' on server 'localhost\SQLEXPRESS'.
dbug: Microsoft.EntityFrameworkCore.Database.Connection[20001]
      Opened connection to database 'EduConnectDb' on server 'localhost\SQLEXPRESS'.
dbug: Microsoft.EntityFrameworkCore.Database.Connection[20002]
      Closing connection to database 'EduConnectDb' on server 'localhost\SQLEXPRESS'.
dbug: Microsoft.EntityFrameworkCore.Database.Connection[20003]
      Closed connection to database 'EduConnectDb' on server 'localhost\SQLEXPRESS' (0ms).
dbug: Microsoft.EntityFrameworkCore.Database.Connection[20000]
      Opening connection to database 'EduConnectDb' on server 'localhost\SQLEXPRESS'.
dbug: Microsoft.EntityFrameworkCore.Database.Connection[20001]
      Opened connection to database 'EduConnectDb' on server 'localhost\SQLEXPRESS'.
fail: Microsoft.EntityFrameworkCore.Database.Command[20102]
      Failed executing DbCommand (1ms) [Parameters=[@p='?' (DbType = Int32), @p1='?' (DbType = Int32)], CommandType='Text', CommandTimeout='30']
      SELECT [p3].[Id], [p3].[CreatedAtUtc], [p3].[PostId], [p3].[UpdatedAtUtc], [p3].[UserId], [p0].[Id], [u].[Id], [s].[Id], [g].[Id]
      FROM (
          SELECT [p].[Id], [p].[CreatedAtUtc], [p].[GroupId], [p].[UserId]
          FROM [Posts] AS [p]
          WHERE [p].[IsDeleted] = CAST(0 AS bit)
          ORDER BY [p].[CreatedAtUtc] DESC
          OFFSET @p ROWS FETCH NEXT @p1 ROWS ONLY
      ) AS [p0]
      INNER JOIN [Users] AS [u] ON [p0].[UserId] = [u].[Id]
      LEFT JOIN [StudentProfiles] AS [s] ON [u].[Id] = [s].[UserId]
      LEFT JOIN [Groups] AS [g] ON [p0].[GroupId] = [g].[Id]
      INNER JOIN [PostBookmarks] AS [p3] ON [p0].[Id] = [p3].[PostId]
      ORDER BY [p0].[CreatedAtUtc] DESC, [p0].[Id], [u].[Id], [s].[Id], [g].[Id]
fail: Microsoft.EntityFrameworkCore.Query[10100]
      An exception occurred while iterating over the results of a query for context type 'EduConnect.Infrastructure.Data.AppDbContext'.
      Microsoft.Data.SqlClient.SqlException (0x80131904): Invalid object name 'PostBookmarks'.
         at Microsoft.Data.SqlClient.SqlCommand.<>c.<ExecuteDbDataReaderAsync>b__195_0(Task`1 result)
         at System.Threading.Tasks.ContinuationResultTaskFromResultTask`2.InnerInvoke()
         at System.Threading.ExecutionContext.RunInternal(ExecutionContext executionContext, ContextCallback callback, Object state)
      --- End of stack trace from previous location ---
         at System.Threading.ExecutionContext.RunInternal(ExecutionContext executionContext, ContextCallback callback, Object state)
         at System.Threading.Tasks.Task.ExecuteWithThreadLocal(Task& currentTaskSlot, Thread threadPoolThread)
      --- End of stack trace from previous location ---
         at Microsoft.EntityFrameworkCore.Storage.RelationalCommand.ExecuteReaderAsync(RelationalCommandParameterObject parameterObject, CancellationToken cancellationToken)
         at Microsoft.EntityFrameworkCore.Storage.RelationalCommand.ExecuteReaderAsync(RelationalCommandParameterObject parameterObject, CancellationToken cancellationToken)
         at Microsoft.EntityFrameworkCore.Query.RelationalShapedQueryCompilingExpressionVisitor.ShaperProcessingExpressionVisitor.<PopulateSplitIncludeCollectionAsync>g__InitializeReaderAsync|27_0[TIncludingEntity,TIncludedEntity](RelationalQueryContext queryContext, RelationalCommandResolver relationalCommandResolver, IReadOnlyList`1 readerColumns, Boolean detailedErrorsEnabled, CancellationToken cancellationToken)
         at Microsoft.EntityFrameworkCore.SqlServer.Storage.Internal.SqlServerExecutionStrategy.ExecuteAsync[TState,TResult](TState state, Func`4 operation, Func`4 verifySucceeded, CancellationToken cancellationToken)
         at Microsoft.EntityFrameworkCore.Query.RelationalShapedQueryCompilingExpressionVisitor.ShaperProcessingExpressionVisitor.PopulateSplitIncludeCollectionAsync[TIncludingEntity,TIncludedEntity](Int32 collectionId, RelationalQueryContext queryContext, IExecutionStrategy executionStrategy, RelationalCommandResolver relationalCommandResolver, IReadOnlyList`1 readerColumns, Boolean detailedErrorsEnabled, SplitQueryResultCoordinator resultCoordinator, Func`3 childIdentifier, IReadOnlyList`1 identifierValueComparers, Func`5 innerShaper, Func`4 relatedDataLoaders, INavigationBase inverseNavigation, Action`2 fixup, Boolean trackingQuery)
         at Microsoft.EntityFrameworkCore.Query.RelationalShapedQueryCompilingExpressionVisitor.ShaperProcessingExpressionVisitor.TaskAwaiter(Func`1[] taskFactories)
         at Microsoft.EntityFrameworkCore.Query.Internal.SplitQueryingEnumerable`1.AsyncEnumerator.MoveNextAsync()
      ClientConnectionId:8dc38f7a-1540-4184-a7d8-7d911e1eedad
      Error Number:208,State:1,Class:16
      Microsoft.Data.SqlClient.SqlException (0x80131904): Invalid object name 'PostBookmarks'.
         at Microsoft.Data.SqlClient.SqlCommand.<>c.<ExecuteDbDataReaderAsync>b__195_0(Task`1 result)
         at System.Threading.Tasks.ContinuationResultTaskFromResultTask`2.InnerInvoke()
         at System.Threading.ExecutionContext.RunInternal(ExecutionContext executionContext, ContextCallback callback, Object state)
      --- End of stack trace from previous location ---
         at System.Threading.ExecutionContext.RunInternal(ExecutionContext executionContext, ContextCallback callback, Object state)
         at System.Threading.Tasks.Task.ExecuteWithThreadLocal(Task& currentTaskSlot, Thread threadPoolThread)
      --- End of stack trace from previous location ---
         at Microsoft.EntityFrameworkCore.Storage.RelationalCommand.ExecuteReaderAsync(RelationalCommandParameterObject parameterObject, CancellationToken cancellationToken)
         at Microsoft.EntityFrameworkCore.Storage.RelationalCommand.ExecuteReaderAsync(RelationalCommandParameterObject parameterObject, CancellationToken cancellationToken)
         at Microsoft.EntityFrameworkCore.Query.RelationalShapedQueryCompilingExpressionVisitor.ShaperProcessingExpressionVisitor.<PopulateSplitIncludeCollectionAsync>g__InitializeReaderAsync|27_0[TIncludingEntity,TIncludedEntity](RelationalQueryContext queryContext, RelationalCommandResolver relationalCommandResolver, IReadOnlyList`1 readerColumns, Boolean detailedErrorsEnabled, CancellationToken cancellationToken)
         at Microsoft.EntityFrameworkCore.SqlServer.Storage.Internal.SqlServerExecutionStrategy.ExecuteAsync[TState,TResult](TState state, Func`4 operation, Func`4 verifySucceeded, CancellationToken cancellationToken)
         at Microsoft.EntityFrameworkCore.Query.RelationalShapedQueryCompilingExpressionVisitor.ShaperProcessingExpressionVisitor.PopulateSplitIncludeCollectionAsync[TIncludingEntity,TIncludedEntity](Int32 collectionId, RelationalQueryContext queryContext, IExecutionStrategy executionStrategy, RelationalCommandResolver relationalCommandResolver, IReadOnlyList`1 readerColumns, Boolean detailedErrorsEnabled, SplitQueryResultCoordinator resultCoordinator, Func`3 childIdentifier, IReadOnlyList`1 identifierValueComparers, Func`5 innerShaper, Func`4 relatedDataLoaders, INavigationBase inverseNavigation, Action`2 fixup, Boolean trackingQuery)
         at Microsoft.EntityFrameworkCore.Query.RelationalShapedQueryCompilingExpressionVisitor.ShaperProcessingExpressionVisitor.TaskAwaiter(Func`1[] taskFactories)
         at Microsoft.EntityFrameworkCore.Query.Internal.SplitQueryingEnumerable`1.AsyncEnumerator.MoveNextAsync()
      ClientConnectionId:8dc38f7a-1540-4184-a7d8-7d911e1eedad
      Error Number:208,State:1,Class:16
dbug: Microsoft.EntityFrameworkCore.Database.Connection[20002]
      Closing connection to database 'EduConnectDb' on server 'localhost\SQLEXPRESS'.
dbug: Microsoft.EntityFrameworkCore.Database.Connection[20003]
      Closed connection to database 'EduConnectDb' on server 'localhost\SQLEXPRESS' (0ms).
info: Microsoft.AspNetCore.Mvc.Infrastructure.ControllerActionInvoker[105]
      Executed action EduConnect.Api.Controllers.PostsController.GetAll (EduConnect.Api) in 10.6966ms
info: Microsoft.AspNetCore.Routing.EndpointMiddleware[1]
      Executed endpoint 'EduConnect.Api.Controllers.PostsController.GetAll (EduConnect.Api)'
fail: EduConnect.Api.Middleware.GlobalExceptionHandler[0]
      Unhandled exception occurred while processing the request.
      Microsoft.Data.SqlClient.SqlException (0x80131904): Invalid object name 'PostBookmarks'.
         at Microsoft.Data.SqlClient.SqlCommand.<>c.<ExecuteDbDataReaderAsync>b__195_0(Task`1 result)
         at System.Threading.Tasks.ContinuationResultTaskFromResultTask`2.InnerInvoke()
         at System.Threading.ExecutionContext.RunInternal(ExecutionContext executionContext, ContextCallback callback, Object state)
      --- End of stack trace from previous location ---
         at System.Threading.ExecutionContext.RunInternal(ExecutionContext executionContext, ContextCallback callback, Object state)
         at System.Threading.Tasks.Task.ExecuteWithThreadLocal(Task& currentTaskSlot, Thread threadPoolThread)
      --- End of stack trace from previous location ---
         at Microsoft.EntityFrameworkCore.Storage.RelationalCommand.ExecuteReaderAsync(RelationalCommandParameterObject parameterObject, CancellationToken cancellationToken)
         at Microsoft.EntityFrameworkCore.Storage.RelationalCommand.ExecuteReaderAsync(RelationalCommandParameterObject parameterObject, CancellationToken cancellationToken)
         at Microsoft.EntityFrameworkCore.Query.RelationalShapedQueryCompilingExpressionVisitor.ShaperProcessingExpressionVisitor.<PopulateSplitIncludeCollectionAsync>g__InitializeReaderAsync|27_0[TIncludingEntity,TIncludedEntity](RelationalQueryContext queryContext, RelationalCommandResolver relationalCommandResolver, IReadOnlyList`1 readerColumns, Boolean detailedErrorsEnabled, CancellationToken cancellationToken)
         at Microsoft.EntityFrameworkCore.SqlServer.Storage.Internal.SqlServerExecutionStrategy.ExecuteAsync[TState,TResult](TState state, Func`4 operation, Func`4 verifySucceeded, CancellationToken cancellationToken)
         at Microsoft.EntityFrameworkCore.Query.RelationalShapedQueryCompilingExpressionVisitor.ShaperProcessingExpressionVisitor.PopulateSplitIncludeCollectionAsync[TIncludingEntity,TIncludedEntity](Int32 collectionId, RelationalQueryContext queryContext, IExecutionStrategy executionStrategy, RelationalCommandResolver relationalCommandResolver, IReadOnlyList`1 readerColumns, Boolean detailedErrorsEnabled, SplitQueryResultCoordinator resultCoordinator, Func`3 childIdentifier, IReadOnlyList`1 identifierValueComparers, Func`5 innerShaper, Func`4 relatedDataLoaders, INavigationBase inverseNavigation, Action`2 fixup, Boolean trackingQuery)
         at Microsoft.EntityFrameworkCore.Query.RelationalShapedQueryCompilingExpressionVisitor.ShaperProcessingExpressionVisitor.TaskAwaiter(Func`1[] taskFactories)
         at Microsoft.EntityFrameworkCore.Query.Internal.SplitQueryingEnumerable`1.AsyncEnumerator.MoveNextAsync()
         at Microsoft.EntityFrameworkCore.EntityFrameworkQueryableExtensions.ToListAsync[TSource](IQueryable`1 source, CancellationToken cancellationToken)
         at Microsoft.EntityFrameworkCore.EntityFrameworkQueryableExtensions.ToListAsync[TSource](IQueryable`1 source, CancellationToken cancellationToken)
         at EduConnect.Api.Controllers.PostsController.GetAll(Int32 page, Int32 pageSize, CancellationToken cancellationToken) in C:\Users\FIRAT\Desktop\Tubitak-Tez\backend\src\EduConnect.Api\Controllers\PostsController.cs:line 34
         at lambda_method50(Closure, Object)
         at Microsoft.AspNetCore.Mvc.Infrastructure.ActionMethodExecutor.AwaitableObjectResultExecutor.Execute(ActionContext actionContext, IActionResultTypeMapper mapper, ObjectMethodExecutor executor, Object controller, Object[] arguments)
         at Microsoft.AspNetCore.Mvc.Infrastructure.ControllerActionInvoker.<InvokeActionMethodAsync>g__Awaited|12_0(ControllerActionInvoker invoker, ValueTask`1 actionResultValueTask)
         at Microsoft.AspNetCore.Mvc.Infrastructure.ControllerActionInvoker.<InvokeNextActionFilterAsync>g__Awaited|10_0(ControllerActionInvoker invoker, Task lastTask, State next, Scope scope, Object state, Boolean isCompleted)
         at Microsoft.AspNetCore.Mvc.Infrastructure.ControllerActionInvoker.Rethrow(ActionExecutedContextSealed context)
         at Microsoft.AspNetCore.Mvc.Infrastructure.ControllerActionInvoker.Next(State& next, Scope& scope, Object& state, Boolean& isCompleted)
         at Microsoft.AspNetCore.Mvc.Infrastructure.ControllerActionInvoker.<InvokeInnerFilterAsync>g__Awaited|13_0(ControllerActionInvoker invoker, Task lastTask, State next, Scope scope, Object state, Boolean isCompleted)
         at Microsoft.AspNetCore.Mvc.Infrastructure.ResourceInvoker.<InvokeFilterPipelineAsync>g__Awaited|20_0(ResourceInvoker invoker, Task lastTask, State next, Scope scope, Object state, Boolean isCompleted)
         at Microsoft.AspNetCore.Mvc.Infrastructure.ResourceInvoker.<InvokeAsync>g__Logged|17_1(ResourceInvoker invoker)
         at Microsoft.AspNetCore.Mvc.Infrastructure.ResourceInvoker.<InvokeAsync>g__Logged|17_1(ResourceInvoker invoker)
         at Microsoft.AspNetCore.Routing.EndpointMiddleware.<Invoke>g__AwaitRequestTask|7_0(Endpoint endpoint, Task requestTask, ILogger logger)
         at Microsoft.AspNetCore.Authorization.AuthorizationMiddleware.Invoke(HttpContext context)
         at Microsoft.AspNetCore.Authentication.AuthenticationMiddleware.Invoke(HttpContext context)
         at Swashbuckle.AspNetCore.SwaggerUI.SwaggerUIMiddleware.Invoke(HttpContext httpContext)
         at Swashbuckle.AspNetCore.Swagger.SwaggerMiddleware.Invoke(HttpContext httpContext, ISwaggerProvider swaggerProvider)
         at Microsoft.AspNetCore.Diagnostics.ExceptionHandlerMiddlewareImpl.<Invoke>g__Awaited|10_0(ExceptionHandlerMiddlewareImpl middleware, HttpContext context, Task task)
      ClientConnectionId:8dc38f7a-1540-4184-a7d8-7d911e1eedad
      Error Number:208,State:1,Class:16
dbug: Microsoft.EntityFrameworkCore.Infrastructure[10407]
      'AppDbContext' disposed.
dbug: Microsoft.EntityFrameworkCore.Database.Connection[20007]
      Disposing connection to database 'EduConnectDb' on server 'localhost\SQLEXPRESS'.
dbug: Microsoft.EntityFrameworkCore.Database.Connection[20008]
      Disposed connection to database '' on server '' (0ms).
info: Microsoft.AspNetCore.Hosting.Diagnostics[2]
      Request finished HTTP/1.1 GET http://localhost:5160/api/posts?page=1&pageSize=10 - 500 - application/json;+charset=utf-8 15.1485ms
info: Microsoft.AspNetCore.Hosting.Diagnostics[1]
      Request starting HTTP/1.1 OPTIONS http://localhost:5160/api/posts?page=1&pageSize=10 - - -
info: Microsoft.AspNetCore.Cors.Infrastructure.CorsService[4]
      CORS policy execution successful.
info: Microsoft.AspNetCore.Hosting.Diagnostics[2]
      Request finished HTTP/1.1 OPTIONS http://localhost:5160/api/posts?page=1&pageSize=10 - 204 - - 0.2252ms
info: Microsoft.AspNetCore.Hosting.Diagnostics[1]
      Request starting HTTP/1.1 GET http://localhost:5160/api/posts?page=1&pageSize=10 - - -
info: Microsoft.AspNetCore.Cors.Infrastructure.CorsService[4]
      CORS policy execution successful.
info: Microsoft.AspNetCore.Routing.EndpointMiddleware[0]
      Executing endpoint 'EduConnect.Api.Controllers.PostsController.GetAll (EduConnect.Api)'
info: Microsoft.AspNetCore.Mvc.Infrastructure.ControllerActionInvoker[102]
      Route matched with {action = "GetAll", controller = "Posts"}. Executing controller action with signature System.Threading.Tasks.Task`1[Microsoft.AspNetCore.Mvc.ActionResult`1[EduConnect.Application.Contracts.Common.PagedResponse`1[EduConnect.Application.Contracts.Posts.PostResponse]]] GetAll(Int32, Int32, System.Threading.CancellationToken) on controller EduConnect.Api.Controllers.PostsController (EduConnect.Api).
dbug: Microsoft.EntityFrameworkCore.Infrastructure[10403]
      Entity Framework Core 10.0.5 initialized 'AppDbContext' using provider 'Microsoft.EntityFrameworkCore.SqlServer:10.0.5' with options: MigrationsAssembly=EduConnect.Infrastructure, Version=1.0.0.0, Culture=neutral, PublicKeyToken=null EngineType=SqlServer 
dbug: Microsoft.EntityFrameworkCore.Database.Connection[20005]
      Creating DbConnection.
dbug: Microsoft.EntityFrameworkCore.Database.Connection[20006]
      Created DbConnection. (0ms).
dbug: Microsoft.EntityFrameworkCore.Database.Connection[20000]
      Opening connection to database 'EduConnectDb' on server 'localhost\SQLEXPRESS'.
dbug: Microsoft.EntityFrameworkCore.Database.Connection[20001]
      Opened connection to database 'EduConnectDb' on server 'localhost\SQLEXPRESS'.
dbug: Microsoft.EntityFrameworkCore.Database.Connection[20002]
      Closing connection to database 'EduConnectDb' on server 'localhost\SQLEXPRESS'.
dbug: Microsoft.EntityFrameworkCore.Database.Connection[20003]
      Closed connection to database 'EduConnectDb' on server 'localhost\SQLEXPRESS' (0ms).
dbug: Microsoft.EntityFrameworkCore.Database.Connection[20000]
      Opening connection to database 'EduConnectDb' on server 'localhost\SQLEXPRESS'.
dbug: Microsoft.EntityFrameworkCore.Database.Connection[20001]
      Opened connection to database 'EduConnectDb' on server 'localhost\SQLEXPRESS'.
fail: Microsoft.EntityFrameworkCore.Database.Command[20102]
      Failed executing DbCommand (1ms) [Parameters=[@p='?' (DbType = Int32), @p1='?' (DbType = Int32)], CommandType='Text', CommandTimeout='30']
      SELECT [p3].[Id], [p3].[CreatedAtUtc], [p3].[PostId], [p3].[UpdatedAtUtc], [p3].[UserId], [p0].[Id], [u].[Id], [s].[Id], [g].[Id]
      FROM (
          SELECT [p].[Id], [p].[CreatedAtUtc], [p].[GroupId], [p].[UserId]
          FROM [Posts] AS [p]
          WHERE [p].[IsDeleted] = CAST(0 AS bit)
          ORDER BY [p].[CreatedAtUtc] DESC
          OFFSET @p ROWS FETCH NEXT @p1 ROWS ONLY
      ) AS [p0]
      INNER JOIN [Users] AS [u] ON [p0].[UserId] = [u].[Id]
      LEFT JOIN [StudentProfiles] AS [s] ON [u].[Id] = [s].[UserId]
      LEFT JOIN [Groups] AS [g] ON [p0].[GroupId] = [g].[Id]
      INNER JOIN [PostBookmarks] AS [p3] ON [p0].[Id] = [p3].[PostId]
      ORDER BY [p0].[CreatedAtUtc] DESC, [p0].[Id], [u].[Id], [s].[Id], [g].[Id]
fail: Microsoft.EntityFrameworkCore.Query[10100]
      An exception occurred while iterating over the results of a query for context type 'EduConnect.Infrastructure.Data.AppDbContext'.
      Microsoft.Data.SqlClient.SqlException (0x80131904): Invalid object name 'PostBookmarks'.
         at Microsoft.Data.SqlClient.SqlCommand.<>c.<ExecuteDbDataReaderAsync>b__195_0(Task`1 result)
         at System.Threading.Tasks.ContinuationResultTaskFromResultTask`2.InnerInvoke()
         at System.Threading.ExecutionContext.RunInternal(ExecutionContext executionContext, ContextCallback callback, Object state)
      --- End of stack trace from previous location ---
         at System.Threading.ExecutionContext.RunInternal(ExecutionContext executionContext, ContextCallback callback, Object state)
         at System.Threading.Tasks.Task.ExecuteWithThreadLocal(Task& currentTaskSlot, Thread threadPoolThread)
      --- End of stack trace from previous location ---
         at Microsoft.EntityFrameworkCore.Storage.RelationalCommand.ExecuteReaderAsync(RelationalCommandParameterObject parameterObject, CancellationToken cancellationToken)
         at Microsoft.EntityFrameworkCore.Storage.RelationalCommand.ExecuteReaderAsync(RelationalCommandParameterObject parameterObject, CancellationToken cancellationToken)
         at Microsoft.EntityFrameworkCore.Query.RelationalShapedQueryCompilingExpressionVisitor.ShaperProcessingExpressionVisitor.<PopulateSplitIncludeCollectionAsync>g__InitializeReaderAsync|27_0[TIncludingEntity,TIncludedEntity](RelationalQueryContext queryContext, RelationalCommandResolver relationalCommandResolver, IReadOnlyList`1 readerColumns, Boolean detailedErrorsEnabled, CancellationToken cancellationToken)
         at Microsoft.EntityFrameworkCore.SqlServer.Storage.Internal.SqlServerExecutionStrategy.ExecuteAsync[TState,TResult](TState state, Func`4 operation, Func`4 verifySucceeded, CancellationToken cancellationToken)
         at Microsoft.EntityFrameworkCore.Query.RelationalShapedQueryCompilingExpressionVisitor.ShaperProcessingExpressionVisitor.PopulateSplitIncludeCollectionAsync[TIncludingEntity,TIncludedEntity](Int32 collectionId, RelationalQueryContext queryContext, IExecutionStrategy executionStrategy, RelationalCommandResolver relationalCommandResolver, IReadOnlyList`1 readerColumns, Boolean detailedErrorsEnabled, SplitQueryResultCoordinator resultCoordinator, Func`3 childIdentifier, IReadOnlyList`1 identifierValueComparers, Func`5 innerShaper, Func`4 relatedDataLoaders, INavigationBase inverseNavigation, Action`2 fixup, Boolean trackingQuery)
         at Microsoft.EntityFrameworkCore.Query.RelationalShapedQueryCompilingExpressionVisitor.ShaperProcessingExpressionVisitor.TaskAwaiter(Func`1[] taskFactories)
         at Microsoft.EntityFrameworkCore.Query.Internal.SplitQueryingEnumerable`1.AsyncEnumerator.MoveNextAsync()
      ClientConnectionId:8dc38f7a-1540-4184-a7d8-7d911e1eedad
      Error Number:208,State:1,Class:16
      Microsoft.Data.SqlClient.SqlException (0x80131904): Invalid object name 'PostBookmarks'.
         at Microsoft.Data.SqlClient.SqlCommand.<>c.<ExecuteDbDataReaderAsync>b__195_0(Task`1 result)
         at System.Threading.Tasks.ContinuationResultTaskFromResultTask`2.InnerInvoke()
         at System.Threading.ExecutionContext.RunInternal(ExecutionContext executionContext, ContextCallback callback, Object state)
      --- End of stack trace from previous location ---
         at System.Threading.ExecutionContext.RunInternal(ExecutionContext executionContext, ContextCallback callback, Object state)
         at System.Threading.Tasks.Task.ExecuteWithThreadLocal(Task& currentTaskSlot, Thread threadPoolThread)
      --- End of stack trace from previous location ---
         at Microsoft.EntityFrameworkCore.Storage.RelationalCommand.ExecuteReaderAsync(RelationalCommandParameterObject parameterObject, CancellationToken cancellationToken)
         at Microsoft.EntityFrameworkCore.Storage.RelationalCommand.ExecuteReaderAsync(RelationalCommandParameterObject parameterObject, CancellationToken cancellationToken)
         at Microsoft.EntityFrameworkCore.Query.RelationalShapedQueryCompilingExpressionVisitor.ShaperProcessingExpressionVisitor.<PopulateSplitIncludeCollectionAsync>g__InitializeReaderAsync|27_0[TIncludingEntity,TIncludedEntity](RelationalQueryContext queryContext, RelationalCommandResolver relationalCommandResolver, IReadOnlyList`1 readerColumns, Boolean detailedErrorsEnabled, CancellationToken cancellationToken)
         at Microsoft.EntityFrameworkCore.SqlServer.Storage.Internal.SqlServerExecutionStrategy.ExecuteAsync[TState,TResult](TState state, Func`4 operation, Func`4 verifySucceeded, CancellationToken cancellationToken)
         at Microsoft.EntityFrameworkCore.Query.RelationalShapedQueryCompilingExpressionVisitor.ShaperProcessingExpressionVisitor.PopulateSplitIncludeCollectionAsync[TIncludingEntity,TIncludedEntity](Int32 collectionId, RelationalQueryContext queryContext, IExecutionStrategy executionStrategy, RelationalCommandResolver relationalCommandResolver, IReadOnlyList`1 readerColumns, Boolean detailedErrorsEnabled, SplitQueryResultCoordinator resultCoordinator, Func`3 childIdentifier, IReadOnlyList`1 identifierValueComparers, Func`5 innerShaper, Func`4 relatedDataLoaders, INavigationBase inverseNavigation, Action`2 fixup, Boolean trackingQuery)
         at Microsoft.EntityFrameworkCore.Query.RelationalShapedQueryCompilingExpressionVisitor.ShaperProcessingExpressionVisitor.TaskAwaiter(Func`1[] taskFactories)
         at Microsoft.EntityFrameworkCore.Query.Internal.SplitQueryingEnumerable`1.AsyncEnumerator.MoveNextAsync()
      ClientConnectionId:8dc38f7a-1540-4184-a7d8-7d911e1eedad
      Error Number:208,State:1,Class:16
dbug: Microsoft.EntityFrameworkCore.Database.Connection[20002]
      Closing connection to database 'EduConnectDb' on server 'localhost\SQLEXPRESS'.
dbug: Microsoft.EntityFrameworkCore.Database.Connection[20003]
      Closed connection to database 'EduConnectDb' on server 'localhost\SQLEXPRESS' (0ms).
info: Microsoft.AspNetCore.Mvc.Infrastructure.ControllerActionInvoker[105]
      Executed action EduConnect.Api.Controllers.PostsController.GetAll (EduConnect.Api) in 9.0597ms
info: Microsoft.AspNetCore.Routing.EndpointMiddleware[1]
      Executed endpoint 'EduConnect.Api.Controllers.PostsController.GetAll (EduConnect.Api)'
fail: EduConnect.Api.Middleware.GlobalExceptionHandler[0]
      Unhandled exception occurred while processing the request.
      Microsoft.Data.SqlClient.SqlException (0x80131904): Invalid object name 'PostBookmarks'.
         at Microsoft.Data.SqlClient.SqlCommand.<>c.<ExecuteDbDataReaderAsync>b__195_0(Task`1 result)
         at System.Threading.Tasks.ContinuationResultTaskFromResultTask`2.InnerInvoke()
         at System.Threading.ExecutionContext.RunInternal(ExecutionContext executionContext, ContextCallback callback, Object state)
      --- End of stack trace from previous location ---
         at System.Threading.ExecutionContext.RunInternal(ExecutionContext executionContext, ContextCallback callback, Object state)
         at System.Threading.Tasks.Task.ExecuteWithThreadLocal(Task& currentTaskSlot, Thread threadPoolThread)
      --- End of stack trace from previous location ---
         at Microsoft.EntityFrameworkCore.Storage.RelationalCommand.ExecuteReaderAsync(RelationalCommandParameterObject parameterObject, CancellationToken cancellationToken)
         at Microsoft.EntityFrameworkCore.Storage.RelationalCommand.ExecuteReaderAsync(RelationalCommandParameterObject parameterObject, CancellationToken cancellationToken)
         at Microsoft.EntityFrameworkCore.Query.RelationalShapedQueryCompilingExpressionVisitor.ShaperProcessingExpressionVisitor.<PopulateSplitIncludeCollectionAsync>g__InitializeReaderAsync|27_0[TIncludingEntity,TIncludedEntity](RelationalQueryContext queryContext, RelationalCommandResolver relationalCommandResolver, IReadOnlyList`1 readerColumns, Boolean detailedErrorsEnabled, CancellationToken cancellationToken)
         at Microsoft.EntityFrameworkCore.SqlServer.Storage.Internal.SqlServerExecutionStrategy.ExecuteAsync[TState,TResult](TState state, Func`4 operation, Func`4 verifySucceeded, CancellationToken cancellationToken)
         at Microsoft.EntityFrameworkCore.Query.RelationalShapedQueryCompilingExpressionVisitor.ShaperProcessingExpressionVisitor.PopulateSplitIncludeCollectionAsync[TIncludingEntity,TIncludedEntity](Int32 collectionId, RelationalQueryContext queryContext, IExecutionStrategy executionStrategy, RelationalCommandResolver relationalCommandResolver, IReadOnlyList`1 readerColumns, Boolean detailedErrorsEnabled, SplitQueryResultCoordinator resultCoordinator, Func`3 childIdentifier, IReadOnlyList`1 identifierValueComparers, Func`5 innerShaper, Func`4 relatedDataLoaders, INavigationBase inverseNavigation, Action`2 fixup, Boolean trackingQuery)
         at Microsoft.EntityFrameworkCore.Query.RelationalShapedQueryCompilingExpressionVisitor.ShaperProcessingExpressionVisitor.TaskAwaiter(Func`1[] taskFactories)
         at Microsoft.EntityFrameworkCore.Query.Internal.SplitQueryingEnumerable`1.AsyncEnumerator.MoveNextAsync()
         at Microsoft.EntityFrameworkCore.EntityFrameworkQueryableExtensions.ToListAsync[TSource](IQueryable`1 source, CancellationToken cancellationToken)
         at Microsoft.EntityFrameworkCore.EntityFrameworkQueryableExtensions.ToListAsync[TSource](IQueryable`1 source, CancellationToken cancellationToken)
         at EduConnect.Api.Controllers.PostsController.GetAll(Int32 page, Int32 pageSize, CancellationToken cancellationToken) in C:\Users\FIRAT\Desktop\Tubitak-Tez\backend\src\EduConnect.Api\Controllers\PostsController.cs:line 34
         at lambda_method50(Closure, Object)
         at Microsoft.AspNetCore.Mvc.Infrastructure.ActionMethodExecutor.AwaitableObjectResultExecutor.Execute(ActionContext actionContext, IActionResultTypeMapper mapper, ObjectMethodExecutor executor, Object controller, Object[] arguments)
         at Microsoft.AspNetCore.Mvc.Infrastructure.ControllerActionInvoker.<InvokeActionMethodAsync>g__Awaited|12_0(ControllerActionInvoker invoker, ValueTask`1 actionResultValueTask)
         at Microsoft.AspNetCore.Mvc.Infrastructure.ControllerActionInvoker.<InvokeNextActionFilterAsync>g__Awaited|10_0(ControllerActionInvoker invoker, Task lastTask, State next, Scope scope, Object state, Boolean isCompleted)
         at Microsoft.AspNetCore.Mvc.Infrastructure.ControllerActionInvoker.Rethrow(ActionExecutedContextSealed context)
         at Microsoft.AspNetCore.Mvc.Infrastructure.ControllerActionInvoker.Next(State& next, Scope& scope, Object& state, Boolean& isCompleted)
         at Microsoft.AspNetCore.Mvc.Infrastructure.ControllerActionInvoker.<InvokeInnerFilterAsync>g__Awaited|13_0(ControllerActionInvoker invoker, Task lastTask, State next, Scope scope, Object state, Boolean isCompleted)
         at Microsoft.AspNetCore.Mvc.Infrastructure.ResourceInvoker.<InvokeFilterPipelineAsync>g__Awaited|20_0(ResourceInvoker invoker, Task lastTask, State next, Scope scope, Object state, Boolean isCompleted)
         at Microsoft.AspNetCore.Mvc.Infrastructure.ResourceInvoker.<InvokeAsync>g__Logged|17_1(ResourceInvoker invoker)
         at Microsoft.AspNetCore.Mvc.Infrastructure.ResourceInvoker.<InvokeAsync>g__Logged|17_1(ResourceInvoker invoker)
         at Microsoft.AspNetCore.Routing.EndpointMiddleware.<Invoke>g__AwaitRequestTask|7_0(Endpoint endpoint, Task requestTask, ILogger logger)
         at Microsoft.AspNetCore.Authorization.AuthorizationMiddleware.Invoke(HttpContext context)
         at Microsoft.AspNetCore.Authentication.AuthenticationMiddleware.Invoke(HttpContext context)
         at Swashbuckle.AspNetCore.SwaggerUI.SwaggerUIMiddleware.Invoke(HttpContext httpContext)
         at Swashbuckle.AspNetCore.Swagger.SwaggerMiddleware.Invoke(HttpContext httpContext, ISwaggerProvider swaggerProvider)
         at Microsoft.AspNetCore.Diagnostics.ExceptionHandlerMiddlewareImpl.<Invoke>g__Awaited|10_0(ExceptionHandlerMiddlewareImpl middleware, HttpContext context, Task task)
      ClientConnectionId:8dc38f7a-1540-4184-a7d8-7d911e1eedad
      Error Number:208,State:1,Class:16
dbug: Microsoft.EntityFrameworkCore.Infrastructure[10407]
      'AppDbContext' disposed.
dbug: Microsoft.EntityFrameworkCore.Database.Connection[20007]
      Disposing connection to database 'EduConnectDb' on server 'localhost\SQLEXPRESS'.
dbug: Microsoft.EntityFrameworkCore.Database.Connection[20008]
      Disposed connection to database '' on server '' (0ms).
info: Microsoft.AspNetCore.Hosting.Diagnostics[2]
      Request finished HTTP/1.1 GET http://localhost:5160/api/posts?page=1&pageSize=10 - 500 - application/json;+charset=utf-8 15.2160ms
info: Microsoft.AspNetCore.Hosting.Diagnostics[1]
      Request starting HTTP/1.1 GET http://localhost:5160/api/posts?page=1&pageSize=10 - - -
info: Microsoft.AspNetCore.Cors.Infrastructure.CorsService[4]
      CORS policy execution successful.
info: Microsoft.AspNetCore.Routing.EndpointMiddleware[0]
      Executing endpoint 'EduConnect.Api.Controllers.PostsController.GetAll (EduConnect.Api)'
info: Microsoft.AspNetCore.Mvc.Infrastructure.ControllerActionInvoker[102]
      Route matched with {action = "GetAll", controller = "Posts"}. Executing controller action with signature System.Threading.Tasks.Task`1[Microsoft.AspNetCore.Mvc.ActionResult`1[EduConnect.Application.Contracts.Common.PagedResponse`1[EduConnect.Application.Contracts.Posts.PostResponse]]] GetAll(Int32, Int32, System.Threading.CancellationToken) on controller EduConnect.Api.Controllers.PostsController (EduConnect.Api).
dbug: Microsoft.EntityFrameworkCore.Infrastructure[10403]
      Entity Framework Core 10.0.5 initialized 'AppDbContext' using provider 'Microsoft.EntityFrameworkCore.SqlServer:10.0.5' with options: MigrationsAssembly=EduConnect.Infrastructure, Version=1.0.0.0, Culture=neutral, PublicKeyToken=null EngineType=SqlServer 
dbug: Microsoft.EntityFrameworkCore.Database.Connection[20005]
      Creating DbConnection.
dbug: Microsoft.EntityFrameworkCore.Database.Connection[20006]
      Created DbConnection. (0ms).
dbug: Microsoft.EntityFrameworkCore.Database.Connection[20000]
      Opening connection to database 'EduConnectDb' on server 'localhost\SQLEXPRESS'.
dbug: Microsoft.EntityFrameworkCore.Database.Connection[20001]
      Opened connection to database 'EduConnectDb' on server 'localhost\SQLEXPRESS'.
dbug: Microsoft.EntityFrameworkCore.Database.Connection[20002]
      Closing connection to database 'EduConnectDb' on server 'localhost\SQLEXPRESS'.
dbug: Microsoft.EntityFrameworkCore.Database.Connection[20003]
      Closed connection to database 'EduConnectDb' on server 'localhost\SQLEXPRESS' (0ms).
dbug: Microsoft.EntityFrameworkCore.Database.Connection[20000]
      Opening connection to database 'EduConnectDb' on server 'localhost\SQLEXPRESS'.
dbug: Microsoft.EntityFrameworkCore.Database.Connection[20001]
      Opened connection to database 'EduConnectDb' on server 'localhost\SQLEXPRESS'.
fail: Microsoft.EntityFrameworkCore.Database.Command[20102]
      Failed executing DbCommand (1ms) [Parameters=[@p='?' (DbType = Int32), @p1='?' (DbType = Int32)], CommandType='Text', CommandTimeout='30']
      SELECT [p3].[Id], [p3].[CreatedAtUtc], [p3].[PostId], [p3].[UpdatedAtUtc], [p3].[UserId], [p0].[Id], [u].[Id], [s].[Id], [g].[Id]
      FROM (
          SELECT [p].[Id], [p].[CreatedAtUtc], [p].[GroupId], [p].[UserId]
          FROM [Posts] AS [p]
          WHERE [p].[IsDeleted] = CAST(0 AS bit)
          ORDER BY [p].[CreatedAtUtc] DESC
          OFFSET @p ROWS FETCH NEXT @p1 ROWS ONLY
      ) AS [p0]
      INNER JOIN [Users] AS [u] ON [p0].[UserId] = [u].[Id]
      LEFT JOIN [StudentProfiles] AS [s] ON [u].[Id] = [s].[UserId]
      LEFT JOIN [Groups] AS [g] ON [p0].[GroupId] = [g].[Id]
      INNER JOIN [PostBookmarks] AS [p3] ON [p0].[Id] = [p3].[PostId]
      ORDER BY [p0].[CreatedAtUtc] DESC, [p0].[Id], [u].[Id], [s].[Id], [g].[Id]
fail: Microsoft.EntityFrameworkCore.Query[10100]
      An exception occurred while iterating over the results of a query for context type 'EduConnect.Infrastructure.Data.AppDbContext'.
      Microsoft.Data.SqlClient.SqlException (0x80131904): Invalid object name 'PostBookmarks'.
         at System.Threading.Tasks.ContinuationResultTaskFromResultTask`2.InnerInvoke()
         at System.Threading.ExecutionContext.RunInternal(ExecutionContext executionContext, ContextCallback callback, Object state)
      --- End of stack trace from previous location ---
         at System.Threading.ExecutionContext.RunInternal(ExecutionContext executionContext, ContextCallback callback, Object state)
         at System.Threading.Tasks.Task.ExecuteWithThreadLocal(Task& currentTaskSlot, Thread threadPoolThread)
      --- End of stack trace from previous location ---
         at Microsoft.EntityFrameworkCore.Storage.RelationalCommand.ExecuteReaderAsync(RelationalCommandParameterObject parameterObject, CancellationToken cancellationToken)
         at Microsoft.EntityFrameworkCore.Storage.RelationalCommand.ExecuteReaderAsync(RelationalCommandParameterObject parameterObject, CancellationToken cancellationToken)
         at Microsoft.EntityFrameworkCore.Query.RelationalShapedQueryCompilingExpressionVisitor.ShaperProcessingExpressionVisitor.<PopulateSplitIncludeCollectionAsync>g__InitializeReaderAsync|27_0[TIncludingEntity,TIncludedEntity](RelationalQueryContext queryContext, RelationalCommandResolver relationalCommandResolver, IReadOnlyList`1 readerColumns, Boolean detailedErrorsEnabled, CancellationToken cancellationToken)
         at Microsoft.EntityFrameworkCore.SqlServer.Storage.Internal.SqlServerExecutionStrategy.ExecuteAsync[TState,TResult](TState state, Func`4 operation, Func`4 verifySucceeded, CancellationToken cancellationToken)
         at Microsoft.EntityFrameworkCore.Query.RelationalShapedQueryCompilingExpressionVisitor.ShaperProcessingExpressionVisitor.PopulateSplitIncludeCollectionAsync[TIncludingEntity,TIncludedEntity](Int32 collectionId, RelationalQueryContext queryContext, IExecutionStrategy executionStrategy, RelationalCommandResolver relationalCommandResolver, IReadOnlyList`1 readerColumns, Boolean detailedErrorsEnabled, SplitQueryResultCoordinator resultCoordinator, Func`3 childIdentifier, IReadOnlyList`1 identifierValueComparers, Func`5 innerShaper, Func`4 relatedDataLoaders, INavigationBase inverseNavigation, Action`2 fixup, Boolean trackingQuery)
         at Microsoft.EntityFrameworkCore.Query.RelationalShapedQueryCompilingExpressionVisitor.ShaperProcessingExpressionVisitor.TaskAwaiter(Func`1[] taskFactories)
         at Microsoft.EntityFrameworkCore.Query.Internal.SplitQueryingEnumerable`1.AsyncEnumerator.MoveNextAsync()
      ClientConnectionId:8dc38f7a-1540-4184-a7d8-7d911e1eedad
      Error Number:208,State:1,Class:16
      Microsoft.Data.SqlClient.SqlException (0x80131904): Invalid object name 'PostBookmarks'.
         at System.Threading.Tasks.ContinuationResultTaskFromResultTask`2.InnerInvoke()
         at System.Threading.ExecutionContext.RunInternal(ExecutionContext executionContext, ContextCallback callback, Object state)
      --- End of stack trace from previous location ---
         at System.Threading.ExecutionContext.RunInternal(ExecutionContext executionContext, ContextCallback callback, Object state)
         at System.Threading.Tasks.Task.ExecuteWithThreadLocal(Task& currentTaskSlot, Thread threadPoolThread)
      --- End of stack trace from previous location ---
         at Microsoft.EntityFrameworkCore.Storage.RelationalCommand.ExecuteReaderAsync(RelationalCommandParameterObject parameterObject, CancellationToken cancellationToken)
         at Microsoft.EntityFrameworkCore.Storage.RelationalCommand.ExecuteReaderAsync(RelationalCommandParameterObject parameterObject, CancellationToken cancellationToken)
         at Microsoft.EntityFrameworkCore.Query.RelationalShapedQueryCompilingExpressionVisitor.ShaperProcessingExpressionVisitor.<PopulateSplitIncludeCollectionAsync>g__InitializeReaderAsync|27_0[TIncludingEntity,TIncludedEntity](RelationalQueryContext queryContext, RelationalCommandResolver relationalCommandResolver, IReadOnlyList`1 readerColumns, Boolean detailedErrorsEnabled, CancellationToken cancellationToken)
         at Microsoft.EntityFrameworkCore.SqlServer.Storage.Internal.SqlServerExecutionStrategy.ExecuteAsync[TState,TResult](TState state, Func`4 operation, Func`4 verifySucceeded, CancellationToken cancellationToken)
         at Microsoft.EntityFrameworkCore.Query.RelationalShapedQueryCompilingExpressionVisitor.ShaperProcessingExpressionVisitor.PopulateSplitIncludeCollectionAsync[TIncludingEntity,TIncludedEntity](Int32 collectionId, RelationalQueryContext queryContext, IExecutionStrategy executionStrategy, RelationalCommandResolver relationalCommandResolver, IReadOnlyList`1 readerColumns, Boolean detailedErrorsEnabled, SplitQueryResultCoordinator resultCoordinator, Func`3 childIdentifier, IReadOnlyList`1 identifierValueComparers, Func`5 innerShaper, Func`4 relatedDataLoaders, INavigationBase inverseNavigation, Action`2 fixup, Boolean trackingQuery)
         at Microsoft.EntityFrameworkCore.Query.RelationalShapedQueryCompilingExpressionVisitor.ShaperProcessingExpressionVisitor.TaskAwaiter(Func`1[] taskFactories)
         at Microsoft.EntityFrameworkCore.Query.Internal.SplitQueryingEnumerable`1.AsyncEnumerator.MoveNextAsync()
      ClientConnectionId:8dc38f7a-1540-4184-a7d8-7d911e1eedad
      Error Number:208,State:1,Class:16
dbug: Microsoft.EntityFrameworkCore.Database.Connection[20002]
      Closing connection to database 'EduConnectDb' on server 'localhost\SQLEXPRESS'.
dbug: Microsoft.EntityFrameworkCore.Database.Connection[20003]
      Closed connection to database 'EduConnectDb' on server 'localhost\SQLEXPRESS' (0ms).
info: Microsoft.AspNetCore.Mvc.Infrastructure.ControllerActionInvoker[105]
      Executed action EduConnect.Api.Controllers.PostsController.GetAll (EduConnect.Api) in 8.5656ms
info: Microsoft.AspNetCore.Routing.EndpointMiddleware[1]
      Executed endpoint 'EduConnect.Api.Controllers.PostsController.GetAll (EduConnect.Api)'
fail: EduConnect.Api.Middleware.GlobalExceptionHandler[0]
      Unhandled exception occurred while processing the request.
      Microsoft.Data.SqlClient.SqlException (0x80131904): Invalid object name 'PostBookmarks'.
         at System.Threading.Tasks.ContinuationResultTaskFromResultTask`2.InnerInvoke()
         at System.Threading.ExecutionContext.RunInternal(ExecutionContext executionContext, ContextCallback callback, Object state)
      --- End of stack trace from previous location ---
         at System.Threading.ExecutionContext.RunInternal(ExecutionContext executionContext, ContextCallback callback, Object state)
         at System.Threading.Tasks.Task.ExecuteWithThreadLocal(Task& currentTaskSlot, Thread threadPoolThread)
      --- End of stack trace from previous location ---
         at Microsoft.EntityFrameworkCore.Storage.RelationalCommand.ExecuteReaderAsync(RelationalCommandParameterObject parameterObject, CancellationToken cancellationToken)
         at Microsoft.EntityFrameworkCore.Storage.RelationalCommand.ExecuteReaderAsync(RelationalCommandParameterObject parameterObject, CancellationToken cancellationToken)
         at Microsoft.EntityFrameworkCore.Query.RelationalShapedQueryCompilingExpressionVisitor.ShaperProcessingExpressionVisitor.<PopulateSplitIncludeCollectionAsync>g__InitializeReaderAsync|27_0[TIncludingEntity,TIncludedEntity](RelationalQueryContext queryContext, RelationalCommandResolver relationalCommandResolver, IReadOnlyList`1 readerColumns, Boolean detailedErrorsEnabled, CancellationToken cancellationToken)
         at Microsoft.EntityFrameworkCore.SqlServer.Storage.Internal.SqlServerExecutionStrategy.ExecuteAsync[TState,TResult](TState state, Func`4 operation, Func`4 verifySucceeded, CancellationToken cancellationToken)
         at Microsoft.EntityFrameworkCore.Query.RelationalShapedQueryCompilingExpressionVisitor.ShaperProcessingExpressionVisitor.PopulateSplitIncludeCollectionAsync[TIncludingEntity,TIncludedEntity](Int32 collectionId, RelationalQueryContext queryContext, IExecutionStrategy executionStrategy, RelationalCommandResolver relationalCommandResolver, IReadOnlyList`1 readerColumns, Boolean detailedErrorsEnabled, SplitQueryResultCoordinator resultCoordinator, Func`3 childIdentifier, IReadOnlyList`1 identifierValueComparers, Func`5 innerShaper, Func`4 relatedDataLoaders, INavigationBase inverseNavigation, Action`2 fixup, Boolean trackingQuery)
         at Microsoft.EntityFrameworkCore.Query.RelationalShapedQueryCompilingExpressionVisitor.ShaperProcessingExpressionVisitor.TaskAwaiter(Func`1[] taskFactories)
         at Microsoft.EntityFrameworkCore.Query.Internal.SplitQueryingEnumerable`1.AsyncEnumerator.MoveNextAsync()
         at Microsoft.EntityFrameworkCore.EntityFrameworkQueryableExtensions.ToListAsync[TSource](IQueryable`1 source, CancellationToken cancellationToken)
         at Microsoft.EntityFrameworkCore.EntityFrameworkQueryableExtensions.ToListAsync[TSource](IQueryable`1 source, CancellationToken cancellationToken)
         at EduConnect.Api.Controllers.PostsController.GetAll(Int32 page, Int32 pageSize, CancellationToken cancellationToken) in C:\Users\FIRAT\Desktop\Tubitak-Tez\backend\src\EduConnect.Api\Controllers\PostsController.cs:line 34
         at lambda_method50(Closure, Object)
         at Microsoft.AspNetCore.Mvc.Infrastructure.ActionMethodExecutor.AwaitableObjectResultExecutor.Execute(ActionContext actionContext, IActionResultTypeMapper mapper, ObjectMethodExecutor executor, Object controller, Object[] arguments)
         at Microsoft.AspNetCore.Mvc.Infrastructure.ControllerActionInvoker.<InvokeActionMethodAsync>g__Awaited|12_0(ControllerActionInvoker invoker, ValueTask`1 actionResultValueTask)
         at Microsoft.AspNetCore.Mvc.Infrastructure.ControllerActionInvoker.<InvokeNextActionFilterAsync>g__Awaited|10_0(ControllerActionInvoker invoker, Task lastTask, State next, Scope scope, Object state, Boolean isCompleted)
         at Microsoft.AspNetCore.Mvc.Infrastructure.ControllerActionInvoker.Rethrow(ActionExecutedContextSealed context)
         at Microsoft.AspNetCore.Mvc.Infrastructure.ControllerActionInvoker.Next(State& next, Scope& scope, Object& state, Boolean& isCompleted)
         at Microsoft.AspNetCore.Mvc.Infrastructure.ControllerActionInvoker.<InvokeInnerFilterAsync>g__Awaited|13_0(ControllerActionInvoker invoker, Task lastTask, State next, Scope scope, Object state, Boolean isCompleted)
         at Microsoft.AspNetCore.Mvc.Infrastructure.ResourceInvoker.<InvokeFilterPipelineAsync>g__Awaited|20_0(ResourceInvoker invoker, Task lastTask, State next, Scope scope, Object state, Boolean isCompleted)
         at Microsoft.AspNetCore.Mvc.Infrastructure.ResourceInvoker.<InvokeAsync>g__Logged|17_1(ResourceInvoker invoker)
         at Microsoft.AspNetCore.Mvc.Infrastructure.ResourceInvoker.<InvokeAsync>g__Logged|17_1(ResourceInvoker invoker)
         at Microsoft.AspNetCore.Routing.EndpointMiddleware.<Invoke>g__AwaitRequestTask|7_0(Endpoint endpoint, Task requestTask, ILogger logger)
         at Microsoft.AspNetCore.Authorization.AuthorizationMiddleware.Invoke(HttpContext context)
         at Microsoft.AspNetCore.Authentication.AuthenticationMiddleware.Invoke(HttpContext context)
         at Swashbuckle.AspNetCore.SwaggerUI.SwaggerUIMiddleware.Invoke(HttpContext httpContext)
         at Swashbuckle.AspNetCore.Swagger.SwaggerMiddleware.Invoke(HttpContext httpContext, ISwaggerProvider swaggerProvider)
         at Microsoft.AspNetCore.Diagnostics.ExceptionHandlerMiddlewareImpl.<Invoke>g__Awaited|10_0(ExceptionHandlerMiddlewareImpl middleware, HttpContext context, Task task)
      ClientConnectionId:8dc38f7a-1540-4184-a7d8-7d911e1eedad
      Error Number:208,State:1,Class:16
dbug: Microsoft.EntityFrameworkCore.Infrastructure[10407]
      'AppDbContext' disposed.
dbug: Microsoft.EntityFrameworkCore.Database.Connection[20007]
      Disposing connection to database 'EduConnectDb' on server 'localhost\SQLEXPRESS'.
dbug: Microsoft.EntityFrameworkCore.Database.Connection[20008]
      Disposed connection to database '' on server '' (0ms).
info: Microsoft.AspNetCore.Hosting.Diagnostics[2]
      Request finished HTTP/1.1 GET http://localhost:5160/api/posts?page=1&pageSize=10 - 500 - application/json;+charset=utf-8 14.8548ms
info: Microsoft.AspNetCore.Hosting.Diagnostics[1]
      Request starting HTTP/1.1 OPTIONS http://localhost:5160/api/posts?page=1&pageSize=10 - - -
info: Microsoft.AspNetCore.Cors.Infrastructure.CorsService[4]
      CORS policy execution successful.
info: Microsoft.AspNetCore.Hosting.Diagnostics[2]
      Request finished HTTP/1.1 OPTIONS http://localhost:5160/api/posts?page=1&pageSize=10 - 204 - - 0.2377ms
info: Microsoft.AspNetCore.Hosting.Diagnostics[1]
      Request starting HTTP/1.1 GET http://localhost:5160/api/posts?page=1&pageSize=10 - - -
info: Microsoft.AspNetCore.Cors.Infrastructure.CorsService[4]
      CORS policy execution successful.
info: Microsoft.AspNetCore.Routing.EndpointMiddleware[0]
      Executing endpoint 'EduConnect.Api.Controllers.PostsController.GetAll (EduConnect.Api)'
info: Microsoft.AspNetCore.Mvc.Infrastructure.ControllerActionInvoker[102]
      Route matched with {action = "GetAll", controller = "Posts"}. Executing controller action with signature System.Threading.Tasks.Task`1[Microsoft.AspNetCore.Mvc.ActionResult`1[EduConnect.Application.Contracts.Common.PagedResponse`1[EduConnect.Application.Contracts.Posts.PostResponse]]] GetAll(Int32, Int32, System.Threading.CancellationToken) on controller EduConnect.Api.Controllers.PostsController (EduConnect.Api).
dbug: Microsoft.EntityFrameworkCore.Infrastructure[10403]
      Entity Framework Core 10.0.5 initialized 'AppDbContext' using provider 'Microsoft.EntityFrameworkCore.SqlServer:10.0.5' with options: MigrationsAssembly=EduConnect.Infrastructure, Version=1.0.0.0, Culture=neutral, PublicKeyToken=null EngineType=SqlServer 
dbug: Microsoft.EntityFrameworkCore.Database.Connection[20005]
      Creating DbConnection.
dbug: Microsoft.EntityFrameworkCore.Database.Connection[20006]
      Created DbConnection. (0ms).
dbug: Microsoft.EntityFrameworkCore.Database.Connection[20000]
      Opening connection to database 'EduConnectDb' on server 'localhost\SQLEXPRESS'.
dbug: Microsoft.EntityFrameworkCore.Database.Connection[20001]
      Opened connection to database 'EduConnectDb' on server 'localhost\SQLEXPRESS'.
dbug: Microsoft.EntityFrameworkCore.Database.Connection[20002]
      Closing connection to database 'EduConnectDb' on server 'localhost\SQLEXPRESS'.
dbug: Microsoft.EntityFrameworkCore.Database.Connection[20003]
      Closed connection to database 'EduConnectDb' on server 'localhost\SQLEXPRESS' (0ms).
dbug: Microsoft.EntityFrameworkCore.Database.Connection[20000]
      Opening connection to database 'EduConnectDb' on server 'localhost\SQLEXPRESS'.
dbug: Microsoft.EntityFrameworkCore.Database.Connection[20001]
      Opened connection to database 'EduConnectDb' on server 'localhost\SQLEXPRESS'.
fail: Microsoft.EntityFrameworkCore.Database.Command[20102]
      Failed executing DbCommand (1ms) [Parameters=[@p='?' (DbType = Int32), @p1='?' (DbType = Int32)], CommandType='Text', CommandTimeout='30']
      SELECT [p3].[Id], [p3].[CreatedAtUtc], [p3].[PostId], [p3].[UpdatedAtUtc], [p3].[UserId], [p0].[Id], [u].[Id], [s].[Id], [g].[Id]
      FROM (
          SELECT [p].[Id], [p].[CreatedAtUtc], [p].[GroupId], [p].[UserId]
          FROM [Posts] AS [p]
          WHERE [p].[IsDeleted] = CAST(0 AS bit)
          ORDER BY [p].[CreatedAtUtc] DESC
          OFFSET @p ROWS FETCH NEXT @p1 ROWS ONLY
      ) AS [p0]
      INNER JOIN [Users] AS [u] ON [p0].[UserId] = [u].[Id]
      LEFT JOIN [StudentProfiles] AS [s] ON [u].[Id] = [s].[UserId]
      LEFT JOIN [Groups] AS [g] ON [p0].[GroupId] = [g].[Id]
      INNER JOIN [PostBookmarks] AS [p3] ON [p0].[Id] = [p3].[PostId]
      ORDER BY [p0].[CreatedAtUtc] DESC, [p0].[Id], [u].[Id], [s].[Id], [g].[Id]
fail: Microsoft.EntityFrameworkCore.Query[10100]
      An exception occurred while iterating over the results of a query for context type 'EduConnect.Infrastructure.Data.AppDbContext'.
      Microsoft.Data.SqlClient.SqlException (0x80131904): Invalid object name 'PostBookmarks'.
         at System.Threading.Tasks.ContinuationResultTaskFromResultTask`2.InnerInvoke()
         at System.Threading.ExecutionContext.RunInternal(ExecutionContext executionContext, ContextCallback callback, Object state)
      --- End of stack trace from previous location ---
         at System.Threading.ExecutionContext.RunInternal(ExecutionContext executionContext, ContextCallback callback, Object state)
         at System.Threading.Tasks.Task.ExecuteWithThreadLocal(Task& currentTaskSlot, Thread threadPoolThread)
      --- End of stack trace from previous location ---
         at Microsoft.EntityFrameworkCore.Storage.RelationalCommand.ExecuteReaderAsync(RelationalCommandParameterObject parameterObject, CancellationToken cancellationToken)
         at Microsoft.EntityFrameworkCore.Storage.RelationalCommand.ExecuteReaderAsync(RelationalCommandParameterObject parameterObject, CancellationToken cancellationToken)
         at Microsoft.EntityFrameworkCore.Query.RelationalShapedQueryCompilingExpressionVisitor.ShaperProcessingExpressionVisitor.<PopulateSplitIncludeCollectionAsync>g__InitializeReaderAsync|27_0[TIncludingEntity,TIncludedEntity](RelationalQueryContext queryContext, RelationalCommandResolver relationalCommandResolver, IReadOnlyList`1 readerColumns, Boolean detailedErrorsEnabled, CancellationToken cancellationToken)
         at Microsoft.EntityFrameworkCore.SqlServer.Storage.Internal.SqlServerExecutionStrategy.ExecuteAsync[TState,TResult](TState state, Func`4 operation, Func`4 verifySucceeded, CancellationToken cancellationToken)
         at Microsoft.EntityFrameworkCore.Query.RelationalShapedQueryCompilingExpressionVisitor.ShaperProcessingExpressionVisitor.PopulateSplitIncludeCollectionAsync[TIncludingEntity,TIncludedEntity](Int32 collectionId, RelationalQueryContext queryContext, IExecutionStrategy executionStrategy, RelationalCommandResolver relationalCommandResolver, IReadOnlyList`1 readerColumns, Boolean detailedErrorsEnabled, SplitQueryResultCoordinator resultCoordinator, Func`3 childIdentifier, IReadOnlyList`1 identifierValueComparers, Func`5 innerShaper, Func`4 relatedDataLoaders, INavigationBase inverseNavigation, Action`2 fixup, Boolean trackingQuery)
         at Microsoft.EntityFrameworkCore.Query.RelationalShapedQueryCompilingExpressionVisitor.ShaperProcessingExpressionVisitor.TaskAwaiter(Func`1[] taskFactories)
         at Microsoft.EntityFrameworkCore.Query.Internal.SplitQueryingEnumerable`1.AsyncEnumerator.MoveNextAsync()
      ClientConnectionId:8dc38f7a-1540-4184-a7d8-7d911e1eedad
      Error Number:208,State:1,Class:16
      Microsoft.Data.SqlClient.SqlException (0x80131904): Invalid object name 'PostBookmarks'.
         at System.Threading.Tasks.ContinuationResultTaskFromResultTask`2.InnerInvoke()
         at System.Threading.ExecutionContext.RunInternal(ExecutionContext executionContext, ContextCallback callback, Object state)
      --- End of stack trace from previous location ---
         at System.Threading.ExecutionContext.RunInternal(ExecutionContext executionContext, ContextCallback callback, Object state)
         at System.Threading.Tasks.Task.ExecuteWithThreadLocal(Task& currentTaskSlot, Thread threadPoolThread)
      --- End of stack trace from previous location ---
         at Microsoft.EntityFrameworkCore.Storage.RelationalCommand.ExecuteReaderAsync(RelationalCommandParameterObject parameterObject, CancellationToken cancellationToken)
         at Microsoft.EntityFrameworkCore.Storage.RelationalCommand.ExecuteReaderAsync(RelationalCommandParameterObject parameterObject, CancellationToken cancellationToken)
         at Microsoft.EntityFrameworkCore.Query.RelationalShapedQueryCompilingExpressionVisitor.ShaperProcessingExpressionVisitor.<PopulateSplitIncludeCollectionAsync>g__InitializeReaderAsync|27_0[TIncludingEntity,TIncludedEntity](RelationalQueryContext queryContext, RelationalCommandResolver relationalCommandResolver, IReadOnlyList`1 readerColumns, Boolean detailedErrorsEnabled, CancellationToken cancellationToken)
         at Microsoft.EntityFrameworkCore.SqlServer.Storage.Internal.SqlServerExecutionStrategy.ExecuteAsync[TState,TResult](TState state, Func`4 operation, Func`4 verifySucceeded, CancellationToken cancellationToken)
         at Microsoft.EntityFrameworkCore.Query.RelationalShapedQueryCompilingExpressionVisitor.ShaperProcessingExpressionVisitor.PopulateSplitIncludeCollectionAsync[TIncludingEntity,TIncludedEntity](Int32 collectionId, RelationalQueryContext queryContext, IExecutionStrategy executionStrategy, RelationalCommandResolver relationalCommandResolver, IReadOnlyList`1 readerColumns, Boolean detailedErrorsEnabled, SplitQueryResultCoordinator resultCoordinator, Func`3 childIdentifier, IReadOnlyList`1 identifierValueComparers, Func`5 innerShaper, Func`4 relatedDataLoaders, INavigationBase inverseNavigation, Action`2 fixup, Boolean trackingQuery)
         at Microsoft.EntityFrameworkCore.Query.RelationalShapedQueryCompilingExpressionVisitor.ShaperProcessingExpressionVisitor.TaskAwaiter(Func`1[] taskFactories)
         at Microsoft.EntityFrameworkCore.Query.Internal.SplitQueryingEnumerable`1.AsyncEnumerator.MoveNextAsync()
      ClientConnectionId:8dc38f7a-1540-4184-a7d8-7d911e1eedad
      Error Number:208,State:1,Class:16
dbug: Microsoft.EntityFrameworkCore.Database.Connection[20002]
      Closing connection to database 'EduConnectDb' on server 'localhost\SQLEXPRESS'.
dbug: Microsoft.EntityFrameworkCore.Database.Connection[20003]
      Closed connection to database 'EduConnectDb' on server 'localhost\SQLEXPRESS' (0ms).
info: Microsoft.AspNetCore.Mvc.Infrastructure.ControllerActionInvoker[105]
      Executed action EduConnect.Api.Controllers.PostsController.GetAll (EduConnect.Api) in 13.4135ms
info: Microsoft.AspNetCore.Routing.EndpointMiddleware[1]
      Executed endpoint 'EduConnect.Api.Controllers.PostsController.GetAll (EduConnect.Api)'
fail: EduConnect.Api.Middleware.GlobalExceptionHandler[0]
      Unhandled exception occurred while processing the request.
      Microsoft.Data.SqlClient.SqlException (0x80131904): Invalid object name 'PostBookmarks'.
         at System.Threading.Tasks.ContinuationResultTaskFromResultTask`2.InnerInvoke()
         at System.Threading.ExecutionContext.RunInternal(ExecutionContext executionContext, ContextCallback callback, Object state)
      --- End of stack trace from previous location ---
         at System.Threading.ExecutionContext.RunInternal(ExecutionContext executionContext, ContextCallback callback, Object state)
         at System.Threading.Tasks.Task.ExecuteWithThreadLocal(Task& currentTaskSlot, Thread threadPoolThread)
      --- End of stack trace from previous location ---
         at Microsoft.EntityFrameworkCore.Storage.RelationalCommand.ExecuteReaderAsync(RelationalCommandParameterObject parameterObject, CancellationToken cancellationToken)
         at Microsoft.EntityFrameworkCore.Storage.RelationalCommand.ExecuteReaderAsync(RelationalCommandParameterObject parameterObject, CancellationToken cancellationToken)
         at Microsoft.EntityFrameworkCore.Query.RelationalShapedQueryCompilingExpressionVisitor.ShaperProcessingExpressionVisitor.<PopulateSplitIncludeCollectionAsync>g__InitializeReaderAsync|27_0[TIncludingEntity,TIncludedEntity](RelationalQueryContext queryContext, RelationalCommandResolver relationalCommandResolver, IReadOnlyList`1 readerColumns, Boolean detailedErrorsEnabled, CancellationToken cancellationToken)
         at Microsoft.EntityFrameworkCore.SqlServer.Storage.Internal.SqlServerExecutionStrategy.ExecuteAsync[TState,TResult](TState state, Func`4 operation, Func`4 verifySucceeded, CancellationToken cancellationToken)
         at Microsoft.EntityFrameworkCore.Query.RelationalShapedQueryCompilingExpressionVisitor.ShaperProcessingExpressionVisitor.PopulateSplitIncludeCollectionAsync[TIncludingEntity,TIncludedEntity](Int32 collectionId, RelationalQueryContext queryContext, IExecutionStrategy executionStrategy, RelationalCommandResolver relationalCommandResolver, IReadOnlyList`1 readerColumns, Boolean detailedErrorsEnabled, SplitQueryResultCoordinator resultCoordinator, Func`3 childIdentifier, IReadOnlyList`1 identifierValueComparers, Func`5 innerShaper, Func`4 relatedDataLoaders, INavigationBase inverseNavigation, Action`2 fixup, Boolean trackingQuery)
         at Microsoft.EntityFrameworkCore.Query.RelationalShapedQueryCompilingExpressionVisitor.ShaperProcessingExpressionVisitor.TaskAwaiter(Func`1[] taskFactories)
         at Microsoft.EntityFrameworkCore.Query.Internal.SplitQueryingEnumerable`1.AsyncEnumerator.MoveNextAsync()
         at Microsoft.EntityFrameworkCore.EntityFrameworkQueryableExtensions.ToListAsync[TSource](IQueryable`1 source, CancellationToken cancellationToken)
         at Microsoft.EntityFrameworkCore.EntityFrameworkQueryableExtensions.ToListAsync[TSource](IQueryable`1 source, CancellationToken cancellationToken)
         at EduConnect.Api.Controllers.PostsController.GetAll(Int32 page, Int32 pageSize, CancellationToken cancellationToken) in C:\Users\FIRAT\Desktop\Tubitak-Tez\backend\src\EduConnect.Api\Controllers\PostsController.cs:line 34
         at lambda_method50(Closure, Object)
         at Microsoft.AspNetCore.Mvc.Infrastructure.ActionMethodExecutor.AwaitableObjectResultExecutor.Execute(ActionContext actionContext, IActionResultTypeMapper mapper, ObjectMethodExecutor executor, Object controller, Object[] arguments)
         at Microsoft.AspNetCore.Mvc.Infrastructure.ControllerActionInvoker.<InvokeActionMethodAsync>g__Awaited|12_0(ControllerActionInvoker invoker, ValueTask`1 actionResultValueTask)
         at Microsoft.AspNetCore.Mvc.Infrastructure.ControllerActionInvoker.<InvokeNextActionFilterAsync>g__Awaited|10_0(ControllerActionInvoker invoker, Task lastTask, State next, Scope scope, Object state, Boolean isCompleted)
         at Microsoft.AspNetCore.Mvc.Infrastructure.ControllerActionInvoker.Rethrow(ActionExecutedContextSealed context)
         at Microsoft.AspNetCore.Mvc.Infrastructure.ControllerActionInvoker.Next(State& next, Scope& scope, Object& state, Boolean& isCompleted)
         at Microsoft.AspNetCore.Mvc.Infrastructure.ControllerActionInvoker.<InvokeInnerFilterAsync>g__Awaited|13_0(ControllerActionInvoker invoker, Task lastTask, State next, Scope scope, Object state, Boolean isCompleted)
         at Microsoft.AspNetCore.Mvc.Infrastructure.ResourceInvoker.<InvokeFilterPipelineAsync>g__Awaited|20_0(ResourceInvoker invoker, Task lastTask, State next, Scope scope, Object state, Boolean isCompleted)
         at Microsoft.AspNetCore.Mvc.Infrastructure.ResourceInvoker.<InvokeAsync>g__Logged|17_1(ResourceInvoker invoker)
         at Microsoft.AspNetCore.Mvc.Infrastructure.ResourceInvoker.<InvokeAsync>g__Logged|17_1(ResourceInvoker invoker)
         at Microsoft.AspNetCore.Routing.EndpointMiddleware.<Invoke>g__AwaitRequestTask|7_0(Endpoint endpoint, Task requestTask, ILogger logger)
         at Microsoft.AspNetCore.Authorization.AuthorizationMiddleware.Invoke(HttpContext context)
         at Microsoft.AspNetCore.Authentication.AuthenticationMiddleware.Invoke(HttpContext context)
         at Swashbuckle.AspNetCore.SwaggerUI.SwaggerUIMiddleware.Invoke(HttpContext httpContext)
         at Swashbuckle.AspNetCore.Swagger.SwaggerMiddleware.Invoke(HttpContext httpContext, ISwaggerProvider swaggerProvider)
         at Microsoft.AspNetCore.Diagnostics.ExceptionHandlerMiddlewareImpl.<Invoke>g__Awaited|10_0(ExceptionHandlerMiddlewareImpl middleware, HttpContext context, Task task)
      ClientConnectionId:8dc38f7a-1540-4184-a7d8-7d911e1eedad
      Error Number:208,State:1,Class:16
dbug: Microsoft.EntityFrameworkCore.Infrastructure[10407]
      'AppDbContext' disposed.
dbug: Microsoft.EntityFrameworkCore.Database.Connection[20007]
      Disposing connection to database 'EduConnectDb' on server 'localhost\SQLEXPRESS'.
dbug: Microsoft.EntityFrameworkCore.Database.Connection[20008]
      Disposed connection to database '' on server '' (0ms).
info: Microsoft.AspNetCore.Hosting.Diagnostics[2]
      Request finished HTTP/1.1 GET http://localhost:5160/api/posts?page=1&pageSize=10 - 500 - application/json;+charset=utf-8 18.2698ms
info: Microsoft.AspNetCore.Hosting.Diagnostics[1]
      Request starting HTTP/1.1 GET http://localhost:5160/api/posts?page=1&pageSize=10 - - -
info: Microsoft.AspNetCore.Cors.Infrastructure.CorsService[4]
      CORS policy execution successful.
info: Microsoft.AspNetCore.Routing.EndpointMiddleware[0]
      Executing endpoint 'EduConnect.Api.Controllers.PostsController.GetAll (EduConnect.Api)'
info: Microsoft.AspNetCore.Mvc.Infrastructure.ControllerActionInvoker[102]
      Route matched with {action = "GetAll", controller = "Posts"}. Executing controller action with signature System.Threading.Tasks.Task`1[Microsoft.AspNetCore.Mvc.ActionResult`1[EduConnect.Application.Contracts.Common.PagedResponse`1[EduConnect.Application.Contracts.Posts.PostResponse]]] GetAll(Int32, Int32, System.Threading.CancellationToken) on controller EduConnect.Api.Controllers.PostsController (EduConnect.Api).
dbug: Microsoft.EntityFrameworkCore.Infrastructure[10403]
      Entity Framework Core 10.0.5 initialized 'AppDbContext' using provider 'Microsoft.EntityFrameworkCore.SqlServer:10.0.5' with options: MigrationsAssembly=EduConnect.Infrastructure, Version=1.0.0.0, Culture=neutral, PublicKeyToken=null EngineType=SqlServer 
dbug: Microsoft.EntityFrameworkCore.Database.Connection[20005]
      Creating DbConnection.
dbug: Microsoft.EntityFrameworkCore.Database.Connection[20006]
      Created DbConnection. (0ms).
dbug: Microsoft.EntityFrameworkCore.Database.Connection[20000]
      Opening connection to database 'EduConnectDb' on server 'localhost\SQLEXPRESS'.
dbug: Microsoft.EntityFrameworkCore.Database.Connection[20001]
      Opened connection to database 'EduConnectDb' on server 'localhost\SQLEXPRESS'.
dbug: Microsoft.EntityFrameworkCore.Database.Connection[20002]
      Closing connection to database 'EduConnectDb' on server 'localhost\SQLEXPRESS'.
dbug: Microsoft.EntityFrameworkCore.Database.Connection[20003]
      Closed connection to database 'EduConnectDb' on server 'localhost\SQLEXPRESS' (0ms).
dbug: Microsoft.EntityFrameworkCore.Database.Connection[20000]
      Opening connection to database 'EduConnectDb' on server 'localhost\SQLEXPRESS'.
dbug: Microsoft.EntityFrameworkCore.Database.Connection[20001]
      Opened connection to database 'EduConnectDb' on server 'localhost\SQLEXPRESS'.
fail: Microsoft.EntityFrameworkCore.Database.Command[20102]
      Failed executing DbCommand (2ms) [Parameters=[@p='?' (DbType = Int32), @p1='?' (DbType = Int32)], CommandType='Text', CommandTimeout='30']
      SELECT [p3].[Id], [p3].[CreatedAtUtc], [p3].[PostId], [p3].[UpdatedAtUtc], [p3].[UserId], [p0].[Id], [u].[Id], [s].[Id], [g].[Id]
      FROM (
          SELECT [p].[Id], [p].[CreatedAtUtc], [p].[GroupId], [p].[UserId]
          FROM [Posts] AS [p]
          WHERE [p].[IsDeleted] = CAST(0 AS bit)
          ORDER BY [p].[CreatedAtUtc] DESC
          OFFSET @p ROWS FETCH NEXT @p1 ROWS ONLY
      ) AS [p0]
      INNER JOIN [Users] AS [u] ON [p0].[UserId] = [u].[Id]
      LEFT JOIN [StudentProfiles] AS [s] ON [u].[Id] = [s].[UserId]
      LEFT JOIN [Groups] AS [g] ON [p0].[GroupId] = [g].[Id]
      INNER JOIN [PostBookmarks] AS [p3] ON [p0].[Id] = [p3].[PostId]
      ORDER BY [p0].[CreatedAtUtc] DESC, [p0].[Id], [u].[Id], [s].[Id], [g].[Id]
fail: Microsoft.EntityFrameworkCore.Query[10100]
      An exception occurred while iterating over the results of a query for context type 'EduConnect.Infrastructure.Data.AppDbContext'.
      Microsoft.Data.SqlClient.SqlException (0x80131904): Invalid object name 'PostBookmarks'.
         at System.Threading.Tasks.ContinuationResultTaskFromResultTask`2.InnerInvoke()
         at System.Threading.ExecutionContext.RunInternal(ExecutionContext executionContext, ContextCallback callback, Object state)
      --- End of stack trace from previous location ---
         at System.Threading.ExecutionContext.RunInternal(ExecutionContext executionContext, ContextCallback callback, Object state)
         at System.Threading.Tasks.Task.ExecuteWithThreadLocal(Task& currentTaskSlot, Thread threadPoolThread)
      --- End of stack trace from previous location ---
         at Microsoft.EntityFrameworkCore.Storage.RelationalCommand.ExecuteReaderAsync(RelationalCommandParameterObject parameterObject, CancellationToken cancellationToken)
         at Microsoft.EntityFrameworkCore.Storage.RelationalCommand.ExecuteReaderAsync(RelationalCommandParameterObject parameterObject, CancellationToken cancellationToken)
         at Microsoft.EntityFrameworkCore.Query.RelationalShapedQueryCompilingExpressionVisitor.ShaperProcessingExpressionVisitor.<PopulateSplitIncludeCollectionAsync>g__InitializeReaderAsync|27_0[TIncludingEntity,TIncludedEntity](RelationalQueryContext queryContext, RelationalCommandResolver relationalCommandResolver, IReadOnlyList`1 readerColumns, Boolean detailedErrorsEnabled, CancellationToken cancellationToken)
         at Microsoft.EntityFrameworkCore.SqlServer.Storage.Internal.SqlServerExecutionStrategy.ExecuteAsync[TState,TResult](TState state, Func`4 operation, Func`4 verifySucceeded, CancellationToken cancellationToken)
         at Microsoft.EntityFrameworkCore.Query.RelationalShapedQueryCompilingExpressionVisitor.ShaperProcessingExpressionVisitor.PopulateSplitIncludeCollectionAsync[TIncludingEntity,TIncludedEntity](Int32 collectionId, RelationalQueryContext queryContext, IExecutionStrategy executionStrategy, RelationalCommandResolver relationalCommandResolver, IReadOnlyList`1 readerColumns, Boolean detailedErrorsEnabled, SplitQueryResultCoordinator resultCoordinator, Func`3 childIdentifier, IReadOnlyList`1 identifierValueComparers, Func`5 innerShaper, Func`4 relatedDataLoaders, INavigationBase inverseNavigation, Action`2 fixup, Boolean trackingQuery)
         at Microsoft.EntityFrameworkCore.Query.RelationalShapedQueryCompilingExpressionVisitor.ShaperProcessingExpressionVisitor.TaskAwaiter(Func`1[] taskFactories)
         at Microsoft.EntityFrameworkCore.Query.Internal.SplitQueryingEnumerable`1.AsyncEnumerator.MoveNextAsync()
      ClientConnectionId:8dc38f7a-1540-4184-a7d8-7d911e1eedad
      Error Number:208,State:1,Class:16
      Microsoft.Data.SqlClient.SqlException (0x80131904): Invalid object name 'PostBookmarks'.
         at System.Threading.Tasks.ContinuationResultTaskFromResultTask`2.InnerInvoke()
         at System.Threading.ExecutionContext.RunInternal(ExecutionContext executionContext, ContextCallback callback, Object state)
      --- End of stack trace from previous location ---
         at System.Threading.ExecutionContext.RunInternal(ExecutionContext executionContext, ContextCallback callback, Object state)
         at System.Threading.Tasks.Task.ExecuteWithThreadLocal(Task& currentTaskSlot, Thread threadPoolThread)
      --- End of stack trace from previous location ---
         at Microsoft.EntityFrameworkCore.Storage.RelationalCommand.ExecuteReaderAsync(RelationalCommandParameterObject parameterObject, CancellationToken cancellationToken)
         at Microsoft.EntityFrameworkCore.Storage.RelationalCommand.ExecuteReaderAsync(RelationalCommandParameterObject parameterObject, CancellationToken cancellationToken)
         at Microsoft.EntityFrameworkCore.Query.RelationalShapedQueryCompilingExpressionVisitor.ShaperProcessingExpressionVisitor.<PopulateSplitIncludeCollectionAsync>g__InitializeReaderAsync|27_0[TIncludingEntity,TIncludedEntity](RelationalQueryContext queryContext, RelationalCommandResolver relationalCommandResolver, IReadOnlyList`1 readerColumns, Boolean detailedErrorsEnabled, CancellationToken cancellationToken)
         at Microsoft.EntityFrameworkCore.SqlServer.Storage.Internal.SqlServerExecutionStrategy.ExecuteAsync[TState,TResult](TState state, Func`4 operation, Func`4 verifySucceeded, CancellationToken cancellationToken)
         at Microsoft.EntityFrameworkCore.Query.RelationalShapedQueryCompilingExpressionVisitor.ShaperProcessingExpressionVisitor.PopulateSplitIncludeCollectionAsync[TIncludingEntity,TIncludedEntity](Int32 collectionId, RelationalQueryContext queryContext, IExecutionStrategy executionStrategy, RelationalCommandResolver relationalCommandResolver, IReadOnlyList`1 readerColumns, Boolean detailedErrorsEnabled, SplitQueryResultCoordinator resultCoordinator, Func`3 childIdentifier, IReadOnlyList`1 identifierValueComparers, Func`5 innerShaper, Func`4 relatedDataLoaders, INavigationBase inverseNavigation, Action`2 fixup, Boolean trackingQuery)
         at Microsoft.EntityFrameworkCore.Query.RelationalShapedQueryCompilingExpressionVisitor.ShaperProcessingExpressionVisitor.TaskAwaiter(Func`1[] taskFactories)
         at Microsoft.EntityFrameworkCore.Query.Internal.SplitQueryingEnumerable`1.AsyncEnumerator.MoveNextAsync()
      ClientConnectionId:8dc38f7a-1540-4184-a7d8-7d911e1eedad
      Error Number:208,State:1,Class:16
dbug: Microsoft.EntityFrameworkCore.Database.Connection[20002]
      Closing connection to database 'EduConnectDb' on server 'localhost\SQLEXPRESS'.
dbug: Microsoft.EntityFrameworkCore.Database.Connection[20003]
      Closed connection to database 'EduConnectDb' on server 'localhost\SQLEXPRESS' (0ms).
info: Microsoft.AspNetCore.Mvc.Infrastructure.ControllerActionInvoker[105]
      Executed action EduConnect.Api.Controllers.PostsController.GetAll (EduConnect.Api) in 11.2595ms
info: Microsoft.AspNetCore.Routing.EndpointMiddleware[1]
      Executed endpoint 'EduConnect.Api.Controllers.PostsController.GetAll (EduConnect.Api)'
fail: EduConnect.Api.Middleware.GlobalExceptionHandler[0]
      Unhandled exception occurred while processing the request.
      Microsoft.Data.SqlClient.SqlException (0x80131904): Invalid object name 'PostBookmarks'.
         at System.Threading.Tasks.ContinuationResultTaskFromResultTask`2.InnerInvoke()
         at System.Threading.ExecutionContext.RunInternal(ExecutionContext executionContext, ContextCallback callback, Object state)
      --- End of stack trace from previous location ---
         at System.Threading.ExecutionContext.RunInternal(ExecutionContext executionContext, ContextCallback callback, Object state)
         at System.Threading.Tasks.Task.ExecuteWithThreadLocal(Task& currentTaskSlot, Thread threadPoolThread)
      --- End of stack trace from previous location ---
         at Microsoft.EntityFrameworkCore.Storage.RelationalCommand.ExecuteReaderAsync(RelationalCommandParameterObject parameterObject, CancellationToken cancellationToken)
         at Microsoft.EntityFrameworkCore.Storage.RelationalCommand.ExecuteReaderAsync(RelationalCommandParameterObject parameterObject, CancellationToken cancellationToken)
         at Microsoft.EntityFrameworkCore.Query.RelationalShapedQueryCompilingExpressionVisitor.ShaperProcessingExpressionVisitor.<PopulateSplitIncludeCollectionAsync>g__InitializeReaderAsync|27_0[TIncludingEntity,TIncludedEntity](RelationalQueryContext queryContext, RelationalCommandResolver relationalCommandResolver, IReadOnlyList`1 readerColumns, Boolean detailedErrorsEnabled, CancellationToken cancellationToken)
         at Microsoft.EntityFrameworkCore.SqlServer.Storage.Internal.SqlServerExecutionStrategy.ExecuteAsync[TState,TResult](TState state, Func`4 operation, Func`4 verifySucceeded, CancellationToken cancellationToken)
         at Microsoft.EntityFrameworkCore.Query.RelationalShapedQueryCompilingExpressionVisitor.ShaperProcessingExpressionVisitor.PopulateSplitIncludeCollectionAsync[TIncludingEntity,TIncludedEntity](Int32 collectionId, RelationalQueryContext queryContext, IExecutionStrategy executionStrategy, RelationalCommandResolver relationalCommandResolver, IReadOnlyList`1 readerColumns, Boolean detailedErrorsEnabled, SplitQueryResultCoordinator resultCoordinator, Func`3 childIdentifier, IReadOnlyList`1 identifierValueComparers, Func`5 innerShaper, Func`4 relatedDataLoaders, INavigationBase inverseNavigation, Action`2 fixup, Boolean trackingQuery)
         at Microsoft.EntityFrameworkCore.Query.RelationalShapedQueryCompilingExpressionVisitor.ShaperProcessingExpressionVisitor.TaskAwaiter(Func`1[] taskFactories)
         at Microsoft.EntityFrameworkCore.Query.Internal.SplitQueryingEnumerable`1.AsyncEnumerator.MoveNextAsync()
         at Microsoft.EntityFrameworkCore.EntityFrameworkQueryableExtensions.ToListAsync[TSource](IQueryable`1 source, CancellationToken cancellationToken)
         at Microsoft.EntityFrameworkCore.EntityFrameworkQueryableExtensions.ToListAsync[TSource](IQueryable`1 source, CancellationToken cancellationToken)
         at EduConnect.Api.Controllers.PostsController.GetAll(Int32 page, Int32 pageSize, CancellationToken cancellationToken) in C:\Users\FIRAT\Desktop\Tubitak-Tez\backend\src\EduConnect.Api\Controllers\PostsController.cs:line 34
         at lambda_method50(Closure, Object)
         at Microsoft.AspNetCore.Mvc.Infrastructure.ActionMethodExecutor.AwaitableObjectResultExecutor.Execute(ActionContext actionContext, IActionResultTypeMapper mapper, ObjectMethodExecutor executor, Object controller, Object[] arguments)
         at Microsoft.AspNetCore.Mvc.Infrastructure.ControllerActionInvoker.<InvokeActionMethodAsync>g__Awaited|12_0(ControllerActionInvoker invoker, ValueTask`1 actionResultValueTask)
         at Microsoft.AspNetCore.Mvc.Infrastructure.ControllerActionInvoker.<InvokeNextActionFilterAsync>g__Awaited|10_0(ControllerActionInvoker invoker, Task lastTask, State next, Scope scope, Object state, Boolean isCompleted)
         at Microsoft.AspNetCore.Mvc.Infrastructure.ControllerActionInvoker.Rethrow(ActionExecutedContextSealed context)
         at Microsoft.AspNetCore.Mvc.Infrastructure.ControllerActionInvoker.Next(State& next, Scope& scope, Object& state, Boolean& isCompleted)
         at Microsoft.AspNetCore.Mvc.Infrastructure.ControllerActionInvoker.<InvokeInnerFilterAsync>g__Awaited|13_0(ControllerActionInvoker invoker, Task lastTask, State next, Scope scope, Object state, Boolean isCompleted)
         at Microsoft.AspNetCore.Mvc.Infrastructure.ResourceInvoker.<InvokeFilterPipelineAsync>g__Awaited|20_0(ResourceInvoker invoker, Task lastTask, State next, Scope scope, Object state, Boolean isCompleted)
         at Microsoft.AspNetCore.Mvc.Infrastructure.ResourceInvoker.<InvokeAsync>g__Logged|17_1(ResourceInvoker invoker)
         at Microsoft.AspNetCore.Mvc.Infrastructure.ResourceInvoker.<InvokeAsync>g__Logged|17_1(ResourceInvoker invoker)
         at Microsoft.AspNetCore.Routing.EndpointMiddleware.<Invoke>g__AwaitRequestTask|7_0(Endpoint endpoint, Task requestTask, ILogger logger)
         at Microsoft.AspNetCore.Authorization.AuthorizationMiddleware.Invoke(HttpContext context)
         at Microsoft.AspNetCore.Authentication.AuthenticationMiddleware.Invoke(HttpContext context)
         at Swashbuckle.AspNetCore.SwaggerUI.SwaggerUIMiddleware.Invoke(HttpContext httpContext)
         at Swashbuckle.AspNetCore.Swagger.SwaggerMiddleware.Invoke(HttpContext httpContext, ISwaggerProvider swaggerProvider)
         at Microsoft.AspNetCore.Diagnostics.ExceptionHandlerMiddlewareImpl.<Invoke>g__Awaited|10_0(ExceptionHandlerMiddlewareImpl middleware, HttpContext context, Task task)
      ClientConnectionId:8dc38f7a-1540-4184-a7d8-7d911e1eedad
      Error Number:208,State:1,Class:16
dbug: Microsoft.EntityFrameworkCore.Infrastructure[10407]
      'AppDbContext' disposed.
dbug: Microsoft.EntityFrameworkCore.Database.Connection[20007]
      Disposing connection to database 'EduConnectDb' on server 'localhost\SQLEXPRESS'.
dbug: Microsoft.EntityFrameworkCore.Database.Connection[20008]
      Disposed connection to database '' on server '' (0ms).
info: Microsoft.AspNetCore.Hosting.Diagnostics[2]
      Request finished HTTP/1.1 GET http://localhost:5160/api/posts?page=1&pageSize=10 - 500 - application/json;+charset=utf-8 14.6909ms
info: Microsoft.AspNetCore.Hosting.Diagnostics[1]
      Request starting HTTP/1.1 OPTIONS http://localhost:5160/api/posts?page=1&pageSize=10 - - -
info: Microsoft.AspNetCore.Cors.Infrastructure.CorsService[4]
      CORS policy execution successful.
info: Microsoft.AspNetCore.Hosting.Diagnostics[2]
      Request finished HTTP/1.1 OPTIONS http://localhost:5160/api/posts?page=1&pageSize=10 - 204 - - 0.2982ms
info: Microsoft.AspNetCore.Hosting.Diagnostics[1]
      Request starting HTTP/1.1 GET http://localhost:5160/api/posts?page=1&pageSize=10 - - -
info: Microsoft.AspNetCore.Cors.Infrastructure.CorsService[4]
      CORS policy execution successful.
info: Microsoft.AspNetCore.Routing.EndpointMiddleware[0]
      Executing endpoint 'EduConnect.Api.Controllers.PostsController.GetAll (EduConnect.Api)'
info: Microsoft.AspNetCore.Mvc.Infrastructure.ControllerActionInvoker[102]
      Route matched with {action = "GetAll", controller = "Posts"}. Executing controller action with signature System.Threading.Tasks.Task`1[Microsoft.AspNetCore.Mvc.ActionResult`1[EduConnect.Application.Contracts.Common.PagedResponse`1[EduConnect.Application.Contracts.Posts.PostResponse]]] GetAll(Int32, Int32, System.Threading.CancellationToken) on controller EduConnect.Api.Controllers.PostsController (EduConnect.Api).
dbug: Microsoft.EntityFrameworkCore.Infrastructure[10403]
      Entity Framework Core 10.0.5 initialized 'AppDbContext' using provider 'Microsoft.EntityFrameworkCore.SqlServer:10.0.5' with options: MigrationsAssembly=EduConnect.Infrastructure, Version=1.0.0.0, Culture=neutral, PublicKeyToken=null EngineType=SqlServer 
dbug: Microsoft.EntityFrameworkCore.Database.Connection[20005]
      Creating DbConnection.
dbug: Microsoft.EntityFrameworkCore.Database.Connection[20006]
      Created DbConnection. (0ms).
dbug: Microsoft.EntityFrameworkCore.Database.Connection[20000]
      Opening connection to database 'EduConnectDb' on server 'localhost\SQLEXPRESS'.
dbug: Microsoft.EntityFrameworkCore.Database.Connection[20001]
      Opened connection to database 'EduConnectDb' on server 'localhost\SQLEXPRESS'.
dbug: Microsoft.EntityFrameworkCore.Database.Connection[20002]
      Closing connection to database 'EduConnectDb' on server 'localhost\SQLEXPRESS'.
dbug: Microsoft.EntityFrameworkCore.Database.Connection[20003]
      Closed connection to database 'EduConnectDb' on server 'localhost\SQLEXPRESS' (0ms).
dbug: Microsoft.EntityFrameworkCore.Database.Connection[20000]
      Opening connection to database 'EduConnectDb' on server 'localhost\SQLEXPRESS'.
dbug: Microsoft.EntityFrameworkCore.Database.Connection[20001]
      Opened connection to database 'EduConnectDb' on server 'localhost\SQLEXPRESS'.
fail: Microsoft.EntityFrameworkCore.Database.Command[20102]
      Failed executing DbCommand (1ms) [Parameters=[@p='?' (DbType = Int32), @p1='?' (DbType = Int32)], CommandType='Text', CommandTimeout='30']
      SELECT [p3].[Id], [p3].[CreatedAtUtc], [p3].[PostId], [p3].[UpdatedAtUtc], [p3].[UserId], [p0].[Id], [u].[Id], [s].[Id], [g].[Id]
      FROM (
          SELECT [p].[Id], [p].[CreatedAtUtc], [p].[GroupId], [p].[UserId]
          FROM [Posts] AS [p]
          WHERE [p].[IsDeleted] = CAST(0 AS bit)
          ORDER BY [p].[CreatedAtUtc] DESC
          OFFSET @p ROWS FETCH NEXT @p1 ROWS ONLY
      ) AS [p0]
      INNER JOIN [Users] AS [u] ON [p0].[UserId] = [u].[Id]
      LEFT JOIN [StudentProfiles] AS [s] ON [u].[Id] = [s].[UserId]
      LEFT JOIN [Groups] AS [g] ON [p0].[GroupId] = [g].[Id]
      INNER JOIN [PostBookmarks] AS [p3] ON [p0].[Id] = [p3].[PostId]
      ORDER BY [p0].[CreatedAtUtc] DESC, [p0].[Id], [u].[Id], [s].[Id], [g].[Id]
fail: Microsoft.EntityFrameworkCore.Query[10100]
      An exception occurred while iterating over the results of a query for context type 'EduConnect.Infrastructure.Data.AppDbContext'.
      Microsoft.Data.SqlClient.SqlException (0x80131904): Invalid object name 'PostBookmarks'.
         at System.Threading.Tasks.ContinuationResultTaskFromResultTask`2.InnerInvoke()
         at System.Threading.ExecutionContext.RunInternal(ExecutionContext executionContext, ContextCallback callback, Object state)
      --- End of stack trace from previous location ---
         at System.Threading.ExecutionContext.RunInternal(ExecutionContext executionContext, ContextCallback callback, Object state)
         at System.Threading.Tasks.Task.ExecuteWithThreadLocal(Task& currentTaskSlot, Thread threadPoolThread)
      --- End of stack trace from previous location ---
         at Microsoft.EntityFrameworkCore.Storage.RelationalCommand.ExecuteReaderAsync(RelationalCommandParameterObject parameterObject, CancellationToken cancellationToken)
         at Microsoft.EntityFrameworkCore.Storage.RelationalCommand.ExecuteReaderAsync(RelationalCommandParameterObject parameterObject, CancellationToken cancellationToken)
         at Microsoft.EntityFrameworkCore.Query.RelationalShapedQueryCompilingExpressionVisitor.ShaperProcessingExpressionVisitor.<PopulateSplitIncludeCollectionAsync>g__InitializeReaderAsync|27_0[TIncludingEntity,TIncludedEntity](RelationalQueryContext queryContext, RelationalCommandResolver relationalCommandResolver, IReadOnlyList`1 readerColumns, Boolean detailedErrorsEnabled, CancellationToken cancellationToken)
         at Microsoft.EntityFrameworkCore.SqlServer.Storage.Internal.SqlServerExecutionStrategy.ExecuteAsync[TState,TResult](TState state, Func`4 operation, Func`4 verifySucceeded, CancellationToken cancellationToken)
         at Microsoft.EntityFrameworkCore.Query.RelationalShapedQueryCompilingExpressionVisitor.ShaperProcessingExpressionVisitor.PopulateSplitIncludeCollectionAsync[TIncludingEntity,TIncludedEntity](Int32 collectionId, RelationalQueryContext queryContext, IExecutionStrategy executionStrategy, RelationalCommandResolver relationalCommandResolver, IReadOnlyList`1 readerColumns, Boolean detailedErrorsEnabled, SplitQueryResultCoordinator resultCoordinator, Func`3 childIdentifier, IReadOnlyList`1 identifierValueComparers, Func`5 innerShaper, Func`4 relatedDataLoaders, INavigationBase inverseNavigation, Action`2 fixup, Boolean trackingQuery)
         at Microsoft.EntityFrameworkCore.Query.RelationalShapedQueryCompilingExpressionVisitor.ShaperProcessingExpressionVisitor.TaskAwaiter(Func`1[] taskFactories)
         at Microsoft.EntityFrameworkCore.Query.Internal.SplitQueryingEnumerable`1.AsyncEnumerator.MoveNextAsync()
      ClientConnectionId:8dc38f7a-1540-4184-a7d8-7d911e1eedad
      Error Number:208,State:1,Class:16
      Microsoft.Data.SqlClient.SqlException (0x80131904): Invalid object name 'PostBookmarks'.
         at System.Threading.Tasks.ContinuationResultTaskFromResultTask`2.InnerInvoke()
         at System.Threading.ExecutionContext.RunInternal(ExecutionContext executionContext, ContextCallback callback, Object state)
      --- End of stack trace from previous location ---
         at System.Threading.ExecutionContext.RunInternal(ExecutionContext executionContext, ContextCallback callback, Object state)
         at System.Threading.Tasks.Task.ExecuteWithThreadLocal(Task& currentTaskSlot, Thread threadPoolThread)
      --- End of stack trace from previous location ---
         at Microsoft.EntityFrameworkCore.Storage.RelationalCommand.ExecuteReaderAsync(RelationalCommandParameterObject parameterObject, CancellationToken cancellationToken)
         at Microsoft.EntityFrameworkCore.Storage.RelationalCommand.ExecuteReaderAsync(RelationalCommandParameterObject parameterObject, CancellationToken cancellationToken)
         at Microsoft.EntityFrameworkCore.Query.RelationalShapedQueryCompilingExpressionVisitor.ShaperProcessingExpressionVisitor.<PopulateSplitIncludeCollectionAsync>g__InitializeReaderAsync|27_0[TIncludingEntity,TIncludedEntity](RelationalQueryContext queryContext, RelationalCommandResolver relationalCommandResolver, IReadOnlyList`1 readerColumns, Boolean detailedErrorsEnabled, CancellationToken cancellationToken)
         at Microsoft.EntityFrameworkCore.SqlServer.Storage.Internal.SqlServerExecutionStrategy.ExecuteAsync[TState,TResult](TState state, Func`4 operation, Func`4 verifySucceeded, CancellationToken cancellationToken)
         at Microsoft.EntityFrameworkCore.Query.RelationalShapedQueryCompilingExpressionVisitor.ShaperProcessingExpressionVisitor.PopulateSplitIncludeCollectionAsync[TIncludingEntity,TIncludedEntity](Int32 collectionId, RelationalQueryContext queryContext, IExecutionStrategy executionStrategy, RelationalCommandResolver relationalCommandResolver, IReadOnlyList`1 readerColumns, Boolean detailedErrorsEnabled, SplitQueryResultCoordinator resultCoordinator, Func`3 childIdentifier, IReadOnlyList`1 identifierValueComparers, Func`5 innerShaper, Func`4 relatedDataLoaders, INavigationBase inverseNavigation, Action`2 fixup, Boolean trackingQuery)
         at Microsoft.EntityFrameworkCore.Query.RelationalShapedQueryCompilingExpressionVisitor.ShaperProcessingExpressionVisitor.TaskAwaiter(Func`1[] taskFactories)
         at Microsoft.EntityFrameworkCore.Query.Internal.SplitQueryingEnumerable`1.AsyncEnumerator.MoveNextAsync()
      ClientConnectionId:8dc38f7a-1540-4184-a7d8-7d911e1eedad
      Error Number:208,State:1,Class:16
dbug: Microsoft.EntityFrameworkCore.Database.Connection[20002]
      Closing connection to database 'EduConnectDb' on server 'localhost\SQLEXPRESS'.
dbug: Microsoft.EntityFrameworkCore.Database.Connection[20003]
      Closed connection to database 'EduConnectDb' on server 'localhost\SQLEXPRESS' (0ms).
info: Microsoft.AspNetCore.Mvc.Infrastructure.ControllerActionInvoker[105]
      Executed action EduConnect.Api.Controllers.PostsController.GetAll (EduConnect.Api) in 9.6474ms
info: Microsoft.AspNetCore.Routing.EndpointMiddleware[1]
      Executed endpoint 'EduConnect.Api.Controllers.PostsController.GetAll (EduConnect.Api)'
fail: EduConnect.Api.Middleware.GlobalExceptionHandler[0]
      Unhandled exception occurred while processing the request.
      Microsoft.Data.SqlClient.SqlException (0x80131904): Invalid object name 'PostBookmarks'.
         at System.Threading.Tasks.ContinuationResultTaskFromResultTask`2.InnerInvoke()
         at System.Threading.ExecutionContext.RunInternal(ExecutionContext executionContext, ContextCallback callback, Object state)
      --- End of stack trace from previous location ---
         at System.Threading.ExecutionContext.RunInternal(ExecutionContext executionContext, ContextCallback callback, Object state)
         at System.Threading.Tasks.Task.ExecuteWithThreadLocal(Task& currentTaskSlot, Thread threadPoolThread)
      --- End of stack trace from previous location ---
         at Microsoft.EntityFrameworkCore.Storage.RelationalCommand.ExecuteReaderAsync(RelationalCommandParameterObject parameterObject, CancellationToken cancellationToken)
         at Microsoft.EntityFrameworkCore.Storage.RelationalCommand.ExecuteReaderAsync(RelationalCommandParameterObject parameterObject, CancellationToken cancellationToken)
         at Microsoft.EntityFrameworkCore.Query.RelationalShapedQueryCompilingExpressionVisitor.ShaperProcessingExpressionVisitor.<PopulateSplitIncludeCollectionAsync>g__InitializeReaderAsync|27_0[TIncludingEntity,TIncludedEntity](RelationalQueryContext queryContext, RelationalCommandResolver relationalCommandResolver, IReadOnlyList`1 readerColumns, Boolean detailedErrorsEnabled, CancellationToken cancellationToken)
         at Microsoft.EntityFrameworkCore.SqlServer.Storage.Internal.SqlServerExecutionStrategy.ExecuteAsync[TState,TResult](TState state, Func`4 operation, Func`4 verifySucceeded, CancellationToken cancellationToken)
         at Microsoft.EntityFrameworkCore.Query.RelationalShapedQueryCompilingExpressionVisitor.ShaperProcessingExpressionVisitor.PopulateSplitIncludeCollectionAsync[TIncludingEntity,TIncludedEntity](Int32 collectionId, RelationalQueryContext queryContext, IExecutionStrategy executionStrategy, RelationalCommandResolver relationalCommandResolver, IReadOnlyList`1 readerColumns, Boolean detailedErrorsEnabled, SplitQueryResultCoordinator resultCoordinator, Func`3 childIdentifier, IReadOnlyList`1 identifierValueComparers, Func`5 innerShaper, Func`4 relatedDataLoaders, INavigationBase inverseNavigation, Action`2 fixup, Boolean trackingQuery)
         at Microsoft.EntityFrameworkCore.Query.RelationalShapedQueryCompilingExpressionVisitor.ShaperProcessingExpressionVisitor.TaskAwaiter(Func`1[] taskFactories)
         at Microsoft.EntityFrameworkCore.Query.Internal.SplitQueryingEnumerable`1.AsyncEnumerator.MoveNextAsync()
         at Microsoft.EntityFrameworkCore.EntityFrameworkQueryableExtensions.ToListAsync[TSource](IQueryable`1 source, CancellationToken cancellationToken)
         at Microsoft.EntityFrameworkCore.EntityFrameworkQueryableExtensions.ToListAsync[TSource](IQueryable`1 source, CancellationToken cancellationToken)
         at EduConnect.Api.Controllers.PostsController.GetAll(Int32 page, Int32 pageSize, CancellationToken cancellationToken) in C:\Users\FIRAT\Desktop\Tubitak-Tez\backend\src\EduConnect.Api\Controllers\PostsController.cs:line 34
         at lambda_method50(Closure, Object)
         at Microsoft.AspNetCore.Mvc.Infrastructure.ActionMethodExecutor.AwaitableObjectResultExecutor.Execute(ActionContext actionContext, IActionResultTypeMapper mapper, ObjectMethodExecutor executor, Object controller, Object[] arguments)
         at Microsoft.AspNetCore.Mvc.Infrastructure.ControllerActionInvoker.<InvokeActionMethodAsync>g__Awaited|12_0(ControllerActionInvoker invoker, ValueTask`1 actionResultValueTask)
         at Microsoft.AspNetCore.Mvc.Infrastructure.ControllerActionInvoker.<InvokeNextActionFilterAsync>g__Awaited|10_0(ControllerActionInvoker invoker, Task lastTask, State next, Scope scope, Object state, Boolean isCompleted)
         at Microsoft.AspNetCore.Mvc.Infrastructure.ControllerActionInvoker.Rethrow(ActionExecutedContextSealed context)
         at Microsoft.AspNetCore.Mvc.Infrastructure.ControllerActionInvoker.Next(State& next, Scope& scope, Object& state, Boolean& isCompleted)
         at Microsoft.AspNetCore.Mvc.Infrastructure.ControllerActionInvoker.<InvokeInnerFilterAsync>g__Awaited|13_0(ControllerActionInvoker invoker, Task lastTask, State next, Scope scope, Object state, Boolean isCompleted)
         at Microsoft.AspNetCore.Mvc.Infrastructure.ResourceInvoker.<InvokeFilterPipelineAsync>g__Awaited|20_0(ResourceInvoker invoker, Task lastTask, State next, Scope scope, Object state, Boolean isCompleted)
         at Microsoft.AspNetCore.Mvc.Infrastructure.ResourceInvoker.<InvokeAsync>g__Logged|17_1(ResourceInvoker invoker)
         at Microsoft.AspNetCore.Mvc.Infrastructure.ResourceInvoker.<InvokeAsync>g__Logged|17_1(ResourceInvoker invoker)
         at Microsoft.AspNetCore.Routing.EndpointMiddleware.<Invoke>g__AwaitRequestTask|7_0(Endpoint endpoint, Task requestTask, ILogger logger)
         at Microsoft.AspNetCore.Authorization.AuthorizationMiddleware.Invoke(HttpContext context)
         at Microsoft.AspNetCore.Authentication.AuthenticationMiddleware.Invoke(HttpContext context)
         at Swashbuckle.AspNetCore.SwaggerUI.SwaggerUIMiddleware.Invoke(HttpContext httpContext)
         at Swashbuckle.AspNetCore.Swagger.SwaggerMiddleware.Invoke(HttpContext httpContext, ISwaggerProvider swaggerProvider)
         at Microsoft.AspNetCore.Diagnostics.ExceptionHandlerMiddlewareImpl.<Invoke>g__Awaited|10_0(ExceptionHandlerMiddlewareImpl middleware, HttpContext context, Task task)
      ClientConnectionId:8dc38f7a-1540-4184-a7d8-7d911e1eedad
      Error Number:208,State:1,Class:16
dbug: Microsoft.EntityFrameworkCore.Infrastructure[10407]
      'AppDbContext' disposed.
dbug: Microsoft.EntityFrameworkCore.Database.Connection[20007]
      Disposing connection to database 'EduConnectDb' on server 'localhost\SQLEXPRESS'.
dbug: Microsoft.EntityFrameworkCore.Database.Connection[20008]
      Disposed connection to database '' on server '' (0ms).
info: Microsoft.AspNetCore.Hosting.Diagnostics[2]
      Request finished HTTP/1.1 GET http://localhost:5160/api/posts?page=1&pageSize=10 - 500 - application/json;+charset=utf-8 13.5806ms
info: Microsoft.AspNetCore.Hosting.Diagnostics[1]
      Request starting HTTP/1.1 GET http://localhost:5160/api/posts?page=1&pageSize=10 - - -
info: Microsoft.AspNetCore.Cors.Infrastructure.CorsService[4]
      CORS policy execution successful.
info: Microsoft.AspNetCore.Routing.EndpointMiddleware[0]
      Executing endpoint 'EduConnect.Api.Controllers.PostsController.GetAll (EduConnect.Api)'
info: Microsoft.AspNetCore.Mvc.Infrastructure.ControllerActionInvoker[102]
      Route matched with {action = "GetAll", controller = "Posts"}. Executing controller action with signature System.Threading.Tasks.Task`1[Microsoft.AspNetCore.Mvc.ActionResult`1[EduConnect.Application.Contracts.Common.PagedResponse`1[EduConnect.Application.Contracts.Posts.PostResponse]]] GetAll(Int32, Int32, System.Threading.CancellationToken) on controller EduConnect.Api.Controllers.PostsController (EduConnect.Api).
dbug: Microsoft.EntityFrameworkCore.Infrastructure[10403]
      Entity Framework Core 10.0.5 initialized 'AppDbContext' using provider 'Microsoft.EntityFrameworkCore.SqlServer:10.0.5' with options: MigrationsAssembly=EduConnect.Infrastructure, Version=1.0.0.0, Culture=neutral, PublicKeyToken=null EngineType=SqlServer 
dbug: Microsoft.EntityFrameworkCore.Database.Connection[20005]
      Creating DbConnection.
dbug: Microsoft.EntityFrameworkCore.Database.Connection[20006]
      Created DbConnection. (0ms).
dbug: Microsoft.EntityFrameworkCore.Database.Connection[20000]
      Opening connection to database 'EduConnectDb' on server 'localhost\SQLEXPRESS'.
dbug: Microsoft.EntityFrameworkCore.Database.Connection[20001]
      Opened connection to database 'EduConnectDb' on server 'localhost\SQLEXPRESS'.
dbug: Microsoft.EntityFrameworkCore.Database.Connection[20002]
      Closing connection to database 'EduConnectDb' on server 'localhost\SQLEXPRESS'.
dbug: Microsoft.EntityFrameworkCore.Database.Connection[20003]
      Closed connection to database 'EduConnectDb' on server 'localhost\SQLEXPRESS' (0ms).
dbug: Microsoft.EntityFrameworkCore.Database.Connection[20000]
      Opening connection to database 'EduConnectDb' on server 'localhost\SQLEXPRESS'.
dbug: Microsoft.EntityFrameworkCore.Database.Connection[20001]
      Opened connection to database 'EduConnectDb' on server 'localhost\SQLEXPRESS'.
fail: Microsoft.EntityFrameworkCore.Database.Command[20102]
      Failed executing DbCommand (1ms) [Parameters=[@p='?' (DbType = Int32), @p1='?' (DbType = Int32)], CommandType='Text', CommandTimeout='30']
      SELECT [p3].[Id], [p3].[CreatedAtUtc], [p3].[PostId], [p3].[UpdatedAtUtc], [p3].[UserId], [p0].[Id], [u].[Id], [s].[Id], [g].[Id]
      FROM (
          SELECT [p].[Id], [p].[CreatedAtUtc], [p].[GroupId], [p].[UserId]
          FROM [Posts] AS [p]
          WHERE [p].[IsDeleted] = CAST(0 AS bit)
          ORDER BY [p].[CreatedAtUtc] DESC
          OFFSET @p ROWS FETCH NEXT @p1 ROWS ONLY
      ) AS [p0]
      INNER JOIN [Users] AS [u] ON [p0].[UserId] = [u].[Id]
      LEFT JOIN [StudentProfiles] AS [s] ON [u].[Id] = [s].[UserId]
      LEFT JOIN [Groups] AS [g] ON [p0].[GroupId] = [g].[Id]
      INNER JOIN [PostBookmarks] AS [p3] ON [p0].[Id] = [p3].[PostId]
      ORDER BY [p0].[CreatedAtUtc] DESC, [p0].[Id], [u].[Id], [s].[Id], [g].[Id]
fail: Microsoft.EntityFrameworkCore.Query[10100]
      An exception occurred while iterating over the results of a query for context type 'EduConnect.Infrastructure.Data.AppDbContext'.
      Microsoft.Data.SqlClient.SqlException (0x80131904): Invalid object name 'PostBookmarks'.
         at System.Threading.Tasks.ContinuationResultTaskFromResultTask`2.InnerInvoke()
         at System.Threading.ExecutionContext.RunInternal(ExecutionContext executionContext, ContextCallback callback, Object state)
      --- End of stack trace from previous location ---
         at System.Threading.ExecutionContext.RunInternal(ExecutionContext executionContext, ContextCallback callback, Object state)
         at System.Threading.Tasks.Task.ExecuteWithThreadLocal(Task& currentTaskSlot, Thread threadPoolThread)
      --- End of stack trace from previous location ---
         at Microsoft.EntityFrameworkCore.Storage.RelationalCommand.ExecuteReaderAsync(RelationalCommandParameterObject parameterObject, CancellationToken cancellationToken)
         at Microsoft.EntityFrameworkCore.Storage.RelationalCommand.ExecuteReaderAsync(RelationalCommandParameterObject parameterObject, CancellationToken cancellationToken)
         at Microsoft.EntityFrameworkCore.Query.RelationalShapedQueryCompilingExpressionVisitor.ShaperProcessingExpressionVisitor.<PopulateSplitIncludeCollectionAsync>g__InitializeReaderAsync|27_0[TIncludingEntity,TIncludedEntity](RelationalQueryContext queryContext, RelationalCommandResolver relationalCommandResolver, IReadOnlyList`1 readerColumns, Boolean detailedErrorsEnabled, CancellationToken cancellationToken)
         at Microsoft.EntityFrameworkCore.SqlServer.Storage.Internal.SqlServerExecutionStrategy.ExecuteAsync[TState,TResult](TState state, Func`4 operation, Func`4 verifySucceeded, CancellationToken cancellationToken)
         at Microsoft.EntityFrameworkCore.Query.RelationalShapedQueryCompilingExpressionVisitor.ShaperProcessingExpressionVisitor.PopulateSplitIncludeCollectionAsync[TIncludingEntity,TIncludedEntity](Int32 collectionId, RelationalQueryContext queryContext, IExecutionStrategy executionStrategy, RelationalCommandResolver relationalCommandResolver, IReadOnlyList`1 readerColumns, Boolean detailedErrorsEnabled, SplitQueryResultCoordinator resultCoordinator, Func`3 childIdentifier, IReadOnlyList`1 identifierValueComparers, Func`5 innerShaper, Func`4 relatedDataLoaders, INavigationBase inverseNavigation, Action`2 fixup, Boolean trackingQuery)
         at Microsoft.EntityFrameworkCore.Query.RelationalShapedQueryCompilingExpressionVisitor.ShaperProcessingExpressionVisitor.TaskAwaiter(Func`1[] taskFactories)
         at Microsoft.EntityFrameworkCore.Query.Internal.SplitQueryingEnumerable`1.AsyncEnumerator.MoveNextAsync()
      ClientConnectionId:8dc38f7a-1540-4184-a7d8-7d911e1eedad
      Error Number:208,State:1,Class:16
      Microsoft.Data.SqlClient.SqlException (0x80131904): Invalid object name 'PostBookmarks'.
         at System.Threading.Tasks.ContinuationResultTaskFromResultTask`2.InnerInvoke()
         at System.Threading.ExecutionContext.RunInternal(ExecutionContext executionContext, ContextCallback callback, Object state)
      --- End of stack trace from previous location ---
         at System.Threading.ExecutionContext.RunInternal(ExecutionContext executionContext, ContextCallback callback, Object state)
         at System.Threading.Tasks.Task.ExecuteWithThreadLocal(Task& currentTaskSlot, Thread threadPoolThread)
      --- End of stack trace from previous location ---
         at Microsoft.EntityFrameworkCore.Storage.RelationalCommand.ExecuteReaderAsync(RelationalCommandParameterObject parameterObject, CancellationToken cancellationToken)
         at Microsoft.EntityFrameworkCore.Storage.RelationalCommand.ExecuteReaderAsync(RelationalCommandParameterObject parameterObject, CancellationToken cancellationToken)
         at Microsoft.EntityFrameworkCore.Query.RelationalShapedQueryCompilingExpressionVisitor.ShaperProcessingExpressionVisitor.<PopulateSplitIncludeCollectionAsync>g__InitializeReaderAsync|27_0[TIncludingEntity,TIncludedEntity](RelationalQueryContext queryContext, RelationalCommandResolver relationalCommandResolver, IReadOnlyList`1 readerColumns, Boolean detailedErrorsEnabled, CancellationToken cancellationToken)
         at Microsoft.EntityFrameworkCore.SqlServer.Storage.Internal.SqlServerExecutionStrategy.ExecuteAsync[TState,TResult](TState state, Func`4 operation, Func`4 verifySucceeded, CancellationToken cancellationToken)
         at Microsoft.EntityFrameworkCore.Query.RelationalShapedQueryCompilingExpressionVisitor.ShaperProcessingExpressionVisitor.PopulateSplitIncludeCollectionAsync[TIncludingEntity,TIncludedEntity](Int32 collectionId, RelationalQueryContext queryContext, IExecutionStrategy executionStrategy, RelationalCommandResolver relationalCommandResolver, IReadOnlyList`1 readerColumns, Boolean detailedErrorsEnabled, SplitQueryResultCoordinator resultCoordinator, Func`3 childIdentifier, IReadOnlyList`1 identifierValueComparers, Func`5 innerShaper, Func`4 relatedDataLoaders, INavigationBase inverseNavigation, Action`2 fixup, Boolean trackingQuery)
         at Microsoft.EntityFrameworkCore.Query.RelationalShapedQueryCompilingExpressionVisitor.ShaperProcessingExpressionVisitor.TaskAwaiter(Func`1[] taskFactories)
         at Microsoft.EntityFrameworkCore.Query.Internal.SplitQueryingEnumerable`1.AsyncEnumerator.MoveNextAsync()
      ClientConnectionId:8dc38f7a-1540-4184-a7d8-7d911e1eedad
      Error Number:208,State:1,Class:16
dbug: Microsoft.EntityFrameworkCore.Database.Connection[20002]
      Closing connection to database 'EduConnectDb' on server 'localhost\SQLEXPRESS'.
dbug: Microsoft.EntityFrameworkCore.Database.Connection[20003]
      Closed connection to database 'EduConnectDb' on server 'localhost\SQLEXPRESS' (0ms).
info: Microsoft.AspNetCore.Mvc.Infrastructure.ControllerActionInvoker[105]
      Executed action EduConnect.Api.Controllers.PostsController.GetAll (EduConnect.Api) in 10.0347ms
info: Microsoft.AspNetCore.Routing.EndpointMiddleware[1]
      Executed endpoint 'EduConnect.Api.Controllers.PostsController.GetAll (EduConnect.Api)'
fail: EduConnect.Api.Middleware.GlobalExceptionHandler[0]
      Unhandled exception occurred while processing the request.
      Microsoft.Data.SqlClient.SqlException (0x80131904): Invalid object name 'PostBookmarks'.
         at System.Threading.Tasks.ContinuationResultTaskFromResultTask`2.InnerInvoke()
         at System.Threading.ExecutionContext.RunInternal(ExecutionContext executionContext, ContextCallback callback, Object state)
      --- End of stack trace from previous location ---
         at System.Threading.ExecutionContext.RunInternal(ExecutionContext executionContext, ContextCallback callback, Object state)
         at System.Threading.Tasks.Task.ExecuteWithThreadLocal(Task& currentTaskSlot, Thread threadPoolThread)
      --- End of stack trace from previous location ---
         at Microsoft.EntityFrameworkCore.Storage.RelationalCommand.ExecuteReaderAsync(RelationalCommandParameterObject parameterObject, CancellationToken cancellationToken)
         at Microsoft.EntityFrameworkCore.Storage.RelationalCommand.ExecuteReaderAsync(RelationalCommandParameterObject parameterObject, CancellationToken cancellationToken)
         at Microsoft.EntityFrameworkCore.Query.RelationalShapedQueryCompilingExpressionVisitor.ShaperProcessingExpressionVisitor.<PopulateSplitIncludeCollectionAsync>g__InitializeReaderAsync|27_0[TIncludingEntity,TIncludedEntity](RelationalQueryContext queryContext, RelationalCommandResolver relationalCommandResolver, IReadOnlyList`1 readerColumns, Boolean detailedErrorsEnabled, CancellationToken cancellationToken)
         at Microsoft.EntityFrameworkCore.SqlServer.Storage.Internal.SqlServerExecutionStrategy.ExecuteAsync[TState,TResult](TState state, Func`4 operation, Func`4 verifySucceeded, CancellationToken cancellationToken)
         at Microsoft.EntityFrameworkCore.Query.RelationalShapedQueryCompilingExpressionVisitor.ShaperProcessingExpressionVisitor.PopulateSplitIncludeCollectionAsync[TIncludingEntity,TIncludedEntity](Int32 collectionId, RelationalQueryContext queryContext, IExecutionStrategy executionStrategy, RelationalCommandResolver relationalCommandResolver, IReadOnlyList`1 readerColumns, Boolean detailedErrorsEnabled, SplitQueryResultCoordinator resultCoordinator, Func`3 childIdentifier, IReadOnlyList`1 identifierValueComparers, Func`5 innerShaper, Func`4 relatedDataLoaders, INavigationBase inverseNavigation, Action`2 fixup, Boolean trackingQuery)
         at Microsoft.EntityFrameworkCore.Query.RelationalShapedQueryCompilingExpressionVisitor.ShaperProcessingExpressionVisitor.TaskAwaiter(Func`1[] taskFactories)
         at Microsoft.EntityFrameworkCore.Query.Internal.SplitQueryingEnumerable`1.AsyncEnumerator.MoveNextAsync()
         at Microsoft.EntityFrameworkCore.EntityFrameworkQueryableExtensions.ToListAsync[TSource](IQueryable`1 source, CancellationToken cancellationToken)
         at Microsoft.EntityFrameworkCore.EntityFrameworkQueryableExtensions.ToListAsync[TSource](IQueryable`1 source, CancellationToken cancellationToken)
         at EduConnect.Api.Controllers.PostsController.GetAll(Int32 page, Int32 pageSize, CancellationToken cancellationToken) in C:\Users\FIRAT\Desktop\Tubitak-Tez\backend\src\EduConnect.Api\Controllers\PostsController.cs:line 34
         at lambda_method50(Closure, Object)
         at Microsoft.AspNetCore.Mvc.Infrastructure.ActionMethodExecutor.AwaitableObjectResultExecutor.Execute(ActionContext actionContext, IActionResultTypeMapper mapper, ObjectMethodExecutor executor, Object controller, Object[] arguments)
         at Microsoft.AspNetCore.Mvc.Infrastructure.ControllerActionInvoker.<InvokeActionMethodAsync>g__Awaited|12_0(ControllerActionInvoker invoker, ValueTask`1 actionResultValueTask)
         at Microsoft.AspNetCore.Mvc.Infrastructure.ControllerActionInvoker.<InvokeNextActionFilterAsync>g__Awaited|10_0(ControllerActionInvoker invoker, Task lastTask, State next, Scope scope, Object state, Boolean isCompleted)
         at Microsoft.AspNetCore.Mvc.Infrastructure.ControllerActionInvoker.Rethrow(ActionExecutedContextSealed context)
         at Microsoft.AspNetCore.Mvc.Infrastructure.ControllerActionInvoker.Next(State& next, Scope& scope, Object& state, Boolean& isCompleted)
         at Microsoft.AspNetCore.Mvc.Infrastructure.ControllerActionInvoker.<InvokeInnerFilterAsync>g__Awaited|13_0(ControllerActionInvoker invoker, Task lastTask, State next, Scope scope, Object state, Boolean isCompleted)
         at Microsoft.AspNetCore.Mvc.Infrastructure.ResourceInvoker.<InvokeFilterPipelineAsync>g__Awaited|20_0(ResourceInvoker invoker, Task lastTask, State next, Scope scope, Object state, Boolean isCompleted)
         at Microsoft.AspNetCore.Mvc.Infrastructure.ResourceInvoker.<InvokeAsync>g__Logged|17_1(ResourceInvoker invoker)
         at Microsoft.AspNetCore.Mvc.Infrastructure.ResourceInvoker.<InvokeAsync>g__Logged|17_1(ResourceInvoker invoker)
         at Microsoft.AspNetCore.Routing.EndpointMiddleware.<Invoke>g__AwaitRequestTask|7_0(Endpoint endpoint, Task requestTask, ILogger logger)
         at Microsoft.AspNetCore.Authorization.AuthorizationMiddleware.Invoke(HttpContext context)
         at Microsoft.AspNetCore.Authentication.AuthenticationMiddleware.Invoke(HttpContext context)
         at Swashbuckle.AspNetCore.SwaggerUI.SwaggerUIMiddleware.Invoke(HttpContext httpContext)
         at Swashbuckle.AspNetCore.Swagger.SwaggerMiddleware.Invoke(HttpContext httpContext, ISwaggerProvider swaggerProvider)
         at Microsoft.AspNetCore.Diagnostics.ExceptionHandlerMiddlewareImpl.<Invoke>g__Awaited|10_0(ExceptionHandlerMiddlewareImpl middleware, HttpContext context, Task task)
      ClientConnectionId:8dc38f7a-1540-4184-a7d8-7d911e1eedad
      Error Number:208,State:1,Class:16
dbug: Microsoft.EntityFrameworkCore.Infrastructure[10407]
      'AppDbContext' disposed.
dbug: Microsoft.EntityFrameworkCore.Database.Connection[20007]
      Disposing connection to database 'EduConnectDb' on server 'localhost\SQLEXPRESS'.
dbug: Microsoft.EntityFrameworkCore.Database.Connection[20008]
      Disposed connection to database '' on server '' (0ms).
info: Microsoft.AspNetCore.Hosting.Diagnostics[2]
      Request finished HTTP/1.1 GET http://localhost:5160/api/posts?page=1&pageSize=10 - 500 - application/json;+charset=utf-8 14.5976ms
info: Microsoft.AspNetCore.Hosting.Diagnostics[1]
      Request starting HTTP/1.1 OPTIONS http://localhost:5160/api/posts?page=1&pageSize=10 - - -
info: Microsoft.AspNetCore.Cors.Infrastructure.CorsService[4]
      CORS policy execution successful.
info: Microsoft.AspNetCore.Hosting.Diagnostics[2]
      Request finished HTTP/1.1 OPTIONS http://localhost:5160/api/posts?page=1&pageSize=10 - 204 - - 0.5978ms
info: Microsoft.AspNetCore.Hosting.Diagnostics[1]
      Request starting HTTP/1.1 GET http://localhost:5160/api/posts?page=1&pageSize=10 - - -
info: Microsoft.AspNetCore.Cors.Infrastructure.CorsService[4]
      CORS policy execution successful.
info: Microsoft.AspNetCore.Routing.EndpointMiddleware[0]
      Executing endpoint 'EduConnect.Api.Controllers.PostsController.GetAll (EduConnect.Api)'
info: Microsoft.AspNetCore.Mvc.Infrastructure.ControllerActionInvoker[102]
      Route matched with {action = "GetAll", controller = "Posts"}. Executing controller action with signature System.Threading.Tasks.Task`1[Microsoft.AspNetCore.Mvc.ActionResult`1[EduConnect.Application.Contracts.Common.PagedResponse`1[EduConnect.Application.Contracts.Posts.PostResponse]]] GetAll(Int32, Int32, System.Threading.CancellationToken) on controller EduConnect.Api.Controllers.PostsController (EduConnect.Api).
dbug: Microsoft.EntityFrameworkCore.Infrastructure[10403]
      Entity Framework Core 10.0.5 initialized 'AppDbContext' using provider 'Microsoft.EntityFrameworkCore.SqlServer:10.0.5' with options: MigrationsAssembly=EduConnect.Infrastructure, Version=1.0.0.0, Culture=neutral, PublicKeyToken=null EngineType=SqlServer 
dbug: Microsoft.EntityFrameworkCore.Database.Connection[20005]
      Creating DbConnection.
dbug: Microsoft.EntityFrameworkCore.Database.Connection[20006]
      Created DbConnection. (0ms).
dbug: Microsoft.EntityFrameworkCore.Database.Connection[20000]
      Opening connection to database 'EduConnectDb' on server 'localhost\SQLEXPRESS'.
dbug: Microsoft.EntityFrameworkCore.Database.Connection[20001]
      Opened connection to database 'EduConnectDb' on server 'localhost\SQLEXPRESS'.
dbug: Microsoft.EntityFrameworkCore.Database.Connection[20002]
      Closing connection to database 'EduConnectDb' on server 'localhost\SQLEXPRESS'.
dbug: Microsoft.EntityFrameworkCore.Database.Connection[20003]
      Closed connection to database 'EduConnectDb' on server 'localhost\SQLEXPRESS' (0ms).
dbug: Microsoft.EntityFrameworkCore.Database.Connection[20000]
      Opening connection to database 'EduConnectDb' on server 'localhost\SQLEXPRESS'.
dbug: Microsoft.EntityFrameworkCore.Database.Connection[20001]
      Opened connection to database 'EduConnectDb' on server 'localhost\SQLEXPRESS'.
fail: Microsoft.EntityFrameworkCore.Database.Command[20102]
      Failed executing DbCommand (1ms) [Parameters=[@p='?' (DbType = Int32), @p1='?' (DbType = Int32)], CommandType='Text', CommandTimeout='30']
      SELECT [p3].[Id], [p3].[CreatedAtUtc], [p3].[PostId], [p3].[UpdatedAtUtc], [p3].[UserId], [p0].[Id], [u].[Id], [s].[Id], [g].[Id]
      FROM (
          SELECT [p].[Id], [p].[CreatedAtUtc], [p].[GroupId], [p].[UserId]
          FROM [Posts] AS [p]
          WHERE [p].[IsDeleted] = CAST(0 AS bit)
          ORDER BY [p].[CreatedAtUtc] DESC
          OFFSET @p ROWS FETCH NEXT @p1 ROWS ONLY
      ) AS [p0]
      INNER JOIN [Users] AS [u] ON [p0].[UserId] = [u].[Id]
      LEFT JOIN [StudentProfiles] AS [s] ON [u].[Id] = [s].[UserId]
      LEFT JOIN [Groups] AS [g] ON [p0].[GroupId] = [g].[Id]
      INNER JOIN [PostBookmarks] AS [p3] ON [p0].[Id] = [p3].[PostId]
      ORDER BY [p0].[CreatedAtUtc] DESC, [p0].[Id], [u].[Id], [s].[Id], [g].[Id]
fail: Microsoft.EntityFrameworkCore.Query[10100]
      An exception occurred while iterating over the results of a query for context type 'EduConnect.Infrastructure.Data.AppDbContext'.
      Microsoft.Data.SqlClient.SqlException (0x80131904): Invalid object name 'PostBookmarks'.
         at System.Threading.Tasks.ContinuationResultTaskFromResultTask`2.InnerInvoke()
         at System.Threading.ExecutionContext.RunInternal(ExecutionContext executionContext, ContextCallback callback, Object state)
      --- End of stack trace from previous location ---
         at System.Threading.ExecutionContext.RunInternal(ExecutionContext executionContext, ContextCallback callback, Object state)
         at System.Threading.Tasks.Task.ExecuteWithThreadLocal(Task& currentTaskSlot, Thread threadPoolThread)
      --- End of stack trace from previous location ---
         at Microsoft.EntityFrameworkCore.Storage.RelationalCommand.ExecuteReaderAsync(RelationalCommandParameterObject parameterObject, CancellationToken cancellationToken)
         at Microsoft.EntityFrameworkCore.Storage.RelationalCommand.ExecuteReaderAsync(RelationalCommandParameterObject parameterObject, CancellationToken cancellationToken)
         at Microsoft.EntityFrameworkCore.Query.RelationalShapedQueryCompilingExpressionVisitor.ShaperProcessingExpressionVisitor.<PopulateSplitIncludeCollectionAsync>g__InitializeReaderAsync|27_0[TIncludingEntity,TIncludedEntity](RelationalQueryContext queryContext, RelationalCommandResolver relationalCommandResolver, IReadOnlyList`1 readerColumns, Boolean detailedErrorsEnabled, CancellationToken cancellationToken)
         at Microsoft.EntityFrameworkCore.SqlServer.Storage.Internal.SqlServerExecutionStrategy.ExecuteAsync[TState,TResult](TState state, Func`4 operation, Func`4 verifySucceeded, CancellationToken cancellationToken)
         at Microsoft.EntityFrameworkCore.Query.RelationalShapedQueryCompilingExpressionVisitor.ShaperProcessingExpressionVisitor.PopulateSplitIncludeCollectionAsync[TIncludingEntity,TIncludedEntity](Int32 collectionId, RelationalQueryContext queryContext, IExecutionStrategy executionStrategy, RelationalCommandResolver relationalCommandResolver, IReadOnlyList`1 readerColumns, Boolean detailedErrorsEnabled, SplitQueryResultCoordinator resultCoordinator, Func`3 childIdentifier, IReadOnlyList`1 identifierValueComparers, Func`5 innerShaper, Func`4 relatedDataLoaders, INavigationBase inverseNavigation, Action`2 fixup, Boolean trackingQuery)
         at Microsoft.EntityFrameworkCore.Query.RelationalShapedQueryCompilingExpressionVisitor.ShaperProcessingExpressionVisitor.TaskAwaiter(Func`1[] taskFactories)
         at Microsoft.EntityFrameworkCore.Query.Internal.SplitQueryingEnumerable`1.AsyncEnumerator.MoveNextAsync()
      ClientConnectionId:8dc38f7a-1540-4184-a7d8-7d911e1eedad
      Error Number:208,State:1,Class:16
      Microsoft.Data.SqlClient.SqlException (0x80131904): Invalid object name 'PostBookmarks'.
         at System.Threading.Tasks.ContinuationResultTaskFromResultTask`2.InnerInvoke()
         at System.Threading.ExecutionContext.RunInternal(ExecutionContext executionContext, ContextCallback callback, Object state)
      --- End of stack trace from previous location ---
         at System.Threading.ExecutionContext.RunInternal(ExecutionContext executionContext, ContextCallback callback, Object state)
         at System.Threading.Tasks.Task.ExecuteWithThreadLocal(Task& currentTaskSlot, Thread threadPoolThread)
      --- End of stack trace from previous location ---
         at Microsoft.EntityFrameworkCore.Storage.RelationalCommand.ExecuteReaderAsync(RelationalCommandParameterObject parameterObject, CancellationToken cancellationToken)
         at Microsoft.EntityFrameworkCore.Storage.RelationalCommand.ExecuteReaderAsync(RelationalCommandParameterObject parameterObject, CancellationToken cancellationToken)
         at Microsoft.EntityFrameworkCore.Query.RelationalShapedQueryCompilingExpressionVisitor.ShaperProcessingExpressionVisitor.<PopulateSplitIncludeCollectionAsync>g__InitializeReaderAsync|27_0[TIncludingEntity,TIncludedEntity](RelationalQueryContext queryContext, RelationalCommandResolver relationalCommandResolver, IReadOnlyList`1 readerColumns, Boolean detailedErrorsEnabled, CancellationToken cancellationToken)
         at Microsoft.EntityFrameworkCore.SqlServer.Storage.Internal.SqlServerExecutionStrategy.ExecuteAsync[TState,TResult](TState state, Func`4 operation, Func`4 verifySucceeded, CancellationToken cancellationToken)
         at Microsoft.EntityFrameworkCore.Query.RelationalShapedQueryCompilingExpressionVisitor.ShaperProcessingExpressionVisitor.PopulateSplitIncludeCollectionAsync[TIncludingEntity,TIncludedEntity](Int32 collectionId, RelationalQueryContext queryContext, IExecutionStrategy executionStrategy, RelationalCommandResolver relationalCommandResolver, IReadOnlyList`1 readerColumns, Boolean detailedErrorsEnabled, SplitQueryResultCoordinator resultCoordinator, Func`3 childIdentifier, IReadOnlyList`1 identifierValueComparers, Func`5 innerShaper, Func`4 relatedDataLoaders, INavigationBase inverseNavigation, Action`2 fixup, Boolean trackingQuery)
         at Microsoft.EntityFrameworkCore.Query.RelationalShapedQueryCompilingExpressionVisitor.ShaperProcessingExpressionVisitor.TaskAwaiter(Func`1[] taskFactories)
         at Microsoft.EntityFrameworkCore.Query.Internal.SplitQueryingEnumerable`1.AsyncEnumerator.MoveNextAsync()
      ClientConnectionId:8dc38f7a-1540-4184-a7d8-7d911e1eedad
      Error Number:208,State:1,Class:16
dbug: Microsoft.EntityFrameworkCore.Database.Connection[20002]
      Closing connection to database 'EduConnectDb' on server 'localhost\SQLEXPRESS'.
dbug: Microsoft.EntityFrameworkCore.Database.Connection[20003]
      Closed connection to database 'EduConnectDb' on server 'localhost\SQLEXPRESS' (0ms).
info: Microsoft.AspNetCore.Mvc.Infrastructure.ControllerActionInvoker[105]
      Executed action EduConnect.Api.Controllers.PostsController.GetAll (EduConnect.Api) in 33.384ms
info: Microsoft.AspNetCore.Routing.EndpointMiddleware[1]
      Executed endpoint 'EduConnect.Api.Controllers.PostsController.GetAll (EduConnect.Api)'
fail: EduConnect.Api.Middleware.GlobalExceptionHandler[0]
      Unhandled exception occurred while processing the request.
      Microsoft.Data.SqlClient.SqlException (0x80131904): Invalid object name 'PostBookmarks'.
         at System.Threading.Tasks.ContinuationResultTaskFromResultTask`2.InnerInvoke()
         at System.Threading.ExecutionContext.RunInternal(ExecutionContext executionContext, ContextCallback callback, Object state)
      --- End of stack trace from previous location ---
         at System.Threading.ExecutionContext.RunInternal(ExecutionContext executionContext, ContextCallback callback, Object state)
         at System.Threading.Tasks.Task.ExecuteWithThreadLocal(Task& currentTaskSlot, Thread threadPoolThread)
      --- End of stack trace from previous location ---
         at Microsoft.EntityFrameworkCore.Storage.RelationalCommand.ExecuteReaderAsync(RelationalCommandParameterObject parameterObject, CancellationToken cancellationToken)
         at Microsoft.EntityFrameworkCore.Storage.RelationalCommand.ExecuteReaderAsync(RelationalCommandParameterObject parameterObject, CancellationToken cancellationToken)
         at Microsoft.EntityFrameworkCore.Query.RelationalShapedQueryCompilingExpressionVisitor.ShaperProcessingExpressionVisitor.<PopulateSplitIncludeCollectionAsync>g__InitializeReaderAsync|27_0[TIncludingEntity,TIncludedEntity](RelationalQueryContext queryContext, RelationalCommandResolver relationalCommandResolver, IReadOnlyList`1 readerColumns, Boolean detailedErrorsEnabled, CancellationToken cancellationToken)
         at Microsoft.EntityFrameworkCore.SqlServer.Storage.Internal.SqlServerExecutionStrategy.ExecuteAsync[TState,TResult](TState state, Func`4 operation, Func`4 verifySucceeded, CancellationToken cancellationToken)
         at Microsoft.EntityFrameworkCore.Query.RelationalShapedQueryCompilingExpressionVisitor.ShaperProcessingExpressionVisitor.PopulateSplitIncludeCollectionAsync[TIncludingEntity,TIncludedEntity](Int32 collectionId, RelationalQueryContext queryContext, IExecutionStrategy executionStrategy, RelationalCommandResolver relationalCommandResolver, IReadOnlyList`1 readerColumns, Boolean detailedErrorsEnabled, SplitQueryResultCoordinator resultCoordinator, Func`3 childIdentifier, IReadOnlyList`1 identifierValueComparers, Func`5 innerShaper, Func`4 relatedDataLoaders, INavigationBase inverseNavigation, Action`2 fixup, Boolean trackingQuery)
         at Microsoft.EntityFrameworkCore.Query.RelationalShapedQueryCompilingExpressionVisitor.ShaperProcessingExpressionVisitor.TaskAwaiter(Func`1[] taskFactories)
         at Microsoft.EntityFrameworkCore.Query.Internal.SplitQueryingEnumerable`1.AsyncEnumerator.MoveNextAsync()
         at Microsoft.EntityFrameworkCore.EntityFrameworkQueryableExtensions.ToListAsync[TSource](IQueryable`1 source, CancellationToken cancellationToken)
         at Microsoft.EntityFrameworkCore.EntityFrameworkQueryableExtensions.ToListAsync[TSource](IQueryable`1 source, CancellationToken cancellationToken)
         at EduConnect.Api.Controllers.PostsController.GetAll(Int32 page, Int32 pageSize, CancellationToken cancellationToken) in C:\Users\FIRAT\Desktop\Tubitak-Tez\backend\src\EduConnect.Api\Controllers\PostsController.cs:line 34
         at lambda_method50(Closure, Object)
         at Microsoft.AspNetCore.Mvc.Infrastructure.ActionMethodExecutor.AwaitableObjectResultExecutor.Execute(ActionContext actionContext, IActionResultTypeMapper mapper, ObjectMethodExecutor executor, Object controller, Object[] arguments)
         at Microsoft.AspNetCore.Mvc.Infrastructure.ControllerActionInvoker.<InvokeActionMethodAsync>g__Awaited|12_0(ControllerActionInvoker invoker, ValueTask`1 actionResultValueTask)
         at Microsoft.AspNetCore.Mvc.Infrastructure.ControllerActionInvoker.<InvokeNextActionFilterAsync>g__Awaited|10_0(ControllerActionInvoker invoker, Task lastTask, State next, Scope scope, Object state, Boolean isCompleted)
         at Microsoft.AspNetCore.Mvc.Infrastructure.ControllerActionInvoker.Rethrow(ActionExecutedContextSealed context)
         at Microsoft.AspNetCore.Mvc.Infrastructure.ControllerActionInvoker.Next(State& next, Scope& scope, Object& state, Boolean& isCompleted)
         at Microsoft.AspNetCore.Mvc.Infrastructure.ControllerActionInvoker.<InvokeInnerFilterAsync>g__Awaited|13_0(ControllerActionInvoker invoker, Task lastTask, State next, Scope scope, Object state, Boolean isCompleted)
         at Microsoft.AspNetCore.Mvc.Infrastructure.ResourceInvoker.<InvokeFilterPipelineAsync>g__Awaited|20_0(ResourceInvoker invoker, Task lastTask, State next, Scope scope, Object state, Boolean isCompleted)
         at Microsoft.AspNetCore.Mvc.Infrastructure.ResourceInvoker.<InvokeAsync>g__Logged|17_1(ResourceInvoker invoker)
         at Microsoft.AspNetCore.Mvc.Infrastructure.ResourceInvoker.<InvokeAsync>g__Logged|17_1(ResourceInvoker invoker)
         at Microsoft.AspNetCore.Routing.EndpointMiddleware.<Invoke>g__AwaitRequestTask|7_0(Endpoint endpoint, Task requestTask, ILogger logger)
         at Microsoft.AspNetCore.Authorization.AuthorizationMiddleware.Invoke(HttpContext context)
         at Microsoft.AspNetCore.Authentication.AuthenticationMiddleware.Invoke(HttpContext context)
         at Swashbuckle.AspNetCore.SwaggerUI.SwaggerUIMiddleware.Invoke(HttpContext httpContext)
         at Swashbuckle.AspNetCore.Swagger.SwaggerMiddleware.Invoke(HttpContext httpContext, ISwaggerProvider swaggerProvider)
         at Microsoft.AspNetCore.Diagnostics.ExceptionHandlerMiddlewareImpl.<Invoke>g__Awaited|10_0(ExceptionHandlerMiddlewareImpl middleware, HttpContext context, Task task)
      ClientConnectionId:8dc38f7a-1540-4184-a7d8-7d911e1eedad
      Error Number:208,State:1,Class:16
dbug: Microsoft.EntityFrameworkCore.Infrastructure[10407]
      'AppDbContext' disposed.
dbug: Microsoft.EntityFrameworkCore.Database.Connection[20007]
      Disposing connection to database 'EduConnectDb' on server 'localhost\SQLEXPRESS'.
dbug: Microsoft.EntityFrameworkCore.Database.Connection[20008]
      Disposed connection to database '' on server '' (0ms).
info: Microsoft.AspNetCore.Hosting.Diagnostics[2]
      Request finished HTTP/1.1 GET http://localhost:5160/api/posts?page=1&pageSize=10 - 500 - application/json;+charset=utf-8 38.3614ms
info: Microsoft.AspNetCore.Hosting.Diagnostics[1]
      Request starting HTTP/1.1 GET http://localhost:5160/api/posts?page=1&pageSize=10 - - -
info: Microsoft.AspNetCore.Cors.Infrastructure.CorsService[4]
      CORS policy execution successful.
info: Microsoft.AspNetCore.Routing.EndpointMiddleware[0]
      Executing endpoint 'EduConnect.Api.Controllers.PostsController.GetAll (EduConnect.Api)'
info: Microsoft.AspNetCore.Mvc.Infrastructure.ControllerActionInvoker[102]
      Route matched with {action = "GetAll", controller = "Posts"}. Executing controller action with signature System.Threading.Tasks.Task`1[Microsoft.AspNetCore.Mvc.ActionResult`1[EduConnect.Application.Contracts.Common.PagedResponse`1[EduConnect.Application.Contracts.Posts.PostResponse]]] GetAll(Int32, Int32, System.Threading.CancellationToken) on controller EduConnect.Api.Controllers.PostsController (EduConnect.Api).
dbug: Microsoft.EntityFrameworkCore.Infrastructure[10403]
      Entity Framework Core 10.0.5 initialized 'AppDbContext' using provider 'Microsoft.EntityFrameworkCore.SqlServer:10.0.5' with options: MigrationsAssembly=EduConnect.Infrastructure, Version=1.0.0.0, Culture=neutral, PublicKeyToken=null EngineType=SqlServer 
dbug: Microsoft.EntityFrameworkCore.Database.Connection[20005]
      Creating DbConnection.
dbug: Microsoft.EntityFrameworkCore.Database.Connection[20006]
      Created DbConnection. (0ms).
dbug: Microsoft.EntityFrameworkCore.Database.Connection[20000]
      Opening connection to database 'EduConnectDb' on server 'localhost\SQLEXPRESS'.
dbug: Microsoft.EntityFrameworkCore.Database.Connection[20001]
      Opened connection to database 'EduConnectDb' on server 'localhost\SQLEXPRESS'.
dbug: Microsoft.EntityFrameworkCore.Database.Connection[20002]
      Closing connection to database 'EduConnectDb' on server 'localhost\SQLEXPRESS'.
dbug: Microsoft.EntityFrameworkCore.Database.Connection[20003]
      Closed connection to database 'EduConnectDb' on server 'localhost\SQLEXPRESS' (0ms).
dbug: Microsoft.EntityFrameworkCore.Database.Connection[20000]
      Opening connection to database 'EduConnectDb' on server 'localhost\SQLEXPRESS'.
dbug: Microsoft.EntityFrameworkCore.Database.Connection[20001]
      Opened connection to database 'EduConnectDb' on server 'localhost\SQLEXPRESS'.
fail: Microsoft.EntityFrameworkCore.Database.Command[20102]
      Failed executing DbCommand (1ms) [Parameters=[@p='?' (DbType = Int32), @p1='?' (DbType = Int32)], CommandType='Text', CommandTimeout='30']
      SELECT [p3].[Id], [p3].[CreatedAtUtc], [p3].[PostId], [p3].[UpdatedAtUtc], [p3].[UserId], [p0].[Id], [u].[Id], [s].[Id], [g].[Id]
      FROM (
          SELECT [p].[Id], [p].[CreatedAtUtc], [p].[GroupId], [p].[UserId]
          FROM [Posts] AS [p]
          WHERE [p].[IsDeleted] = CAST(0 AS bit)
          ORDER BY [p].[CreatedAtUtc] DESC
          OFFSET @p ROWS FETCH NEXT @p1 ROWS ONLY
      ) AS [p0]
      INNER JOIN [Users] AS [u] ON [p0].[UserId] = [u].[Id]
      LEFT JOIN [StudentProfiles] AS [s] ON [u].[Id] = [s].[UserId]
      LEFT JOIN [Groups] AS [g] ON [p0].[GroupId] = [g].[Id]
      INNER JOIN [PostBookmarks] AS [p3] ON [p0].[Id] = [p3].[PostId]
      ORDER BY [p0].[CreatedAtUtc] DESC, [p0].[Id], [u].[Id], [s].[Id], [g].[Id]
fail: Microsoft.EntityFrameworkCore.Query[10100]
      An exception occurred while iterating over the results of a query for context type 'EduConnect.Infrastructure.Data.AppDbContext'.
      Microsoft.Data.SqlClient.SqlException (0x80131904): Invalid object name 'PostBookmarks'.
         at System.Threading.Tasks.ContinuationResultTaskFromResultTask`2.InnerInvoke()
         at System.Threading.ExecutionContext.RunInternal(ExecutionContext executionContext, ContextCallback callback, Object state)
      --- End of stack trace from previous location ---
         at System.Threading.ExecutionContext.RunInternal(ExecutionContext executionContext, ContextCallback callback, Object state)
         at System.Threading.Tasks.Task.ExecuteWithThreadLocal(Task& currentTaskSlot, Thread threadPoolThread)
      --- End of stack trace from previous location ---
         at Microsoft.EntityFrameworkCore.Storage.RelationalCommand.ExecuteReaderAsync(RelationalCommandParameterObject parameterObject, CancellationToken cancellationToken)
         at Microsoft.EntityFrameworkCore.Storage.RelationalCommand.ExecuteReaderAsync(RelationalCommandParameterObject parameterObject, CancellationToken cancellationToken)
         at Microsoft.EntityFrameworkCore.Query.RelationalShapedQueryCompilingExpressionVisitor.ShaperProcessingExpressionVisitor.<PopulateSplitIncludeCollectionAsync>g__InitializeReaderAsync|27_0[TIncludingEntity,TIncludedEntity](RelationalQueryContext queryContext, RelationalCommandResolver relationalCommandResolver, IReadOnlyList`1 readerColumns, Boolean detailedErrorsEnabled, CancellationToken cancellationToken)
         at Microsoft.EntityFrameworkCore.SqlServer.Storage.Internal.SqlServerExecutionStrategy.ExecuteAsync[TState,TResult](TState state, Func`4 operation, Func`4 verifySucceeded, CancellationToken cancellationToken)
         at Microsoft.EntityFrameworkCore.Query.RelationalShapedQueryCompilingExpressionVisitor.ShaperProcessingExpressionVisitor.PopulateSplitIncludeCollectionAsync[TIncludingEntity,TIncludedEntity](Int32 collectionId, RelationalQueryContext queryContext, IExecutionStrategy executionStrategy, RelationalCommandResolver relationalCommandResolver, IReadOnlyList`1 readerColumns, Boolean detailedErrorsEnabled, SplitQueryResultCoordinator resultCoordinator, Func`3 childIdentifier, IReadOnlyList`1 identifierValueComparers, Func`5 innerShaper, Func`4 relatedDataLoaders, INavigationBase inverseNavigation, Action`2 fixup, Boolean trackingQuery)
         at Microsoft.EntityFrameworkCore.Query.RelationalShapedQueryCompilingExpressionVisitor.ShaperProcessingExpressionVisitor.TaskAwaiter(Func`1[] taskFactories)
         at Microsoft.EntityFrameworkCore.Query.Internal.SplitQueryingEnumerable`1.AsyncEnumerator.MoveNextAsync()
      ClientConnectionId:8dc38f7a-1540-4184-a7d8-7d911e1eedad
      Error Number:208,State:1,Class:16
      Microsoft.Data.SqlClient.SqlException (0x80131904): Invalid object name 'PostBookmarks'.
         at System.Threading.Tasks.ContinuationResultTaskFromResultTask`2.InnerInvoke()
         at System.Threading.ExecutionContext.RunInternal(ExecutionContext executionContext, ContextCallback callback, Object state)
      --- End of stack trace from previous location ---
         at System.Threading.ExecutionContext.RunInternal(ExecutionContext executionContext, ContextCallback callback, Object state)
         at System.Threading.Tasks.Task.ExecuteWithThreadLocal(Task& currentTaskSlot, Thread threadPoolThread)
      --- End of stack trace from previous location ---
         at Microsoft.EntityFrameworkCore.Storage.RelationalCommand.ExecuteReaderAsync(RelationalCommandParameterObject parameterObject, CancellationToken cancellationToken)
         at Microsoft.EntityFrameworkCore.Storage.RelationalCommand.ExecuteReaderAsync(RelationalCommandParameterObject parameterObject, CancellationToken cancellationToken)
         at Microsoft.EntityFrameworkCore.Query.RelationalShapedQueryCompilingExpressionVisitor.ShaperProcessingExpressionVisitor.<PopulateSplitIncludeCollectionAsync>g__InitializeReaderAsync|27_0[TIncludingEntity,TIncludedEntity](RelationalQueryContext queryContext, RelationalCommandResolver relationalCommandResolver, IReadOnlyList`1 readerColumns, Boolean detailedErrorsEnabled, CancellationToken cancellationToken)
         at Microsoft.EntityFrameworkCore.SqlServer.Storage.Internal.SqlServerExecutionStrategy.ExecuteAsync[TState,TResult](TState state, Func`4 operation, Func`4 verifySucceeded, CancellationToken cancellationToken)
         at Microsoft.EntityFrameworkCore.Query.RelationalShapedQueryCompilingExpressionVisitor.ShaperProcessingExpressionVisitor.PopulateSplitIncludeCollectionAsync[TIncludingEntity,TIncludedEntity](Int32 collectionId, RelationalQueryContext queryContext, IExecutionStrategy executionStrategy, RelationalCommandResolver relationalCommandResolver, IReadOnlyList`1 readerColumns, Boolean detailedErrorsEnabled, SplitQueryResultCoordinator resultCoordinator, Func`3 childIdentifier, IReadOnlyList`1 identifierValueComparers, Func`5 innerShaper, Func`4 relatedDataLoaders, INavigationBase inverseNavigation, Action`2 fixup, Boolean trackingQuery)
         at Microsoft.EntityFrameworkCore.Query.RelationalShapedQueryCompilingExpressionVisitor.ShaperProcessingExpressionVisitor.TaskAwaiter(Func`1[] taskFactories)
         at Microsoft.EntityFrameworkCore.Query.Internal.SplitQueryingEnumerable`1.AsyncEnumerator.MoveNextAsync()
      ClientConnectionId:8dc38f7a-1540-4184-a7d8-7d911e1eedad
      Error Number:208,State:1,Class:16
dbug: Microsoft.EntityFrameworkCore.Database.Connection[20002]
      Closing connection to database 'EduConnectDb' on server 'localhost\SQLEXPRESS'.
dbug: Microsoft.EntityFrameworkCore.Database.Connection[20003]
      Closed connection to database 'EduConnectDb' on server 'localhost\SQLEXPRESS' (0ms).
info: Microsoft.AspNetCore.Mvc.Infrastructure.ControllerActionInvoker[105]
      Executed action EduConnect.Api.Controllers.PostsController.GetAll (EduConnect.Api) in 8.5343ms
info: Microsoft.AspNetCore.Routing.EndpointMiddleware[1]
      Executed endpoint 'EduConnect.Api.Controllers.PostsController.GetAll (EduConnect.Api)'
fail: EduConnect.Api.Middleware.GlobalExceptionHandler[0]
      Unhandled exception occurred while processing the request.
      Microsoft.Data.SqlClient.SqlException (0x80131904): Invalid object name 'PostBookmarks'.
         at System.Threading.Tasks.ContinuationResultTaskFromResultTask`2.InnerInvoke()
         at System.Threading.ExecutionContext.RunInternal(ExecutionContext executionContext, ContextCallback callback, Object state)
      --- End of stack trace from previous location ---
         at System.Threading.ExecutionContext.RunInternal(ExecutionContext executionContext, ContextCallback callback, Object state)
         at System.Threading.Tasks.Task.ExecuteWithThreadLocal(Task& currentTaskSlot, Thread threadPoolThread)
      --- End of stack trace from previous location ---
         at Microsoft.EntityFrameworkCore.Storage.RelationalCommand.ExecuteReaderAsync(RelationalCommandParameterObject parameterObject, CancellationToken cancellationToken)
         at Microsoft.EntityFrameworkCore.Storage.RelationalCommand.ExecuteReaderAsync(RelationalCommandParameterObject parameterObject, CancellationToken cancellationToken)
         at Microsoft.EntityFrameworkCore.Query.RelationalShapedQueryCompilingExpressionVisitor.ShaperProcessingExpressionVisitor.<PopulateSplitIncludeCollectionAsync>g__InitializeReaderAsync|27_0[TIncludingEntity,TIncludedEntity](RelationalQueryContext queryContext, RelationalCommandResolver relationalCommandResolver, IReadOnlyList`1 readerColumns, Boolean detailedErrorsEnabled, CancellationToken cancellationToken)
         at Microsoft.EntityFrameworkCore.SqlServer.Storage.Internal.SqlServerExecutionStrategy.ExecuteAsync[TState,TResult](TState state, Func`4 operation, Func`4 verifySucceeded, CancellationToken cancellationToken)
         at Microsoft.EntityFrameworkCore.Query.RelationalShapedQueryCompilingExpressionVisitor.ShaperProcessingExpressionVisitor.PopulateSplitIncludeCollectionAsync[TIncludingEntity,TIncludedEntity](Int32 collectionId, RelationalQueryContext queryContext, IExecutionStrategy executionStrategy, RelationalCommandResolver relationalCommandResolver, IReadOnlyList`1 readerColumns, Boolean detailedErrorsEnabled, SplitQueryResultCoordinator resultCoordinator, Func`3 childIdentifier, IReadOnlyList`1 identifierValueComparers, Func`5 innerShaper, Func`4 relatedDataLoaders, INavigationBase inverseNavigation, Action`2 fixup, Boolean trackingQuery)
         at Microsoft.EntityFrameworkCore.Query.RelationalShapedQueryCompilingExpressionVisitor.ShaperProcessingExpressionVisitor.TaskAwaiter(Func`1[] taskFactories)
         at Microsoft.EntityFrameworkCore.Query.Internal.SplitQueryingEnumerable`1.AsyncEnumerator.MoveNextAsync()
         at Microsoft.EntityFrameworkCore.EntityFrameworkQueryableExtensions.ToListAsync[TSource](IQueryable`1 source, CancellationToken cancellationToken)
         at Microsoft.EntityFrameworkCore.EntityFrameworkQueryableExtensions.ToListAsync[TSource](IQueryable`1 source, CancellationToken cancellationToken)
         at EduConnect.Api.Controllers.PostsController.GetAll(Int32 page, Int32 pageSize, CancellationToken cancellationToken) in C:\Users\FIRAT\Desktop\Tubitak-Tez\backend\src\EduConnect.Api\Controllers\PostsController.cs:line 34
         at lambda_method50(Closure, Object)
         at Microsoft.AspNetCore.Mvc.Infrastructure.ActionMethodExecutor.AwaitableObjectResultExecutor.Execute(ActionContext actionContext, IActionResultTypeMapper mapper, ObjectMethodExecutor executor, Object controller, Object[] arguments)
         at Microsoft.AspNetCore.Mvc.Infrastructure.ControllerActionInvoker.<InvokeActionMethodAsync>g__Awaited|12_0(ControllerActionInvoker invoker, ValueTask`1 actionResultValueTask)
         at Microsoft.AspNetCore.Mvc.Infrastructure.ControllerActionInvoker.<InvokeNextActionFilterAsync>g__Awaited|10_0(ControllerActionInvoker invoker, Task lastTask, State next, Scope scope, Object state, Boolean isCompleted)
         at Microsoft.AspNetCore.Mvc.Infrastructure.ControllerActionInvoker.Rethrow(ActionExecutedContextSealed context)
         at Microsoft.AspNetCore.Mvc.Infrastructure.ControllerActionInvoker.Next(State& next, Scope& scope, Object& state, Boolean& isCompleted)
         at Microsoft.AspNetCore.Mvc.Infrastructure.ControllerActionInvoker.<InvokeInnerFilterAsync>g__Awaited|13_0(ControllerActionInvoker invoker, Task lastTask, State next, Scope scope, Object state, Boolean isCompleted)
         at Microsoft.AspNetCore.Mvc.Infrastructure.ResourceInvoker.<InvokeFilterPipelineAsync>g__Awaited|20_0(ResourceInvoker invoker, Task lastTask, State next, Scope scope, Object state, Boolean isCompleted)
         at Microsoft.AspNetCore.Mvc.Infrastructure.ResourceInvoker.<InvokeAsync>g__Logged|17_1(ResourceInvoker invoker)
         at Microsoft.AspNetCore.Mvc.Infrastructure.ResourceInvoker.<InvokeAsync>g__Logged|17_1(ResourceInvoker invoker)
         at Microsoft.AspNetCore.Routing.EndpointMiddleware.<Invoke>g__AwaitRequestTask|7_0(Endpoint endpoint, Task requestTask, ILogger logger)
         at Microsoft.AspNetCore.Authorization.AuthorizationMiddleware.Invoke(HttpContext context)
         at Microsoft.AspNetCore.Authentication.AuthenticationMiddleware.Invoke(HttpContext context)
         at Swashbuckle.AspNetCore.SwaggerUI.SwaggerUIMiddleware.Invoke(HttpContext httpContext)
         at Swashbuckle.AspNetCore.Swagger.SwaggerMiddleware.Invoke(HttpContext httpContext, ISwaggerProvider swaggerProvider)
         at Microsoft.AspNetCore.Diagnostics.ExceptionHandlerMiddlewareImpl.<Invoke>g__Awaited|10_0(ExceptionHandlerMiddlewareImpl middleware, HttpContext context, Task task)
      ClientConnectionId:8dc38f7a-1540-4184-a7d8-7d911e1eedad
      Error Number:208,State:1,Class:16
dbug: Microsoft.EntityFrameworkCore.Infrastructure[10407]
      'AppDbContext' disposed.
dbug: Microsoft.EntityFrameworkCore.Database.Connection[20007]
      Disposing connection to database 'EduConnectDb' on server 'localhost\SQLEXPRESS'.
dbug: Microsoft.EntityFrameworkCore.Database.Connection[20008]
      Disposed connection to database '' on server '' (0ms).
info: Microsoft.AspNetCore.Hosting.Diagnostics[2]
      Request finished HTTP/1.1 GET http://localhost:5160/api/posts?page=1&pageSize=10 - 500 - application/json;+charset=utf-8 12.1275ms
info: Microsoft.AspNetCore.Hosting.Diagnostics[1]
      Request starting HTTP/1.1 GET http://localhost:5160/api/posts?page=1&pageSize=10 - - -
info: Microsoft.AspNetCore.Cors.Infrastructure.CorsService[4]
      CORS policy execution successful.
info: Microsoft.AspNetCore.Routing.EndpointMiddleware[0]
      Executing endpoint 'EduConnect.Api.Controllers.PostsController.GetAll (EduConnect.Api)'
info: Microsoft.AspNetCore.Mvc.Infrastructure.ControllerActionInvoker[102]
      Route matched with {action = "GetAll", controller = "Posts"}. Executing controller action with signature System.Threading.Tasks.Task`1[Microsoft.AspNetCore.Mvc.ActionResult`1[EduConnect.Application.Contracts.Common.PagedResponse`1[EduConnect.Application.Contracts.Posts.PostResponse]]] GetAll(Int32, Int32, System.Threading.CancellationToken) on controller EduConnect.Api.Controllers.PostsController (EduConnect.Api).
dbug: Microsoft.EntityFrameworkCore.Infrastructure[10403]
      Entity Framework Core 10.0.5 initialized 'AppDbContext' using provider 'Microsoft.EntityFrameworkCore.SqlServer:10.0.5' with options: MigrationsAssembly=EduConnect.Infrastructure, Version=1.0.0.0, Culture=neutral, PublicKeyToken=null EngineType=SqlServer 
dbug: Microsoft.EntityFrameworkCore.Database.Connection[20005]
      Creating DbConnection.
dbug: Microsoft.EntityFrameworkCore.Database.Connection[20006]
      Created DbConnection. (0ms).
dbug: Microsoft.EntityFrameworkCore.Database.Connection[20000]
      Opening connection to database 'EduConnectDb' on server 'localhost\SQLEXPRESS'.
dbug: Microsoft.EntityFrameworkCore.Database.Connection[20001]
      Opened connection to database 'EduConnectDb' on server 'localhost\SQLEXPRESS'.
dbug: Microsoft.EntityFrameworkCore.Database.Connection[20002]
      Closing connection to database 'EduConnectDb' on server 'localhost\SQLEXPRESS'.
dbug: Microsoft.EntityFrameworkCore.Database.Connection[20003]
      Closed connection to database 'EduConnectDb' on server 'localhost\SQLEXPRESS' (0ms).
dbug: Microsoft.EntityFrameworkCore.Database.Connection[20000]
      Opening connection to database 'EduConnectDb' on server 'localhost\SQLEXPRESS'.
dbug: Microsoft.EntityFrameworkCore.Database.Connection[20001]
      Opened connection to database 'EduConnectDb' on server 'localhost\SQLEXPRESS'.
fail: Microsoft.EntityFrameworkCore.Database.Command[20102]
      Failed executing DbCommand (1ms) [Parameters=[@p='?' (DbType = Int32), @p1='?' (DbType = Int32)], CommandType='Text', CommandTimeout='30']
      SELECT [p3].[Id], [p3].[CreatedAtUtc], [p3].[PostId], [p3].[UpdatedAtUtc], [p3].[UserId], [p0].[Id], [u].[Id], [s].[Id], [g].[Id]
      FROM (
          SELECT [p].[Id], [p].[CreatedAtUtc], [p].[GroupId], [p].[UserId]
          FROM [Posts] AS [p]
          WHERE [p].[IsDeleted] = CAST(0 AS bit)
          ORDER BY [p].[CreatedAtUtc] DESC
          OFFSET @p ROWS FETCH NEXT @p1 ROWS ONLY
      ) AS [p0]
      INNER JOIN [Users] AS [u] ON [p0].[UserId] = [u].[Id]
      LEFT JOIN [StudentProfiles] AS [s] ON [u].[Id] = [s].[UserId]
      LEFT JOIN [Groups] AS [g] ON [p0].[GroupId] = [g].[Id]
      INNER JOIN [PostBookmarks] AS [p3] ON [p0].[Id] = [p3].[PostId]
      ORDER BY [p0].[CreatedAtUtc] DESC, [p0].[Id], [u].[Id], [s].[Id], [g].[Id]
fail: Microsoft.EntityFrameworkCore.Query[10100]
      An exception occurred while iterating over the results of a query for context type 'EduConnect.Infrastructure.Data.AppDbContext'.
      Microsoft.Data.SqlClient.SqlException (0x80131904): Invalid object name 'PostBookmarks'.
         at System.Threading.Tasks.ContinuationResultTaskFromResultTask`2.InnerInvoke()
         at System.Threading.ExecutionContext.RunInternal(ExecutionContext executionContext, ContextCallback callback, Object state)
      --- End of stack trace from previous location ---
         at System.Threading.ExecutionContext.RunInternal(ExecutionContext executionContext, ContextCallback callback, Object state)
         at System.Threading.Tasks.Task.ExecuteWithThreadLocal(Task& currentTaskSlot, Thread threadPoolThread)
      --- End of stack trace from previous location ---
         at Microsoft.EntityFrameworkCore.Storage.RelationalCommand.ExecuteReaderAsync(RelationalCommandParameterObject parameterObject, CancellationToken cancellationToken)
         at Microsoft.EntityFrameworkCore.Storage.RelationalCommand.ExecuteReaderAsync(RelationalCommandParameterObject parameterObject, CancellationToken cancellationToken)
         at Microsoft.EntityFrameworkCore.Query.RelationalShapedQueryCompilingExpressionVisitor.ShaperProcessingExpressionVisitor.<PopulateSplitIncludeCollectionAsync>g__InitializeReaderAsync|27_0[TIncludingEntity,TIncludedEntity](RelationalQueryContext queryContext, RelationalCommandResolver relationalCommandResolver, IReadOnlyList`1 readerColumns, Boolean detailedErrorsEnabled, CancellationToken cancellationToken)
         at Microsoft.EntityFrameworkCore.SqlServer.Storage.Internal.SqlServerExecutionStrategy.ExecuteAsync[TState,TResult](TState state, Func`4 operation, Func`4 verifySucceeded, CancellationToken cancellationToken)
         at Microsoft.EntityFrameworkCore.Query.RelationalShapedQueryCompilingExpressionVisitor.ShaperProcessingExpressionVisitor.PopulateSplitIncludeCollectionAsync[TIncludingEntity,TIncludedEntity](Int32 collectionId, RelationalQueryContext queryContext, IExecutionStrategy executionStrategy, RelationalCommandResolver relationalCommandResolver, IReadOnlyList`1 readerColumns, Boolean detailedErrorsEnabled, SplitQueryResultCoordinator resultCoordinator, Func`3 childIdentifier, IReadOnlyList`1 identifierValueComparers, Func`5 innerShaper, Func`4 relatedDataLoaders, INavigationBase inverseNavigation, Action`2 fixup, Boolean trackingQuery)
         at Microsoft.EntityFrameworkCore.Query.RelationalShapedQueryCompilingExpressionVisitor.ShaperProcessingExpressionVisitor.TaskAwaiter(Func`1[] taskFactories)
         at Microsoft.EntityFrameworkCore.Query.Internal.SplitQueryingEnumerable`1.AsyncEnumerator.MoveNextAsync()
      ClientConnectionId:8dc38f7a-1540-4184-a7d8-7d911e1eedad
      Error Number:208,State:1,Class:16
      Microsoft.Data.SqlClient.SqlException (0x80131904): Invalid object name 'PostBookmarks'.
         at System.Threading.Tasks.ContinuationResultTaskFromResultTask`2.InnerInvoke()
         at System.Threading.ExecutionContext.RunInternal(ExecutionContext executionContext, ContextCallback callback, Object state)
      --- End of stack trace from previous location ---
         at System.Threading.ExecutionContext.RunInternal(ExecutionContext executionContext, ContextCallback callback, Object state)
         at System.Threading.Tasks.Task.ExecuteWithThreadLocal(Task& currentTaskSlot, Thread threadPoolThread)
      --- End of stack trace from previous location ---
         at Microsoft.EntityFrameworkCore.Storage.RelationalCommand.ExecuteReaderAsync(RelationalCommandParameterObject parameterObject, CancellationToken cancellationToken)
         at Microsoft.EntityFrameworkCore.Storage.RelationalCommand.ExecuteReaderAsync(RelationalCommandParameterObject parameterObject, CancellationToken cancellationToken)
         at Microsoft.EntityFrameworkCore.Query.RelationalShapedQueryCompilingExpressionVisitor.ShaperProcessingExpressionVisitor.<PopulateSplitIncludeCollectionAsync>g__InitializeReaderAsync|27_0[TIncludingEntity,TIncludedEntity](RelationalQueryContext queryContext, RelationalCommandResolver relationalCommandResolver, IReadOnlyList`1 readerColumns, Boolean detailedErrorsEnabled, CancellationToken cancellationToken)
         at Microsoft.EntityFrameworkCore.SqlServer.Storage.Internal.SqlServerExecutionStrategy.ExecuteAsync[TState,TResult](TState state, Func`4 operation, Func`4 verifySucceeded, CancellationToken cancellationToken)
         at Microsoft.EntityFrameworkCore.Query.RelationalShapedQueryCompilingExpressionVisitor.ShaperProcessingExpressionVisitor.PopulateSplitIncludeCollectionAsync[TIncludingEntity,TIncludedEntity](Int32 collectionId, RelationalQueryContext queryContext, IExecutionStrategy executionStrategy, RelationalCommandResolver relationalCommandResolver, IReadOnlyList`1 readerColumns, Boolean detailedErrorsEnabled, SplitQueryResultCoordinator resultCoordinator, Func`3 childIdentifier, IReadOnlyList`1 identifierValueComparers, Func`5 innerShaper, Func`4 relatedDataLoaders, INavigationBase inverseNavigation, Action`2 fixup, Boolean trackingQuery)
         at Microsoft.EntityFrameworkCore.Query.RelationalShapedQueryCompilingExpressionVisitor.ShaperProcessingExpressionVisitor.TaskAwaiter(Func`1[] taskFactories)
         at Microsoft.EntityFrameworkCore.Query.Internal.SplitQueryingEnumerable`1.AsyncEnumerator.MoveNextAsync()
      ClientConnectionId:8dc38f7a-1540-4184-a7d8-7d911e1eedad
      Error Number:208,State:1,Class:16
dbug: Microsoft.EntityFrameworkCore.Database.Connection[20002]
      Closing connection to database 'EduConnectDb' on server 'localhost\SQLEXPRESS'.
dbug: Microsoft.EntityFrameworkCore.Database.Connection[20003]
      Closed connection to database 'EduConnectDb' on server 'localhost\SQLEXPRESS' (0ms).
info: Microsoft.AspNetCore.Mvc.Infrastructure.ControllerActionInvoker[105]
      Executed action EduConnect.Api.Controllers.PostsController.GetAll (EduConnect.Api) in 9.349ms
info: Microsoft.AspNetCore.Routing.EndpointMiddleware[1]
      Executed endpoint 'EduConnect.Api.Controllers.PostsController.GetAll (EduConnect.Api)'
fail: EduConnect.Api.Middleware.GlobalExceptionHandler[0]
      Unhandled exception occurred while processing the request.
      Microsoft.Data.SqlClient.SqlException (0x80131904): Invalid object name 'PostBookmarks'.
         at System.Threading.Tasks.ContinuationResultTaskFromResultTask`2.InnerInvoke()
         at System.Threading.ExecutionContext.RunInternal(ExecutionContext executionContext, ContextCallback callback, Object state)
      --- End of stack trace from previous location ---
         at System.Threading.ExecutionContext.RunInternal(ExecutionContext executionContext, ContextCallback callback, Object state)
         at System.Threading.Tasks.Task.ExecuteWithThreadLocal(Task& currentTaskSlot, Thread threadPoolThread)
      --- End of stack trace from previous location ---
         at Microsoft.EntityFrameworkCore.Storage.RelationalCommand.ExecuteReaderAsync(RelationalCommandParameterObject parameterObject, CancellationToken cancellationToken)
         at Microsoft.EntityFrameworkCore.Storage.RelationalCommand.ExecuteReaderAsync(RelationalCommandParameterObject parameterObject, CancellationToken cancellationToken)
         at Microsoft.EntityFrameworkCore.Query.RelationalShapedQueryCompilingExpressionVisitor.ShaperProcessingExpressionVisitor.<PopulateSplitIncludeCollectionAsync>g__InitializeReaderAsync|27_0[TIncludingEntity,TIncludedEntity](RelationalQueryContext queryContext, RelationalCommandResolver relationalCommandResolver, IReadOnlyList`1 readerColumns, Boolean detailedErrorsEnabled, CancellationToken cancellationToken)
         at Microsoft.EntityFrameworkCore.SqlServer.Storage.Internal.SqlServerExecutionStrategy.ExecuteAsync[TState,TResult](TState state, Func`4 operation, Func`4 verifySucceeded, CancellationToken cancellationToken)
         at Microsoft.EntityFrameworkCore.Query.RelationalShapedQueryCompilingExpressionVisitor.ShaperProcessingExpressionVisitor.PopulateSplitIncludeCollectionAsync[TIncludingEntity,TIncludedEntity](Int32 collectionId, RelationalQueryContext queryContext, IExecutionStrategy executionStrategy, RelationalCommandResolver relationalCommandResolver, IReadOnlyList`1 readerColumns, Boolean detailedErrorsEnabled, SplitQueryResultCoordinator resultCoordinator, Func`3 childIdentifier, IReadOnlyList`1 identifierValueComparers, Func`5 innerShaper, Func`4 relatedDataLoaders, INavigationBase inverseNavigation, Action`2 fixup, Boolean trackingQuery)
         at Microsoft.EntityFrameworkCore.Query.RelationalShapedQueryCompilingExpressionVisitor.ShaperProcessingExpressionVisitor.TaskAwaiter(Func`1[] taskFactories)
         at Microsoft.EntityFrameworkCore.Query.Internal.SplitQueryingEnumerable`1.AsyncEnumerator.MoveNextAsync()
         at Microsoft.EntityFrameworkCore.EntityFrameworkQueryableExtensions.ToListAsync[TSource](IQueryable`1 source, CancellationToken cancellationToken)
         at Microsoft.EntityFrameworkCore.EntityFrameworkQueryableExtensions.ToListAsync[TSource](IQueryable`1 source, CancellationToken cancellationToken)
         at EduConnect.Api.Controllers.PostsController.GetAll(Int32 page, Int32 pageSize, CancellationToken cancellationToken) in C:\Users\FIRAT\Desktop\Tubitak-Tez\backend\src\EduConnect.Api\Controllers\PostsController.cs:line 34
         at lambda_method50(Closure, Object)
         at Microsoft.AspNetCore.Mvc.Infrastructure.ActionMethodExecutor.AwaitableObjectResultExecutor.Execute(ActionContext actionContext, IActionResultTypeMapper mapper, ObjectMethodExecutor executor, Object controller, Object[] arguments)
         at Microsoft.AspNetCore.Mvc.Infrastructure.ControllerActionInvoker.<InvokeActionMethodAsync>g__Awaited|12_0(ControllerActionInvoker invoker, ValueTask`1 actionResultValueTask)
         at Microsoft.AspNetCore.Mvc.Infrastructure.ControllerActionInvoker.<InvokeNextActionFilterAsync>g__Awaited|10_0(ControllerActionInvoker invoker, Task lastTask, State next, Scope scope, Object state, Boolean isCompleted)
         at Microsoft.AspNetCore.Mvc.Infrastructure.ControllerActionInvoker.Rethrow(ActionExecutedContextSealed context)
         at Microsoft.AspNetCore.Mvc.Infrastructure.ControllerActionInvoker.Next(State& next, Scope& scope, Object& state, Boolean& isCompleted)
         at Microsoft.AspNetCore.Mvc.Infrastructure.ControllerActionInvoker.<InvokeInnerFilterAsync>g__Awaited|13_0(ControllerActionInvoker invoker, Task lastTask, State next, Scope scope, Object state, Boolean isCompleted)
         at Microsoft.AspNetCore.Mvc.Infrastructure.ResourceInvoker.<InvokeFilterPipelineAsync>g__Awaited|20_0(ResourceInvoker invoker, Task lastTask, State next, Scope scope, Object state, Boolean isCompleted)
         at Microsoft.AspNetCore.Mvc.Infrastructure.ResourceInvoker.<InvokeAsync>g__Logged|17_1(ResourceInvoker invoker)
         at Microsoft.AspNetCore.Mvc.Infrastructure.ResourceInvoker.<InvokeAsync>g__Logged|17_1(ResourceInvoker invoker)
         at Microsoft.AspNetCore.Routing.EndpointMiddleware.<Invoke>g__AwaitRequestTask|7_0(Endpoint endpoint, Task requestTask, ILogger logger)
         at Microsoft.AspNetCore.Authorization.AuthorizationMiddleware.Invoke(HttpContext context)
         at Microsoft.AspNetCore.Authentication.AuthenticationMiddleware.Invoke(HttpContext context)
         at Swashbuckle.AspNetCore.SwaggerUI.SwaggerUIMiddleware.Invoke(HttpContext httpContext)
         at Swashbuckle.AspNetCore.Swagger.SwaggerMiddleware.Invoke(HttpContext httpContext, ISwaggerProvider swaggerProvider)
         at Microsoft.AspNetCore.Diagnostics.ExceptionHandlerMiddlewareImpl.<Invoke>g__Awaited|10_0(ExceptionHandlerMiddlewareImpl middleware, HttpContext context, Task task)
      ClientConnectionId:8dc38f7a-1540-4184-a7d8-7d911e1eedad
      Error Number:208,State:1,Class:16
dbug: Microsoft.EntityFrameworkCore.Infrastructure[10407]
      'AppDbContext' disposed.
dbug: Microsoft.EntityFrameworkCore.Database.Connection[20007]
      Disposing connection to database 'EduConnectDb' on server 'localhost\SQLEXPRESS'.
dbug: Microsoft.EntityFrameworkCore.Database.Connection[20008]
      Disposed connection to database '' on server '' (0ms).
info: Microsoft.AspNetCore.Hosting.Diagnostics[2]
      Request finished HTTP/1.1 GET http://localhost:5160/api/posts?page=1&pageSize=10 - 500 - application/json;+charset=utf-8 14.4115ms
info: Microsoft.AspNetCore.Hosting.Diagnostics[1]
      Request starting HTTP/1.1 GET http://localhost:5160/api/posts?page=1&pageSize=10 - - -
info: Microsoft.AspNetCore.Cors.Infrastructure.CorsService[4]
      CORS policy execution successful.
info: Microsoft.AspNetCore.Routing.EndpointMiddleware[0]
      Executing endpoint 'EduConnect.Api.Controllers.PostsController.GetAll (EduConnect.Api)'
info: Microsoft.AspNetCore.Mvc.Infrastructure.ControllerActionInvoker[102]
      Route matched with {action = "GetAll", controller = "Posts"}. Executing controller action with signature System.Threading.Tasks.Task`1[Microsoft.AspNetCore.Mvc.ActionResult`1[EduConnect.Application.Contracts.Common.PagedResponse`1[EduConnect.Application.Contracts.Posts.PostResponse]]] GetAll(Int32, Int32, System.Threading.CancellationToken) on controller EduConnect.Api.Controllers.PostsController (EduConnect.Api).
dbug: Microsoft.EntityFrameworkCore.Infrastructure[10403]
      Entity Framework Core 10.0.5 initialized 'AppDbContext' using provider 'Microsoft.EntityFrameworkCore.SqlServer:10.0.5' with options: MigrationsAssembly=EduConnect.Infrastructure, Version=1.0.0.0, Culture=neutral, PublicKeyToken=null EngineType=SqlServer 
dbug: Microsoft.EntityFrameworkCore.Database.Connection[20005]
      Creating DbConnection.
dbug: Microsoft.EntityFrameworkCore.Database.Connection[20006]
      Created DbConnection. (0ms).
dbug: Microsoft.EntityFrameworkCore.Database.Connection[20000]
      Opening connection to database 'EduConnectDb' on server 'localhost\SQLEXPRESS'.
dbug: Microsoft.EntityFrameworkCore.Database.Connection[20001]
      Opened connection to database 'EduConnectDb' on server 'localhost\SQLEXPRESS'.
dbug: Microsoft.EntityFrameworkCore.Database.Connection[20002]
      Closing connection to database 'EduConnectDb' on server 'localhost\SQLEXPRESS'.
dbug: Microsoft.EntityFrameworkCore.Database.Connection[20003]
      Closed connection to database 'EduConnectDb' on server 'localhost\SQLEXPRESS' (0ms).
dbug: Microsoft.EntityFrameworkCore.Database.Connection[20000]
      Opening connection to database 'EduConnectDb' on server 'localhost\SQLEXPRESS'.
dbug: Microsoft.EntityFrameworkCore.Database.Connection[20001]
      Opened connection to database 'EduConnectDb' on server 'localhost\SQLEXPRESS'.
fail: Microsoft.EntityFrameworkCore.Database.Command[20102]
      Failed executing DbCommand (1ms) [Parameters=[@p='?' (DbType = Int32), @p1='?' (DbType = Int32)], CommandType='Text', CommandTimeout='30']
      SELECT [p3].[Id], [p3].[CreatedAtUtc], [p3].[PostId], [p3].[UpdatedAtUtc], [p3].[UserId], [p0].[Id], [u].[Id], [s].[Id], [g].[Id]
      FROM (
          SELECT [p].[Id], [p].[CreatedAtUtc], [p].[GroupId], [p].[UserId]
          FROM [Posts] AS [p]
          WHERE [p].[IsDeleted] = CAST(0 AS bit)
          ORDER BY [p].[CreatedAtUtc] DESC
          OFFSET @p ROWS FETCH NEXT @p1 ROWS ONLY
      ) AS [p0]
      INNER JOIN [Users] AS [u] ON [p0].[UserId] = [u].[Id]
      LEFT JOIN [StudentProfiles] AS [s] ON [u].[Id] = [s].[UserId]
      LEFT JOIN [Groups] AS [g] ON [p0].[GroupId] = [g].[Id]
      INNER JOIN [PostBookmarks] AS [p3] ON [p0].[Id] = [p3].[PostId]
      ORDER BY [p0].[CreatedAtUtc] DESC, [p0].[Id], [u].[Id], [s].[Id], [g].[Id]
fail: Microsoft.EntityFrameworkCore.Query[10100]
      An exception occurred while iterating over the results of a query for context type 'EduConnect.Infrastructure.Data.AppDbContext'.
      Microsoft.Data.SqlClient.SqlException (0x80131904): Invalid object name 'PostBookmarks'.
         at System.Threading.Tasks.ContinuationResultTaskFromResultTask`2.InnerInvoke()
         at System.Threading.ExecutionContext.RunInternal(ExecutionContext executionContext, ContextCallback callback, Object state)
      --- End of stack trace from previous location ---
         at System.Threading.ExecutionContext.RunInternal(ExecutionContext executionContext, ContextCallback callback, Object state)
         at System.Threading.Tasks.Task.ExecuteWithThreadLocal(Task& currentTaskSlot, Thread threadPoolThread)
      --- End of stack trace from previous location ---
         at Microsoft.EntityFrameworkCore.Storage.RelationalCommand.ExecuteReaderAsync(RelationalCommandParameterObject parameterObject, CancellationToken cancellationToken)
         at Microsoft.EntityFrameworkCore.Storage.RelationalCommand.ExecuteReaderAsync(RelationalCommandParameterObject parameterObject, CancellationToken cancellationToken)
         at Microsoft.EntityFrameworkCore.Query.RelationalShapedQueryCompilingExpressionVisitor.ShaperProcessingExpressionVisitor.<PopulateSplitIncludeCollectionAsync>g__InitializeReaderAsync|27_0[TIncludingEntity,TIncludedEntity](RelationalQueryContext queryContext, RelationalCommandResolver relationalCommandResolver, IReadOnlyList`1 readerColumns, Boolean detailedErrorsEnabled, CancellationToken cancellationToken)
         at Microsoft.EntityFrameworkCore.SqlServer.Storage.Internal.SqlServerExecutionStrategy.ExecuteAsync[TState,TResult](TState state, Func`4 operation, Func`4 verifySucceeded, CancellationToken cancellationToken)
         at Microsoft.EntityFrameworkCore.Query.RelationalShapedQueryCompilingExpressionVisitor.ShaperProcessingExpressionVisitor.PopulateSplitIncludeCollectionAsync[TIncludingEntity,TIncludedEntity](Int32 collectionId, RelationalQueryContext queryContext, IExecutionStrategy executionStrategy, RelationalCommandResolver relationalCommandResolver, IReadOnlyList`1 readerColumns, Boolean detailedErrorsEnabled, SplitQueryResultCoordinator resultCoordinator, Func`3 childIdentifier, IReadOnlyList`1 identifierValueComparers, Func`5 innerShaper, Func`4 relatedDataLoaders, INavigationBase inverseNavigation, Action`2 fixup, Boolean trackingQuery)
         at Microsoft.EntityFrameworkCore.Query.RelationalShapedQueryCompilingExpressionVisitor.ShaperProcessingExpressionVisitor.TaskAwaiter(Func`1[] taskFactories)
         at Microsoft.EntityFrameworkCore.Query.Internal.SplitQueryingEnumerable`1.AsyncEnumerator.MoveNextAsync()
      ClientConnectionId:8dc38f7a-1540-4184-a7d8-7d911e1eedad
      Error Number:208,State:1,Class:16
      Microsoft.Data.SqlClient.SqlException (0x80131904): Invalid object name 'PostBookmarks'.
         at System.Threading.Tasks.ContinuationResultTaskFromResultTask`2.InnerInvoke()
         at System.Threading.ExecutionContext.RunInternal(ExecutionContext executionContext, ContextCallback callback, Object state)
      --- End of stack trace from previous location ---
         at System.Threading.ExecutionContext.RunInternal(ExecutionContext executionContext, ContextCallback callback, Object state)
         at System.Threading.Tasks.Task.ExecuteWithThreadLocal(Task& currentTaskSlot, Thread threadPoolThread)
      --- End of stack trace from previous location ---
         at Microsoft.EntityFrameworkCore.Storage.RelationalCommand.ExecuteReaderAsync(RelationalCommandParameterObject parameterObject, CancellationToken cancellationToken)
         at Microsoft.EntityFrameworkCore.Storage.RelationalCommand.ExecuteReaderAsync(RelationalCommandParameterObject parameterObject, CancellationToken cancellationToken)
         at Microsoft.EntityFrameworkCore.Query.RelationalShapedQueryCompilingExpressionVisitor.ShaperProcessingExpressionVisitor.<PopulateSplitIncludeCollectionAsync>g__InitializeReaderAsync|27_0[TIncludingEntity,TIncludedEntity](RelationalQueryContext queryContext, RelationalCommandResolver relationalCommandResolver, IReadOnlyList`1 readerColumns, Boolean detailedErrorsEnabled, CancellationToken cancellationToken)
         at Microsoft.EntityFrameworkCore.SqlServer.Storage.Internal.SqlServerExecutionStrategy.ExecuteAsync[TState,TResult](TState state, Func`4 operation, Func`4 verifySucceeded, CancellationToken cancellationToken)
         at Microsoft.EntityFrameworkCore.Query.RelationalShapedQueryCompilingExpressionVisitor.ShaperProcessingExpressionVisitor.PopulateSplitIncludeCollectionAsync[TIncludingEntity,TIncludedEntity](Int32 collectionId, RelationalQueryContext queryContext, IExecutionStrategy executionStrategy, RelationalCommandResolver relationalCommandResolver, IReadOnlyList`1 readerColumns, Boolean detailedErrorsEnabled, SplitQueryResultCoordinator resultCoordinator, Func`3 childIdentifier, IReadOnlyList`1 identifierValueComparers, Func`5 innerShaper, Func`4 relatedDataLoaders, INavigationBase inverseNavigation, Action`2 fixup, Boolean trackingQuery)
         at Microsoft.EntityFrameworkCore.Query.RelationalShapedQueryCompilingExpressionVisitor.ShaperProcessingExpressionVisitor.TaskAwaiter(Func`1[] taskFactories)
         at Microsoft.EntityFrameworkCore.Query.Internal.SplitQueryingEnumerable`1.AsyncEnumerator.MoveNextAsync()
      ClientConnectionId:8dc38f7a-1540-4184-a7d8-7d911e1eedad
      Error Number:208,State:1,Class:16
dbug: Microsoft.EntityFrameworkCore.Database.Connection[20002]
      Closing connection to database 'EduConnectDb' on server 'localhost\SQLEXPRESS'.
dbug: Microsoft.EntityFrameworkCore.Database.Connection[20003]
      Closed connection to database 'EduConnectDb' on server 'localhost\SQLEXPRESS' (0ms).
info: Microsoft.AspNetCore.Mvc.Infrastructure.ControllerActionInvoker[105]
      Executed action EduConnect.Api.Controllers.PostsController.GetAll (EduConnect.Api) in 11.6193ms
info: Microsoft.AspNetCore.Routing.EndpointMiddleware[1]
      Executed endpoint 'EduConnect.Api.Controllers.PostsController.GetAll (EduConnect.Api)'
fail: EduConnect.Api.Middleware.GlobalExceptionHandler[0]
      Unhandled exception occurred while processing the request.
      Microsoft.Data.SqlClient.SqlException (0x80131904): Invalid object name 'PostBookmarks'.
         at System.Threading.Tasks.ContinuationResultTaskFromResultTask`2.InnerInvoke()
         at System.Threading.ExecutionContext.RunInternal(ExecutionContext executionContext, ContextCallback callback, Object state)
      --- End of stack trace from previous location ---
         at System.Threading.ExecutionContext.RunInternal(ExecutionContext executionContext, ContextCallback callback, Object state)
         at System.Threading.Tasks.Task.ExecuteWithThreadLocal(Task& currentTaskSlot, Thread threadPoolThread)
      --- End of stack trace from previous location ---
         at Microsoft.EntityFrameworkCore.Storage.RelationalCommand.ExecuteReaderAsync(RelationalCommandParameterObject parameterObject, CancellationToken cancellationToken)
         at Microsoft.EntityFrameworkCore.Storage.RelationalCommand.ExecuteReaderAsync(RelationalCommandParameterObject parameterObject, CancellationToken cancellationToken)
         at Microsoft.EntityFrameworkCore.Query.RelationalShapedQueryCompilingExpressionVisitor.ShaperProcessingExpressionVisitor.<PopulateSplitIncludeCollectionAsync>g__InitializeReaderAsync|27_0[TIncludingEntity,TIncludedEntity](RelationalQueryContext queryContext, RelationalCommandResolver relationalCommandResolver, IReadOnlyList`1 readerColumns, Boolean detailedErrorsEnabled, CancellationToken cancellationToken)
         at Microsoft.EntityFrameworkCore.SqlServer.Storage.Internal.SqlServerExecutionStrategy.ExecuteAsync[TState,TResult](TState state, Func`4 operation, Func`4 verifySucceeded, CancellationToken cancellationToken)
         at Microsoft.EntityFrameworkCore.Query.RelationalShapedQueryCompilingExpressionVisitor.ShaperProcessingExpressionVisitor.PopulateSplitIncludeCollectionAsync[TIncludingEntity,TIncludedEntity](Int32 collectionId, RelationalQueryContext queryContext, IExecutionStrategy executionStrategy, RelationalCommandResolver relationalCommandResolver, IReadOnlyList`1 readerColumns, Boolean detailedErrorsEnabled, SplitQueryResultCoordinator resultCoordinator, Func`3 childIdentifier, IReadOnlyList`1 identifierValueComparers, Func`5 innerShaper, Func`4 relatedDataLoaders, INavigationBase inverseNavigation, Action`2 fixup, Boolean trackingQuery)
         at Microsoft.EntityFrameworkCore.Query.RelationalShapedQueryCompilingExpressionVisitor.ShaperProcessingExpressionVisitor.TaskAwaiter(Func`1[] taskFactories)
         at Microsoft.EntityFrameworkCore.Query.Internal.SplitQueryingEnumerable`1.AsyncEnumerator.MoveNextAsync()
         at Microsoft.EntityFrameworkCore.EntityFrameworkQueryableExtensions.ToListAsync[TSource](IQueryable`1 source, CancellationToken cancellationToken)
         at Microsoft.EntityFrameworkCore.EntityFrameworkQueryableExtensions.ToListAsync[TSource](IQueryable`1 source, CancellationToken cancellationToken)
         at EduConnect.Api.Controllers.PostsController.GetAll(Int32 page, Int32 pageSize, CancellationToken cancellationToken) in C:\Users\FIRAT\Desktop\Tubitak-Tez\backend\src\EduConnect.Api\Controllers\PostsController.cs:line 34
         at lambda_method50(Closure, Object)
         at Microsoft.AspNetCore.Mvc.Infrastructure.ActionMethodExecutor.AwaitableObjectResultExecutor.Execute(ActionContext actionContext, IActionResultTypeMapper mapper, ObjectMethodExecutor executor, Object controller, Object[] arguments)
         at Microsoft.AspNetCore.Mvc.Infrastructure.ControllerActionInvoker.<InvokeActionMethodAsync>g__Awaited|12_0(ControllerActionInvoker invoker, ValueTask`1 actionResultValueTask)
         at Microsoft.AspNetCore.Mvc.Infrastructure.ControllerActionInvoker.<InvokeNextActionFilterAsync>g__Awaited|10_0(ControllerActionInvoker invoker, Task lastTask, State next, Scope scope, Object state, Boolean isCompleted)
         at Microsoft.AspNetCore.Mvc.Infrastructure.ControllerActionInvoker.Rethrow(ActionExecutedContextSealed context)
         at Microsoft.AspNetCore.Mvc.Infrastructure.ControllerActionInvoker.Next(State& next, Scope& scope, Object& state, Boolean& isCompleted)
         at Microsoft.AspNetCore.Mvc.Infrastructure.ControllerActionInvoker.<InvokeInnerFilterAsync>g__Awaited|13_0(ControllerActionInvoker invoker, Task lastTask, State next, Scope scope, Object state, Boolean isCompleted)
         at Microsoft.AspNetCore.Mvc.Infrastructure.ResourceInvoker.<InvokeFilterPipelineAsync>g__Awaited|20_0(ResourceInvoker invoker, Task lastTask, State next, Scope scope, Object state, Boolean isCompleted)
         at Microsoft.AspNetCore.Mvc.Infrastructure.ResourceInvoker.<InvokeAsync>g__Logged|17_1(ResourceInvoker invoker)
         at Microsoft.AspNetCore.Mvc.Infrastructure.ResourceInvoker.<InvokeAsync>g__Logged|17_1(ResourceInvoker invoker)
         at Microsoft.AspNetCore.Routing.EndpointMiddleware.<Invoke>g__AwaitRequestTask|7_0(Endpoint endpoint, Task requestTask, ILogger logger)
         at Microsoft.AspNetCore.Authorization.AuthorizationMiddleware.Invoke(HttpContext context)
         at Microsoft.AspNetCore.Authentication.AuthenticationMiddleware.Invoke(HttpContext context)
         at Swashbuckle.AspNetCore.SwaggerUI.SwaggerUIMiddleware.Invoke(HttpContext httpContext)
         at Swashbuckle.AspNetCore.Swagger.SwaggerMiddleware.Invoke(HttpContext httpContext, ISwaggerProvider swaggerProvider)
         at Microsoft.AspNetCore.Diagnostics.ExceptionHandlerMiddlewareImpl.<Invoke>g__Awaited|10_0(ExceptionHandlerMiddlewareImpl middleware, HttpContext context, Task task)
      ClientConnectionId:8dc38f7a-1540-4184-a7d8-7d911e1eedad
      Error Number:208,State:1,Class:16
dbug: Microsoft.EntityFrameworkCore.Infrastructure[10407]
      'AppDbContext' disposed.
dbug: Microsoft.EntityFrameworkCore.Database.Connection[20007]
      Disposing connection to database 'EduConnectDb' on server 'localhost\SQLEXPRESS'.
dbug: Microsoft.EntityFrameworkCore.Database.Connection[20008]
      Disposed connection to database '' on server '' (0ms).
info: Microsoft.AspNetCore.Hosting.Diagnostics[2]
      Request finished HTTP/1.1 GET http://localhost:5160/api/posts?page=1&pageSize=10 - 500 - application/json;+charset=utf-8 19.1557ms
info: Microsoft.AspNetCore.Hosting.Diagnostics[1]
      Request starting HTTP/1.1 OPTIONS http://localhost:5160/api/posts?page=1&pageSize=10 - - -
info: Microsoft.AspNetCore.Cors.Infrastructure.CorsService[4]
      CORS policy execution successful.
info: Microsoft.AspNetCore.Hosting.Diagnostics[2]
      Request finished HTTP/1.1 OPTIONS http://localhost:5160/api/posts?page=1&pageSize=10 - 204 - - 0.2688ms
info: Microsoft.AspNetCore.Hosting.Diagnostics[1]
      Request starting HTTP/1.1 GET http://localhost:5160/api/posts?page=1&pageSize=10 - - -
info: Microsoft.AspNetCore.Cors.Infrastructure.CorsService[4]
      CORS policy execution successful.
info: Microsoft.AspNetCore.Routing.EndpointMiddleware[0]
      Executing endpoint 'EduConnect.Api.Controllers.PostsController.GetAll (EduConnect.Api)'
info: Microsoft.AspNetCore.Mvc.Infrastructure.ControllerActionInvoker[102]
      Route matched with {action = "GetAll", controller = "Posts"}. Executing controller action with signature System.Threading.Tasks.Task`1[Microsoft.AspNetCore.Mvc.ActionResult`1[EduConnect.Application.Contracts.Common.PagedResponse`1[EduConnect.Application.Contracts.Posts.PostResponse]]] GetAll(Int32, Int32, System.Threading.CancellationToken) on controller EduConnect.Api.Controllers.PostsController (EduConnect.Api).
dbug: Microsoft.EntityFrameworkCore.Infrastructure[10403]
      Entity Framework Core 10.0.5 initialized 'AppDbContext' using provider 'Microsoft.EntityFrameworkCore.SqlServer:10.0.5' with options: MigrationsAssembly=EduConnect.Infrastructure, Version=1.0.0.0, Culture=neutral, PublicKeyToken=null EngineType=SqlServer 
dbug: Microsoft.EntityFrameworkCore.Database.Connection[20005]
      Creating DbConnection.
dbug: Microsoft.EntityFrameworkCore.Database.Connection[20006]
      Created DbConnection. (0ms).
dbug: Microsoft.EntityFrameworkCore.Database.Connection[20000]
      Opening connection to database 'EduConnectDb' on server 'localhost\SQLEXPRESS'.
dbug: Microsoft.EntityFrameworkCore.Database.Connection[20001]
      Opened connection to database 'EduConnectDb' on server 'localhost\SQLEXPRESS'.
dbug: Microsoft.EntityFrameworkCore.Database.Connection[20002]
      Closing connection to database 'EduConnectDb' on server 'localhost\SQLEXPRESS'.
dbug: Microsoft.EntityFrameworkCore.Database.Connection[20003]
      Closed connection to database 'EduConnectDb' on server 'localhost\SQLEXPRESS' (0ms).
dbug: Microsoft.EntityFrameworkCore.Database.Connection[20000]
      Opening connection to database 'EduConnectDb' on server 'localhost\SQLEXPRESS'.
dbug: Microsoft.EntityFrameworkCore.Database.Connection[20001]
      Opened connection to database 'EduConnectDb' on server 'localhost\SQLEXPRESS'.
fail: Microsoft.EntityFrameworkCore.Database.Command[20102]
      Failed executing DbCommand (1ms) [Parameters=[@p='?' (DbType = Int32), @p1='?' (DbType = Int32)], CommandType='Text', CommandTimeout='30']
      SELECT [p3].[Id], [p3].[CreatedAtUtc], [p3].[PostId], [p3].[UpdatedAtUtc], [p3].[UserId], [p0].[Id], [u].[Id], [s].[Id], [g].[Id]
      FROM (
          SELECT [p].[Id], [p].[CreatedAtUtc], [p].[GroupId], [p].[UserId]
          FROM [Posts] AS [p]
          WHERE [p].[IsDeleted] = CAST(0 AS bit)
          ORDER BY [p].[CreatedAtUtc] DESC
          OFFSET @p ROWS FETCH NEXT @p1 ROWS ONLY
      ) AS [p0]
      INNER JOIN [Users] AS [u] ON [p0].[UserId] = [u].[Id]
      LEFT JOIN [StudentProfiles] AS [s] ON [u].[Id] = [s].[UserId]
      LEFT JOIN [Groups] AS [g] ON [p0].[GroupId] = [g].[Id]
      INNER JOIN [PostBookmarks] AS [p3] ON [p0].[Id] = [p3].[PostId]
      ORDER BY [p0].[CreatedAtUtc] DESC, [p0].[Id], [u].[Id], [s].[Id], [g].[Id]
fail: Microsoft.EntityFrameworkCore.Query[10100]
      An exception occurred while iterating over the results of a query for context type 'EduConnect.Infrastructure.Data.AppDbContext'.
      Microsoft.Data.SqlClient.SqlException (0x80131904): Invalid object name 'PostBookmarks'.
         at System.Threading.Tasks.ContinuationResultTaskFromResultTask`2.InnerInvoke()
         at System.Threading.ExecutionContext.RunInternal(ExecutionContext executionContext, ContextCallback callback, Object state)
      --- End of stack trace from previous location ---
         at System.Threading.ExecutionContext.RunInternal(ExecutionContext executionContext, ContextCallback callback, Object state)
         at System.Threading.Tasks.Task.ExecuteWithThreadLocal(Task& currentTaskSlot, Thread threadPoolThread)
      --- End of stack trace from previous location ---
         at Microsoft.EntityFrameworkCore.Storage.RelationalCommand.ExecuteReaderAsync(RelationalCommandParameterObject parameterObject, CancellationToken cancellationToken)
         at Microsoft.EntityFrameworkCore.Storage.RelationalCommand.ExecuteReaderAsync(RelationalCommandParameterObject parameterObject, CancellationToken cancellationToken)
         at Microsoft.EntityFrameworkCore.Query.RelationalShapedQueryCompilingExpressionVisitor.ShaperProcessingExpressionVisitor.<PopulateSplitIncludeCollectionAsync>g__InitializeReaderAsync|27_0[TIncludingEntity,TIncludedEntity](RelationalQueryContext queryContext, RelationalCommandResolver relationalCommandResolver, IReadOnlyList`1 readerColumns, Boolean detailedErrorsEnabled, CancellationToken cancellationToken)
         at Microsoft.EntityFrameworkCore.SqlServer.Storage.Internal.SqlServerExecutionStrategy.ExecuteAsync[TState,TResult](TState state, Func`4 operation, Func`4 verifySucceeded, CancellationToken cancellationToken)
         at Microsoft.EntityFrameworkCore.Query.RelationalShapedQueryCompilingExpressionVisitor.ShaperProcessingExpressionVisitor.PopulateSplitIncludeCollectionAsync[TIncludingEntity,TIncludedEntity](Int32 collectionId, RelationalQueryContext queryContext, IExecutionStrategy executionStrategy, RelationalCommandResolver relationalCommandResolver, IReadOnlyList`1 readerColumns, Boolean detailedErrorsEnabled, SplitQueryResultCoordinator resultCoordinator, Func`3 childIdentifier, IReadOnlyList`1 identifierValueComparers, Func`5 innerShaper, Func`4 relatedDataLoaders, INavigationBase inverseNavigation, Action`2 fixup, Boolean trackingQuery)
         at Microsoft.EntityFrameworkCore.Query.RelationalShapedQueryCompilingExpressionVisitor.ShaperProcessingExpressionVisitor.TaskAwaiter(Func`1[] taskFactories)
         at Microsoft.EntityFrameworkCore.Query.Internal.SplitQueryingEnumerable`1.AsyncEnumerator.MoveNextAsync()
      ClientConnectionId:8dc38f7a-1540-4184-a7d8-7d911e1eedad
      Error Number:208,State:1,Class:16
      Microsoft.Data.SqlClient.SqlException (0x80131904): Invalid object name 'PostBookmarks'.
         at System.Threading.Tasks.ContinuationResultTaskFromResultTask`2.InnerInvoke()
         at System.Threading.ExecutionContext.RunInternal(ExecutionContext executionContext, ContextCallback callback, Object state)
      --- End of stack trace from previous location ---
         at System.Threading.ExecutionContext.RunInternal(ExecutionContext executionContext, ContextCallback callback, Object state)
         at System.Threading.Tasks.Task.ExecuteWithThreadLocal(Task& currentTaskSlot, Thread threadPoolThread)
      --- End of stack trace from previous location ---
         at Microsoft.EntityFrameworkCore.Storage.RelationalCommand.ExecuteReaderAsync(RelationalCommandParameterObject parameterObject, CancellationToken cancellationToken)
         at Microsoft.EntityFrameworkCore.Storage.RelationalCommand.ExecuteReaderAsync(RelationalCommandParameterObject parameterObject, CancellationToken cancellationToken)
         at Microsoft.EntityFrameworkCore.Query.RelationalShapedQueryCompilingExpressionVisitor.ShaperProcessingExpressionVisitor.<PopulateSplitIncludeCollectionAsync>g__InitializeReaderAsync|27_0[TIncludingEntity,TIncludedEntity](RelationalQueryContext queryContext, RelationalCommandResolver relationalCommandResolver, IReadOnlyList`1 readerColumns, Boolean detailedErrorsEnabled, CancellationToken cancellationToken)
         at Microsoft.EntityFrameworkCore.SqlServer.Storage.Internal.SqlServerExecutionStrategy.ExecuteAsync[TState,TResult](TState state, Func`4 operation, Func`4 verifySucceeded, CancellationToken cancellationToken)
         at Microsoft.EntityFrameworkCore.Query.RelationalShapedQueryCompilingExpressionVisitor.ShaperProcessingExpressionVisitor.PopulateSplitIncludeCollectionAsync[TIncludingEntity,TIncludedEntity](Int32 collectionId, RelationalQueryContext queryContext, IExecutionStrategy executionStrategy, RelationalCommandResolver relationalCommandResolver, IReadOnlyList`1 readerColumns, Boolean detailedErrorsEnabled, SplitQueryResultCoordinator resultCoordinator, Func`3 childIdentifier, IReadOnlyList`1 identifierValueComparers, Func`5 innerShaper, Func`4 relatedDataLoaders, INavigationBase inverseNavigation, Action`2 fixup, Boolean trackingQuery)
         at Microsoft.EntityFrameworkCore.Query.RelationalShapedQueryCompilingExpressionVisitor.ShaperProcessingExpressionVisitor.TaskAwaiter(Func`1[] taskFactories)
         at Microsoft.EntityFrameworkCore.Query.Internal.SplitQueryingEnumerable`1.AsyncEnumerator.MoveNextAsync()
      ClientConnectionId:8dc38f7a-1540-4184-a7d8-7d911e1eedad
      Error Number:208,State:1,Class:16
dbug: Microsoft.EntityFrameworkCore.Database.Connection[20002]
      Closing connection to database 'EduConnectDb' on server 'localhost\SQLEXPRESS'.
dbug: Microsoft.EntityFrameworkCore.Database.Connection[20003]
      Closed connection to database 'EduConnectDb' on server 'localhost\SQLEXPRESS' (0ms).
info: Microsoft.AspNetCore.Mvc.Infrastructure.ControllerActionInvoker[105]
      Executed action EduConnect.Api.Controllers.PostsController.GetAll (EduConnect.Api) in 10.8538ms
info: Microsoft.AspNetCore.Routing.EndpointMiddleware[1]
      Executed endpoint 'EduConnect.Api.Controllers.PostsController.GetAll (EduConnect.Api)'
fail: EduConnect.Api.Middleware.GlobalExceptionHandler[0]
      Unhandled exception occurred while processing the request.
      Microsoft.Data.SqlClient.SqlException (0x80131904): Invalid object name 'PostBookmarks'.
         at System.Threading.Tasks.ContinuationResultTaskFromResultTask`2.InnerInvoke()
         at System.Threading.ExecutionContext.RunInternal(ExecutionContext executionContext, ContextCallback callback, Object state)
      --- End of stack trace from previous location ---
         at System.Threading.ExecutionContext.RunInternal(ExecutionContext executionContext, ContextCallback callback, Object state)
         at System.Threading.Tasks.Task.ExecuteWithThreadLocal(Task& currentTaskSlot, Thread threadPoolThread)
      --- End of stack trace from previous location ---
         at Microsoft.EntityFrameworkCore.Storage.RelationalCommand.ExecuteReaderAsync(RelationalCommandParameterObject parameterObject, CancellationToken cancellationToken)
         at Microsoft.EntityFrameworkCore.Storage.RelationalCommand.ExecuteReaderAsync(RelationalCommandParameterObject parameterObject, CancellationToken cancellationToken)
         at Microsoft.EntityFrameworkCore.Query.RelationalShapedQueryCompilingExpressionVisitor.ShaperProcessingExpressionVisitor.<PopulateSplitIncludeCollectionAsync>g__InitializeReaderAsync|27_0[TIncludingEntity,TIncludedEntity](RelationalQueryContext queryContext, RelationalCommandResolver relationalCommandResolver, IReadOnlyList`1 readerColumns, Boolean detailedErrorsEnabled, CancellationToken cancellationToken)
         at Microsoft.EntityFrameworkCore.SqlServer.Storage.Internal.SqlServerExecutionStrategy.ExecuteAsync[TState,TResult](TState state, Func`4 operation, Func`4 verifySucceeded, CancellationToken cancellationToken)
         at Microsoft.EntityFrameworkCore.Query.RelationalShapedQueryCompilingExpressionVisitor.ShaperProcessingExpressionVisitor.PopulateSplitIncludeCollectionAsync[TIncludingEntity,TIncludedEntity](Int32 collectionId, RelationalQueryContext queryContext, IExecutionStrategy executionStrategy, RelationalCommandResolver relationalCommandResolver, IReadOnlyList`1 readerColumns, Boolean detailedErrorsEnabled, SplitQueryResultCoordinator resultCoordinator, Func`3 childIdentifier, IReadOnlyList`1 identifierValueComparers, Func`5 innerShaper, Func`4 relatedDataLoaders, INavigationBase inverseNavigation, Action`2 fixup, Boolean trackingQuery)
         at Microsoft.EntityFrameworkCore.Query.RelationalShapedQueryCompilingExpressionVisitor.ShaperProcessingExpressionVisitor.TaskAwaiter(Func`1[] taskFactories)
         at Microsoft.EntityFrameworkCore.Query.Internal.SplitQueryingEnumerable`1.AsyncEnumerator.MoveNextAsync()
         at Microsoft.EntityFrameworkCore.EntityFrameworkQueryableExtensions.ToListAsync[TSource](IQueryable`1 source, CancellationToken cancellationToken)
         at Microsoft.EntityFrameworkCore.EntityFrameworkQueryableExtensions.ToListAsync[TSource](IQueryable`1 source, CancellationToken cancellationToken)
         at EduConnect.Api.Controllers.PostsController.GetAll(Int32 page, Int32 pageSize, CancellationToken cancellationToken) in C:\Users\FIRAT\Desktop\Tubitak-Tez\backend\src\EduConnect.Api\Controllers\PostsController.cs:line 34
         at lambda_method50(Closure, Object)
         at Microsoft.AspNetCore.Mvc.Infrastructure.ActionMethodExecutor.AwaitableObjectResultExecutor.Execute(ActionContext actionContext, IActionResultTypeMapper mapper, ObjectMethodExecutor executor, Object controller, Object[] arguments)
         at Microsoft.AspNetCore.Mvc.Infrastructure.ControllerActionInvoker.<InvokeActionMethodAsync>g__Awaited|12_0(ControllerActionInvoker invoker, ValueTask`1 actionResultValueTask)
         at Microsoft.AspNetCore.Mvc.Infrastructure.ControllerActionInvoker.<InvokeNextActionFilterAsync>g__Awaited|10_0(ControllerActionInvoker invoker, Task lastTask, State next, Scope scope, Object state, Boolean isCompleted)
         at Microsoft.AspNetCore.Mvc.Infrastructure.ControllerActionInvoker.Rethrow(ActionExecutedContextSealed context)
         at Microsoft.AspNetCore.Mvc.Infrastructure.ControllerActionInvoker.Next(State& next, Scope& scope, Object& state, Boolean& isCompleted)
         at Microsoft.AspNetCore.Mvc.Infrastructure.ControllerActionInvoker.<InvokeInnerFilterAsync>g__Awaited|13_0(ControllerActionInvoker invoker, Task lastTask, State next, Scope scope, Object state, Boolean isCompleted)
         at Microsoft.AspNetCore.Mvc.Infrastructure.ResourceInvoker.<InvokeFilterPipelineAsync>g__Awaited|20_0(ResourceInvoker invoker, Task lastTask, State next, Scope scope, Object state, Boolean isCompleted)
         at Microsoft.AspNetCore.Mvc.Infrastructure.ResourceInvoker.<InvokeAsync>g__Logged|17_1(ResourceInvoker invoker)
         at Microsoft.AspNetCore.Mvc.Infrastructure.ResourceInvoker.<InvokeAsync>g__Logged|17_1(ResourceInvoker invoker)
         at Microsoft.AspNetCore.Routing.EndpointMiddleware.<Invoke>g__AwaitRequestTask|7_0(Endpoint endpoint, Task requestTask, ILogger logger)
         at Microsoft.AspNetCore.Authorization.AuthorizationMiddleware.Invoke(HttpContext context)
         at Microsoft.AspNetCore.Authentication.AuthenticationMiddleware.Invoke(HttpContext context)
         at Swashbuckle.AspNetCore.SwaggerUI.SwaggerUIMiddleware.Invoke(HttpContext httpContext)
         at Swashbuckle.AspNetCore.Swagger.SwaggerMiddleware.Invoke(HttpContext httpContext, ISwaggerProvider swaggerProvider)
         at Microsoft.AspNetCore.Diagnostics.ExceptionHandlerMiddlewareImpl.<Invoke>g__Awaited|10_0(ExceptionHandlerMiddlewareImpl middleware, HttpContext context, Task task)
      ClientConnectionId:8dc38f7a-1540-4184-a7d8-7d911e1eedad
      Error Number:208,State:1,Class:16
dbug: Microsoft.EntityFrameworkCore.Infrastructure[10407]
      'AppDbContext' disposed.
dbug: Microsoft.EntityFrameworkCore.Database.Connection[20007]
      Disposing connection to database 'EduConnectDb' on server 'localhost\SQLEXPRESS'.
dbug: Microsoft.EntityFrameworkCore.Database.Connection[20008]
      Disposed connection to database '' on server '' (0ms).
info: Microsoft.AspNetCore.Hosting.Diagnostics[2]
      Request finished HTTP/1.1 GET http://localhost:5160/api/posts?page=1&pageSize=10 - 500 - application/json;+charset=utf-8 15.0562ms
info: Microsoft.AspNetCore.Hosting.Diagnostics[1]
      Request starting HTTP/1.1 GET http://localhost:5160/api/posts?page=1&pageSize=10 - - -
info: Microsoft.AspNetCore.Cors.Infrastructure.CorsService[4]
      CORS policy execution successful.
info: Microsoft.AspNetCore.Routing.EndpointMiddleware[0]
      Executing endpoint 'EduConnect.Api.Controllers.PostsController.GetAll (EduConnect.Api)'
info: Microsoft.AspNetCore.Mvc.Infrastructure.ControllerActionInvoker[102]
      Route matched with {action = "GetAll", controller = "Posts"}. Executing controller action with signature System.Threading.Tasks.Task`1[Microsoft.AspNetCore.Mvc.ActionResult`1[EduConnect.Application.Contracts.Common.PagedResponse`1[EduConnect.Application.Contracts.Posts.PostResponse]]] GetAll(Int32, Int32, System.Threading.CancellationToken) on controller EduConnect.Api.Controllers.PostsController (EduConnect.Api).
dbug: Microsoft.EntityFrameworkCore.Infrastructure[10403]
      Entity Framework Core 10.0.5 initialized 'AppDbContext' using provider 'Microsoft.EntityFrameworkCore.SqlServer:10.0.5' with options: MigrationsAssembly=EduConnect.Infrastructure, Version=1.0.0.0, Culture=neutral, PublicKeyToken=null EngineType=SqlServer 
dbug: Microsoft.EntityFrameworkCore.Database.Connection[20005]
      Creating DbConnection.
dbug: Microsoft.EntityFrameworkCore.Database.Connection[20006]
      Created DbConnection. (0ms).
dbug: Microsoft.EntityFrameworkCore.Database.Connection[20000]
      Opening connection to database 'EduConnectDb' on server 'localhost\SQLEXPRESS'.
dbug: Microsoft.EntityFrameworkCore.Database.Connection[20001]
      Opened connection to database 'EduConnectDb' on server 'localhost\SQLEXPRESS'.
dbug: Microsoft.EntityFrameworkCore.Database.Connection[20002]
      Closing connection to database 'EduConnectDb' on server 'localhost\SQLEXPRESS'.
dbug: Microsoft.EntityFrameworkCore.Database.Connection[20003]
      Closed connection to database 'EduConnectDb' on server 'localhost\SQLEXPRESS' (0ms).
dbug: Microsoft.EntityFrameworkCore.Database.Connection[20000]
      Opening connection to database 'EduConnectDb' on server 'localhost\SQLEXPRESS'.
dbug: Microsoft.EntityFrameworkCore.Database.Connection[20001]
      Opened connection to database 'EduConnectDb' on server 'localhost\SQLEXPRESS'.
fail: Microsoft.EntityFrameworkCore.Database.Command[20102]
      Failed executing DbCommand (1ms) [Parameters=[@p='?' (DbType = Int32), @p1='?' (DbType = Int32)], CommandType='Text', CommandTimeout='30']
      SELECT [p3].[Id], [p3].[CreatedAtUtc], [p3].[PostId], [p3].[UpdatedAtUtc], [p3].[UserId], [p0].[Id], [u].[Id], [s].[Id], [g].[Id]
      FROM (
          SELECT [p].[Id], [p].[CreatedAtUtc], [p].[GroupId], [p].[UserId]
          FROM [Posts] AS [p]
          WHERE [p].[IsDeleted] = CAST(0 AS bit)
          ORDER BY [p].[CreatedAtUtc] DESC
          OFFSET @p ROWS FETCH NEXT @p1 ROWS ONLY
      ) AS [p0]
      INNER JOIN [Users] AS [u] ON [p0].[UserId] = [u].[Id]
      LEFT JOIN [StudentProfiles] AS [s] ON [u].[Id] = [s].[UserId]
      LEFT JOIN [Groups] AS [g] ON [p0].[GroupId] = [g].[Id]
      INNER JOIN [PostBookmarks] AS [p3] ON [p0].[Id] = [p3].[PostId]
      ORDER BY [p0].[CreatedAtUtc] DESC, [p0].[Id], [u].[Id], [s].[Id], [g].[Id]
fail: Microsoft.EntityFrameworkCore.Query[10100]
      An exception occurred while iterating over the results of a query for context type 'EduConnect.Infrastructure.Data.AppDbContext'.
      Microsoft.Data.SqlClient.SqlException (0x80131904): Invalid object name 'PostBookmarks'.
         at System.Threading.Tasks.ContinuationResultTaskFromResultTask`2.InnerInvoke()
         at System.Threading.ExecutionContext.RunInternal(ExecutionContext executionContext, ContextCallback callback, Object state)
      --- End of stack trace from previous location ---
         at System.Threading.ExecutionContext.RunInternal(ExecutionContext executionContext, ContextCallback callback, Object state)
         at System.Threading.Tasks.Task.ExecuteWithThreadLocal(Task& currentTaskSlot, Thread threadPoolThread)
      --- End of stack trace from previous location ---
         at Microsoft.EntityFrameworkCore.Storage.RelationalCommand.ExecuteReaderAsync(RelationalCommandParameterObject parameterObject, CancellationToken cancellationToken)
         at Microsoft.EntityFrameworkCore.Storage.RelationalCommand.ExecuteReaderAsync(RelationalCommandParameterObject parameterObject, CancellationToken cancellationToken)
         at Microsoft.EntityFrameworkCore.Query.RelationalShapedQueryCompilingExpressionVisitor.ShaperProcessingExpressionVisitor.<PopulateSplitIncludeCollectionAsync>g__InitializeReaderAsync|27_0[TIncludingEntity,TIncludedEntity](RelationalQueryContext queryContext, RelationalCommandResolver relationalCommandResolver, IReadOnlyList`1 readerColumns, Boolean detailedErrorsEnabled, CancellationToken cancellationToken)
         at Microsoft.EntityFrameworkCore.SqlServer.Storage.Internal.SqlServerExecutionStrategy.ExecuteAsync[TState,TResult](TState state, Func`4 operation, Func`4 verifySucceeded, CancellationToken cancellationToken)
         at Microsoft.EntityFrameworkCore.Query.RelationalShapedQueryCompilingExpressionVisitor.ShaperProcessingExpressionVisitor.PopulateSplitIncludeCollectionAsync[TIncludingEntity,TIncludedEntity](Int32 collectionId, RelationalQueryContext queryContext, IExecutionStrategy executionStrategy, RelationalCommandResolver relationalCommandResolver, IReadOnlyList`1 readerColumns, Boolean detailedErrorsEnabled, SplitQueryResultCoordinator resultCoordinator, Func`3 childIdentifier, IReadOnlyList`1 identifierValueComparers, Func`5 innerShaper, Func`4 relatedDataLoaders, INavigationBase inverseNavigation, Action`2 fixup, Boolean trackingQuery)
         at Microsoft.EntityFrameworkCore.Query.RelationalShapedQueryCompilingExpressionVisitor.ShaperProcessingExpressionVisitor.TaskAwaiter(Func`1[] taskFactories)
         at Microsoft.EntityFrameworkCore.Query.Internal.SplitQueryingEnumerable`1.AsyncEnumerator.MoveNextAsync()
      ClientConnectionId:8dc38f7a-1540-4184-a7d8-7d911e1eedad
      Error Number:208,State:1,Class:16
      Microsoft.Data.SqlClient.SqlException (0x80131904): Invalid object name 'PostBookmarks'.
         at System.Threading.Tasks.ContinuationResultTaskFromResultTask`2.InnerInvoke()
         at System.Threading.ExecutionContext.RunInternal(ExecutionContext executionContext, ContextCallback callback, Object state)
      --- End of stack trace from previous location ---
         at System.Threading.ExecutionContext.RunInternal(ExecutionContext executionContext, ContextCallback callback, Object state)
         at System.Threading.Tasks.Task.ExecuteWithThreadLocal(Task& currentTaskSlot, Thread threadPoolThread)
      --- End of stack trace from previous location ---
         at Microsoft.EntityFrameworkCore.Storage.RelationalCommand.ExecuteReaderAsync(RelationalCommandParameterObject parameterObject, CancellationToken cancellationToken)
         at Microsoft.EntityFrameworkCore.Storage.RelationalCommand.ExecuteReaderAsync(RelationalCommandParameterObject parameterObject, CancellationToken cancellationToken)
         at Microsoft.EntityFrameworkCore.Query.RelationalShapedQueryCompilingExpressionVisitor.ShaperProcessingExpressionVisitor.<PopulateSplitIncludeCollectionAsync>g__InitializeReaderAsync|27_0[TIncludingEntity,TIncludedEntity](RelationalQueryContext queryContext, RelationalCommandResolver relationalCommandResolver, IReadOnlyList`1 readerColumns, Boolean detailedErrorsEnabled, CancellationToken cancellationToken)
         at Microsoft.EntityFrameworkCore.SqlServer.Storage.Internal.SqlServerExecutionStrategy.ExecuteAsync[TState,TResult](TState state, Func`4 operation, Func`4 verifySucceeded, CancellationToken cancellationToken)
         at Microsoft.EntityFrameworkCore.Query.RelationalShapedQueryCompilingExpressionVisitor.ShaperProcessingExpressionVisitor.PopulateSplitIncludeCollectionAsync[TIncludingEntity,TIncludedEntity](Int32 collectionId, RelationalQueryContext queryContext, IExecutionStrategy executionStrategy, RelationalCommandResolver relationalCommandResolver, IReadOnlyList`1 readerColumns, Boolean detailedErrorsEnabled, SplitQueryResultCoordinator resultCoordinator, Func`3 childIdentifier, IReadOnlyList`1 identifierValueComparers, Func`5 innerShaper, Func`4 relatedDataLoaders, INavigationBase inverseNavigation, Action`2 fixup, Boolean trackingQuery)
         at Microsoft.EntityFrameworkCore.Query.RelationalShapedQueryCompilingExpressionVisitor.ShaperProcessingExpressionVisitor.TaskAwaiter(Func`1[] taskFactories)
         at Microsoft.EntityFrameworkCore.Query.Internal.SplitQueryingEnumerable`1.AsyncEnumerator.MoveNextAsync()
      ClientConnectionId:8dc38f7a-1540-4184-a7d8-7d911e1eedad
      Error Number:208,State:1,Class:16
dbug: Microsoft.EntityFrameworkCore.Database.Connection[20002]
      Closing connection to database 'EduConnectDb' on server 'localhost\SQLEXPRESS'.
dbug: Microsoft.EntityFrameworkCore.Database.Connection[20003]
      Closed connection to database 'EduConnectDb' on server 'localhost\SQLEXPRESS' (0ms).
info: Microsoft.AspNetCore.Mvc.Infrastructure.ControllerActionInvoker[105]
      Executed action EduConnect.Api.Controllers.PostsController.GetAll (EduConnect.Api) in 7.5429ms
info: Microsoft.AspNetCore.Routing.EndpointMiddleware[1]
      Executed endpoint 'EduConnect.Api.Controllers.PostsController.GetAll (EduConnect.Api)'
fail: EduConnect.Api.Middleware.GlobalExceptionHandler[0]
      Unhandled exception occurred while processing the request.
      Microsoft.Data.SqlClient.SqlException (0x80131904): Invalid object name 'PostBookmarks'.
         at System.Threading.Tasks.ContinuationResultTaskFromResultTask`2.InnerInvoke()
         at System.Threading.ExecutionContext.RunInternal(ExecutionContext executionContext, ContextCallback callback, Object state)
      --- End of stack trace from previous location ---
         at System.Threading.ExecutionContext.RunInternal(ExecutionContext executionContext, ContextCallback callback, Object state)
         at System.Threading.Tasks.Task.ExecuteWithThreadLocal(Task& currentTaskSlot, Thread threadPoolThread)
      --- End of stack trace from previous location ---
         at Microsoft.EntityFrameworkCore.Storage.RelationalCommand.ExecuteReaderAsync(RelationalCommandParameterObject parameterObject, CancellationToken cancellationToken)
         at Microsoft.EntityFrameworkCore.Storage.RelationalCommand.ExecuteReaderAsync(RelationalCommandParameterObject parameterObject, CancellationToken cancellationToken)
         at Microsoft.EntityFrameworkCore.Query.RelationalShapedQueryCompilingExpressionVisitor.ShaperProcessingExpressionVisitor.<PopulateSplitIncludeCollectionAsync>g__InitializeReaderAsync|27_0[TIncludingEntity,TIncludedEntity](RelationalQueryContext queryContext, RelationalCommandResolver relationalCommandResolver, IReadOnlyList`1 readerColumns, Boolean detailedErrorsEnabled, CancellationToken cancellationToken)
         at Microsoft.EntityFrameworkCore.SqlServer.Storage.Internal.SqlServerExecutionStrategy.ExecuteAsync[TState,TResult](TState state, Func`4 operation, Func`4 verifySucceeded, CancellationToken cancellationToken)
         at Microsoft.EntityFrameworkCore.Query.RelationalShapedQueryCompilingExpressionVisitor.ShaperProcessingExpressionVisitor.PopulateSplitIncludeCollectionAsync[TIncludingEntity,TIncludedEntity](Int32 collectionId, RelationalQueryContext queryContext, IExecutionStrategy executionStrategy, RelationalCommandResolver relationalCommandResolver, IReadOnlyList`1 readerColumns, Boolean detailedErrorsEnabled, SplitQueryResultCoordinator resultCoordinator, Func`3 childIdentifier, IReadOnlyList`1 identifierValueComparers, Func`5 innerShaper, Func`4 relatedDataLoaders, INavigationBase inverseNavigation, Action`2 fixup, Boolean trackingQuery)
         at Microsoft.EntityFrameworkCore.Query.RelationalShapedQueryCompilingExpressionVisitor.ShaperProcessingExpressionVisitor.TaskAwaiter(Func`1[] taskFactories)
         at Microsoft.EntityFrameworkCore.Query.Internal.SplitQueryingEnumerable`1.AsyncEnumerator.MoveNextAsync()
         at Microsoft.EntityFrameworkCore.EntityFrameworkQueryableExtensions.ToListAsync[TSource](IQueryable`1 source, CancellationToken cancellationToken)
         at Microsoft.EntityFrameworkCore.EntityFrameworkQueryableExtensions.ToListAsync[TSource](IQueryable`1 source, CancellationToken cancellationToken)
         at EduConnect.Api.Controllers.PostsController.GetAll(Int32 page, Int32 pageSize, CancellationToken cancellationToken) in C:\Users\FIRAT\Desktop\Tubitak-Tez\backend\src\EduConnect.Api\Controllers\PostsController.cs:line 34
         at lambda_method50(Closure, Object)
         at Microsoft.AspNetCore.Mvc.Infrastructure.ActionMethodExecutor.AwaitableObjectResultExecutor.Execute(ActionContext actionContext, IActionResultTypeMapper mapper, ObjectMethodExecutor executor, Object controller, Object[] arguments)
         at Microsoft.AspNetCore.Mvc.Infrastructure.ControllerActionInvoker.<InvokeActionMethodAsync>g__Awaited|12_0(ControllerActionInvoker invoker, ValueTask`1 actionResultValueTask)
         at Microsoft.AspNetCore.Mvc.Infrastructure.ControllerActionInvoker.<InvokeNextActionFilterAsync>g__Awaited|10_0(ControllerActionInvoker invoker, Task lastTask, State next, Scope scope, Object state, Boolean isCompleted)
         at Microsoft.AspNetCore.Mvc.Infrastructure.ControllerActionInvoker.Rethrow(ActionExecutedContextSealed context)
         at Microsoft.AspNetCore.Mvc.Infrastructure.ControllerActionInvoker.Next(State& next, Scope& scope, Object& state, Boolean& isCompleted)
         at Microsoft.AspNetCore.Mvc.Infrastructure.ControllerActionInvoker.<InvokeInnerFilterAsync>g__Awaited|13_0(ControllerActionInvoker invoker, Task lastTask, State next, Scope scope, Object state, Boolean isCompleted)
         at Microsoft.AspNetCore.Mvc.Infrastructure.ResourceInvoker.<InvokeFilterPipelineAsync>g__Awaited|20_0(ResourceInvoker invoker, Task lastTask, State next, Scope scope, Object state, Boolean isCompleted)
         at Microsoft.AspNetCore.Mvc.Infrastructure.ResourceInvoker.<InvokeAsync>g__Logged|17_1(ResourceInvoker invoker)
         at Microsoft.AspNetCore.Mvc.Infrastructure.ResourceInvoker.<InvokeAsync>g__Logged|17_1(ResourceInvoker invoker)
         at Microsoft.AspNetCore.Routing.EndpointMiddleware.<Invoke>g__AwaitRequestTask|7_0(Endpoint endpoint, Task requestTask, ILogger logger)
         at Microsoft.AspNetCore.Authorization.AuthorizationMiddleware.Invoke(HttpContext context)
         at Microsoft.AspNetCore.Authentication.AuthenticationMiddleware.Invoke(HttpContext context)
         at Swashbuckle.AspNetCore.SwaggerUI.SwaggerUIMiddleware.Invoke(HttpContext httpContext)
         at Swashbuckle.AspNetCore.Swagger.SwaggerMiddleware.Invoke(HttpContext httpContext, ISwaggerProvider swaggerProvider)
         at Microsoft.AspNetCore.Diagnostics.ExceptionHandlerMiddlewareImpl.<Invoke>g__Awaited|10_0(ExceptionHandlerMiddlewareImpl middleware, HttpContext context, Task task)
      ClientConnectionId:8dc38f7a-1540-4184-a7d8-7d911e1eedad
      Error Number:208,State:1,Class:16
dbug: Microsoft.EntityFrameworkCore.Infrastructure[10407]
      'AppDbContext' disposed.
dbug: Microsoft.EntityFrameworkCore.Database.Connection[20007]
      Disposing connection to database 'EduConnectDb' on server 'localhost\SQLEXPRESS'.
dbug: Microsoft.EntityFrameworkCore.Database.Connection[20008]
      Disposed connection to database '' on server '' (0ms).
info: Microsoft.AspNetCore.Hosting.Diagnostics[2]
      Request finished HTTP/1.1 GET http://localhost:5160/api/posts?page=1&pageSize=10 - 500 - application/json;+charset=utf-8 11.5659ms
info: Microsoft.AspNetCore.Hosting.Diagnostics[1]
      Request starting HTTP/1.1 OPTIONS http://localhost:5160/api/posts?page=1&pageSize=10 - - -
info: Microsoft.AspNetCore.Cors.Infrastructure.CorsService[4]
      CORS policy execution successful.
info: Microsoft.AspNetCore.Hosting.Diagnostics[2]
      Request finished HTTP/1.1 OPTIONS http://localhost:5160/api/posts?page=1&pageSize=10 - 204 - - 0.4748ms
info: Microsoft.AspNetCore.Hosting.Diagnostics[1]
      Request starting HTTP/1.1 GET http://localhost:5160/api/posts?page=1&pageSize=10 - - -
info: Microsoft.AspNetCore.Cors.Infrastructure.CorsService[4]
      CORS policy execution successful.
info: Microsoft.AspNetCore.Routing.EndpointMiddleware[0]
      Executing endpoint 'EduConnect.Api.Controllers.PostsController.GetAll (EduConnect.Api)'
info: Microsoft.AspNetCore.Mvc.Infrastructure.ControllerActionInvoker[102]
      Route matched with {action = "GetAll", controller = "Posts"}. Executing controller action with signature System.Threading.Tasks.Task`1[Microsoft.AspNetCore.Mvc.ActionResult`1[EduConnect.Application.Contracts.Common.PagedResponse`1[EduConnect.Application.Contracts.Posts.PostResponse]]] GetAll(Int32, Int32, System.Threading.CancellationToken) on controller EduConnect.Api.Controllers.PostsController (EduConnect.Api).
dbug: Microsoft.EntityFrameworkCore.Infrastructure[10403]
      Entity Framework Core 10.0.5 initialized 'AppDbContext' using provider 'Microsoft.EntityFrameworkCore.SqlServer:10.0.5' with options: MigrationsAssembly=EduConnect.Infrastructure, Version=1.0.0.0, Culture=neutral, PublicKeyToken=null EngineType=SqlServer 
dbug: Microsoft.EntityFrameworkCore.Database.Connection[20005]
      Creating DbConnection.
dbug: Microsoft.EntityFrameworkCore.Database.Connection[20006]
      Created DbConnection. (0ms).
dbug: Microsoft.EntityFrameworkCore.Database.Connection[20000]
      Opening connection to database 'EduConnectDb' on server 'localhost\SQLEXPRESS'.
dbug: Microsoft.EntityFrameworkCore.Database.Connection[20001]
      Opened connection to database 'EduConnectDb' on server 'localhost\SQLEXPRESS'.
dbug: Microsoft.EntityFrameworkCore.Database.Connection[20002]
      Closing connection to database 'EduConnectDb' on server 'localhost\SQLEXPRESS'.
dbug: Microsoft.EntityFrameworkCore.Database.Connection[20003]
      Closed connection to database 'EduConnectDb' on server 'localhost\SQLEXPRESS' (0ms).
dbug: Microsoft.EntityFrameworkCore.Database.Connection[20000]
      Opening connection to database 'EduConnectDb' on server 'localhost\SQLEXPRESS'.
dbug: Microsoft.EntityFrameworkCore.Database.Connection[20001]
      Opened connection to database 'EduConnectDb' on server 'localhost\SQLEXPRESS'.
fail: Microsoft.EntityFrameworkCore.Database.Command[20102]
      Failed executing DbCommand (1ms) [Parameters=[@p='?' (DbType = Int32), @p1='?' (DbType = Int32)], CommandType='Text', CommandTimeout='30']
      SELECT [p3].[Id], [p3].[CreatedAtUtc], [p3].[PostId], [p3].[UpdatedAtUtc], [p3].[UserId], [p0].[Id], [u].[Id], [s].[Id], [g].[Id]
      FROM (
          SELECT [p].[Id], [p].[CreatedAtUtc], [p].[GroupId], [p].[UserId]
          FROM [Posts] AS [p]
          WHERE [p].[IsDeleted] = CAST(0 AS bit)
          ORDER BY [p].[CreatedAtUtc] DESC
          OFFSET @p ROWS FETCH NEXT @p1 ROWS ONLY
      ) AS [p0]
      INNER JOIN [Users] AS [u] ON [p0].[UserId] = [u].[Id]
      LEFT JOIN [StudentProfiles] AS [s] ON [u].[Id] = [s].[UserId]
      LEFT JOIN [Groups] AS [g] ON [p0].[GroupId] = [g].[Id]
      INNER JOIN [PostBookmarks] AS [p3] ON [p0].[Id] = [p3].[PostId]
      ORDER BY [p0].[CreatedAtUtc] DESC, [p0].[Id], [u].[Id], [s].[Id], [g].[Id]
fail: Microsoft.EntityFrameworkCore.Query[10100]
      An exception occurred while iterating over the results of a query for context type 'EduConnect.Infrastructure.Data.AppDbContext'.
      Microsoft.Data.SqlClient.SqlException (0x80131904): Invalid object name 'PostBookmarks'.
         at System.Threading.Tasks.ContinuationResultTaskFromResultTask`2.InnerInvoke()
         at System.Threading.ExecutionContext.RunInternal(ExecutionContext executionContext, ContextCallback callback, Object state)
      --- End of stack trace from previous location ---
         at System.Threading.ExecutionContext.RunInternal(ExecutionContext executionContext, ContextCallback callback, Object state)
         at System.Threading.Tasks.Task.ExecuteWithThreadLocal(Task& currentTaskSlot, Thread threadPoolThread)
      --- End of stack trace from previous location ---
         at Microsoft.EntityFrameworkCore.Storage.RelationalCommand.ExecuteReaderAsync(RelationalCommandParameterObject parameterObject, CancellationToken cancellationToken)
         at Microsoft.EntityFrameworkCore.Storage.RelationalCommand.ExecuteReaderAsync(RelationalCommandParameterObject parameterObject, CancellationToken cancellationToken)
         at Microsoft.EntityFrameworkCore.Query.RelationalShapedQueryCompilingExpressionVisitor.ShaperProcessingExpressionVisitor.<PopulateSplitIncludeCollectionAsync>g__InitializeReaderAsync|27_0[TIncludingEntity,TIncludedEntity](RelationalQueryContext queryContext, RelationalCommandResolver relationalCommandResolver, IReadOnlyList`1 readerColumns, Boolean detailedErrorsEnabled, CancellationToken cancellationToken)
         at Microsoft.EntityFrameworkCore.SqlServer.Storage.Internal.SqlServerExecutionStrategy.ExecuteAsync[TState,TResult](TState state, Func`4 operation, Func`4 verifySucceeded, CancellationToken cancellationToken)
         at Microsoft.EntityFrameworkCore.Query.RelationalShapedQueryCompilingExpressionVisitor.ShaperProcessingExpressionVisitor.PopulateSplitIncludeCollectionAsync[TIncludingEntity,TIncludedEntity](Int32 collectionId, RelationalQueryContext queryContext, IExecutionStrategy executionStrategy, RelationalCommandResolver relationalCommandResolver, IReadOnlyList`1 readerColumns, Boolean detailedErrorsEnabled, SplitQueryResultCoordinator resultCoordinator, Func`3 childIdentifier, IReadOnlyList`1 identifierValueComparers, Func`5 innerShaper, Func`4 relatedDataLoaders, INavigationBase inverseNavigation, Action`2 fixup, Boolean trackingQuery)
         at Microsoft.EntityFrameworkCore.Query.RelationalShapedQueryCompilingExpressionVisitor.ShaperProcessingExpressionVisitor.TaskAwaiter(Func`1[] taskFactories)
         at Microsoft.EntityFrameworkCore.Query.Internal.SplitQueryingEnumerable`1.AsyncEnumerator.MoveNextAsync()
      ClientConnectionId:8dc38f7a-1540-4184-a7d8-7d911e1eedad
      Error Number:208,State:1,Class:16
      Microsoft.Data.SqlClient.SqlException (0x80131904): Invalid object name 'PostBookmarks'.
         at System.Threading.Tasks.ContinuationResultTaskFromResultTask`2.InnerInvoke()
         at System.Threading.ExecutionContext.RunInternal(ExecutionContext executionContext, ContextCallback callback, Object state)
      --- End of stack trace from previous location ---
         at System.Threading.ExecutionContext.RunInternal(ExecutionContext executionContext, ContextCallback callback, Object state)
         at System.Threading.Tasks.Task.ExecuteWithThreadLocal(Task& currentTaskSlot, Thread threadPoolThread)
      --- End of stack trace from previous location ---
         at Microsoft.EntityFrameworkCore.Storage.RelationalCommand.ExecuteReaderAsync(RelationalCommandParameterObject parameterObject, CancellationToken cancellationToken)
         at Microsoft.EntityFrameworkCore.Storage.RelationalCommand.ExecuteReaderAsync(RelationalCommandParameterObject parameterObject, CancellationToken cancellationToken)
         at Microsoft.EntityFrameworkCore.Query.RelationalShapedQueryCompilingExpressionVisitor.ShaperProcessingExpressionVisitor.<PopulateSplitIncludeCollectionAsync>g__InitializeReaderAsync|27_0[TIncludingEntity,TIncludedEntity](RelationalQueryContext queryContext, RelationalCommandResolver relationalCommandResolver, IReadOnlyList`1 readerColumns, Boolean detailedErrorsEnabled, CancellationToken cancellationToken)
         at Microsoft.EntityFrameworkCore.SqlServer.Storage.Internal.SqlServerExecutionStrategy.ExecuteAsync[TState,TResult](TState state, Func`4 operation, Func`4 verifySucceeded, CancellationToken cancellationToken)
         at Microsoft.EntityFrameworkCore.Query.RelationalShapedQueryCompilingExpressionVisitor.ShaperProcessingExpressionVisitor.PopulateSplitIncludeCollectionAsync[TIncludingEntity,TIncludedEntity](Int32 collectionId, RelationalQueryContext queryContext, IExecutionStrategy executionStrategy, RelationalCommandResolver relationalCommandResolver, IReadOnlyList`1 readerColumns, Boolean detailedErrorsEnabled, SplitQueryResultCoordinator resultCoordinator, Func`3 childIdentifier, IReadOnlyList`1 identifierValueComparers, Func`5 innerShaper, Func`4 relatedDataLoaders, INavigationBase inverseNavigation, Action`2 fixup, Boolean trackingQuery)
         at Microsoft.EntityFrameworkCore.Query.RelationalShapedQueryCompilingExpressionVisitor.ShaperProcessingExpressionVisitor.TaskAwaiter(Func`1[] taskFactories)
         at Microsoft.EntityFrameworkCore.Query.Internal.SplitQueryingEnumerable`1.AsyncEnumerator.MoveNextAsync()
      ClientConnectionId:8dc38f7a-1540-4184-a7d8-7d911e1eedad
      Error Number:208,State:1,Class:16
dbug: Microsoft.EntityFrameworkCore.Database.Connection[20002]
      Closing connection to database 'EduConnectDb' on server 'localhost\SQLEXPRESS'.
dbug: Microsoft.EntityFrameworkCore.Database.Connection[20003]
      Closed connection to database 'EduConnectDb' on server 'localhost\SQLEXPRESS' (0ms).
info: Microsoft.AspNetCore.Mvc.Infrastructure.ControllerActionInvoker[105]
      Executed action EduConnect.Api.Controllers.PostsController.GetAll (EduConnect.Api) in 7.7241ms
info: Microsoft.AspNetCore.Routing.EndpointMiddleware[1]
      Executed endpoint 'EduConnect.Api.Controllers.PostsController.GetAll (EduConnect.Api)'
fail: EduConnect.Api.Middleware.GlobalExceptionHandler[0]
      Unhandled exception occurred while processing the request.
      Microsoft.Data.SqlClient.SqlException (0x80131904): Invalid object name 'PostBookmarks'.
         at System.Threading.Tasks.ContinuationResultTaskFromResultTask`2.InnerInvoke()
         at System.Threading.ExecutionContext.RunInternal(ExecutionContext executionContext, ContextCallback callback, Object state)
      --- End of stack trace from previous location ---
         at System.Threading.ExecutionContext.RunInternal(ExecutionContext executionContext, ContextCallback callback, Object state)
         at System.Threading.Tasks.Task.ExecuteWithThreadLocal(Task& currentTaskSlot, Thread threadPoolThread)
      --- End of stack trace from previous location ---
         at Microsoft.EntityFrameworkCore.Storage.RelationalCommand.ExecuteReaderAsync(RelationalCommandParameterObject parameterObject, CancellationToken cancellationToken)
         at Microsoft.EntityFrameworkCore.Storage.RelationalCommand.ExecuteReaderAsync(RelationalCommandParameterObject parameterObject, CancellationToken cancellationToken)
         at Microsoft.EntityFrameworkCore.Query.RelationalShapedQueryCompilingExpressionVisitor.ShaperProcessingExpressionVisitor.<PopulateSplitIncludeCollectionAsync>g__InitializeReaderAsync|27_0[TIncludingEntity,TIncludedEntity](RelationalQueryContext queryContext, RelationalCommandResolver relationalCommandResolver, IReadOnlyList`1 readerColumns, Boolean detailedErrorsEnabled, CancellationToken cancellationToken)
         at Microsoft.EntityFrameworkCore.SqlServer.Storage.Internal.SqlServerExecutionStrategy.ExecuteAsync[TState,TResult](TState state, Func`4 operation, Func`4 verifySucceeded, CancellationToken cancellationToken)
         at Microsoft.EntityFrameworkCore.Query.RelationalShapedQueryCompilingExpressionVisitor.ShaperProcessingExpressionVisitor.PopulateSplitIncludeCollectionAsync[TIncludingEntity,TIncludedEntity](Int32 collectionId, RelationalQueryContext queryContext, IExecutionStrategy executionStrategy, RelationalCommandResolver relationalCommandResolver, IReadOnlyList`1 readerColumns, Boolean detailedErrorsEnabled, SplitQueryResultCoordinator resultCoordinator, Func`3 childIdentifier, IReadOnlyList`1 identifierValueComparers, Func`5 innerShaper, Func`4 relatedDataLoaders, INavigationBase inverseNavigation, Action`2 fixup, Boolean trackingQuery)
         at Microsoft.EntityFrameworkCore.Query.RelationalShapedQueryCompilingExpressionVisitor.ShaperProcessingExpressionVisitor.TaskAwaiter(Func`1[] taskFactories)
         at Microsoft.EntityFrameworkCore.Query.Internal.SplitQueryingEnumerable`1.AsyncEnumerator.MoveNextAsync()
         at Microsoft.EntityFrameworkCore.EntityFrameworkQueryableExtensions.ToListAsync[TSource](IQueryable`1 source, CancellationToken cancellationToken)
         at Microsoft.EntityFrameworkCore.EntityFrameworkQueryableExtensions.ToListAsync[TSource](IQueryable`1 source, CancellationToken cancellationToken)
         at EduConnect.Api.Controllers.PostsController.GetAll(Int32 page, Int32 pageSize, CancellationToken cancellationToken) in C:\Users\FIRAT\Desktop\Tubitak-Tez\backend\src\EduConnect.Api\Controllers\PostsController.cs:line 34
         at lambda_method50(Closure, Object)
         at Microsoft.AspNetCore.Mvc.Infrastructure.ActionMethodExecutor.AwaitableObjectResultExecutor.Execute(ActionContext actionContext, IActionResultTypeMapper mapper, ObjectMethodExecutor executor, Object controller, Object[] arguments)
         at Microsoft.AspNetCore.Mvc.Infrastructure.ControllerActionInvoker.<InvokeActionMethodAsync>g__Awaited|12_0(ControllerActionInvoker invoker, ValueTask`1 actionResultValueTask)
         at Microsoft.AspNetCore.Mvc.Infrastructure.ControllerActionInvoker.<InvokeNextActionFilterAsync>g__Awaited|10_0(ControllerActionInvoker invoker, Task lastTask, State next, Scope scope, Object state, Boolean isCompleted)
         at Microsoft.AspNetCore.Mvc.Infrastructure.ControllerActionInvoker.Rethrow(ActionExecutedContextSealed context)
         at Microsoft.AspNetCore.Mvc.Infrastructure.ControllerActionInvoker.Next(State& next, Scope& scope, Object& state, Boolean& isCompleted)
         at Microsoft.AspNetCore.Mvc.Infrastructure.ControllerActionInvoker.<InvokeInnerFilterAsync>g__Awaited|13_0(ControllerActionInvoker invoker, Task lastTask, State next, Scope scope, Object state, Boolean isCompleted)
         at Microsoft.AspNetCore.Mvc.Infrastructure.ResourceInvoker.<InvokeFilterPipelineAsync>g__Awaited|20_0(ResourceInvoker invoker, Task lastTask, State next, Scope scope, Object state, Boolean isCompleted)
         at Microsoft.AspNetCore.Mvc.Infrastructure.ResourceInvoker.<InvokeAsync>g__Logged|17_1(ResourceInvoker invoker)
         at Microsoft.AspNetCore.Mvc.Infrastructure.ResourceInvoker.<InvokeAsync>g__Logged|17_1(ResourceInvoker invoker)
         at Microsoft.AspNetCore.Routing.EndpointMiddleware.<Invoke>g__AwaitRequestTask|7_0(Endpoint endpoint, Task requestTask, ILogger logger)
         at Microsoft.AspNetCore.Authorization.AuthorizationMiddleware.Invoke(HttpContext context)
         at Microsoft.AspNetCore.Authentication.AuthenticationMiddleware.Invoke(HttpContext context)
         at Swashbuckle.AspNetCore.SwaggerUI.SwaggerUIMiddleware.Invoke(HttpContext httpContext)
         at Swashbuckle.AspNetCore.Swagger.SwaggerMiddleware.Invoke(HttpContext httpContext, ISwaggerProvider swaggerProvider)
         at Microsoft.AspNetCore.Diagnostics.ExceptionHandlerMiddlewareImpl.<Invoke>g__Awaited|10_0(ExceptionHandlerMiddlewareImpl middleware, HttpContext context, Task task)
      ClientConnectionId:8dc38f7a-1540-4184-a7d8-7d911e1eedad
      Error Number:208,State:1,Class:16
dbug: Microsoft.EntityFrameworkCore.Infrastructure[10407]
      'AppDbContext' disposed.
dbug: Microsoft.EntityFrameworkCore.Database.Connection[20007]
      Disposing connection to database 'EduConnectDb' on server 'localhost\SQLEXPRESS'.
dbug: Microsoft.EntityFrameworkCore.Database.Connection[20008]
      Disposed connection to database '' on server '' (0ms).
info: Microsoft.AspNetCore.Hosting.Diagnostics[2]
      Request finished HTTP/1.1 GET http://localhost:5160/api/posts?page=1&pageSize=10 - 500 - application/json;+charset=utf-8 11.6526ms
info: Microsoft.AspNetCore.Hosting.Diagnostics[1]
      Request starting HTTP/1.1 GET http://localhost:5160/api/posts?page=1&pageSize=10 - - -
info: Microsoft.AspNetCore.Cors.Infrastructure.CorsService[4]
      CORS policy execution successful.
info: Microsoft.AspNetCore.Routing.EndpointMiddleware[0]
      Executing endpoint 'EduConnect.Api.Controllers.PostsController.GetAll (EduConnect.Api)'
info: Microsoft.AspNetCore.Mvc.Infrastructure.ControllerActionInvoker[102]
      Route matched with {action = "GetAll", controller = "Posts"}. Executing controller action with signature System.Threading.Tasks.Task`1[Microsoft.AspNetCore.Mvc.ActionResult`1[EduConnect.Application.Contracts.Common.PagedResponse`1[EduConnect.Application.Contracts.Posts.PostResponse]]] GetAll(Int32, Int32, System.Threading.CancellationToken) on controller EduConnect.Api.Controllers.PostsController (EduConnect.Api).
dbug: Microsoft.EntityFrameworkCore.Infrastructure[10403]
      Entity Framework Core 10.0.5 initialized 'AppDbContext' using provider 'Microsoft.EntityFrameworkCore.SqlServer:10.0.5' with options: MigrationsAssembly=EduConnect.Infrastructure, Version=1.0.0.0, Culture=neutral, PublicKeyToken=null EngineType=SqlServer 
dbug: Microsoft.EntityFrameworkCore.Database.Connection[20005]
      Creating DbConnection.
dbug: Microsoft.EntityFrameworkCore.Database.Connection[20006]
      Created DbConnection. (0ms).
dbug: Microsoft.EntityFrameworkCore.Database.Connection[20000]
      Opening connection to database 'EduConnectDb' on server 'localhost\SQLEXPRESS'.
dbug: Microsoft.EntityFrameworkCore.Database.Connection[20001]
      Opened connection to database 'EduConnectDb' on server 'localhost\SQLEXPRESS'.
dbug: Microsoft.EntityFrameworkCore.Database.Connection[20002]
      Closing connection to database 'EduConnectDb' on server 'localhost\SQLEXPRESS'.
dbug: Microsoft.EntityFrameworkCore.Database.Connection[20003]
      Closed connection to database 'EduConnectDb' on server 'localhost\SQLEXPRESS' (0ms).
dbug: Microsoft.EntityFrameworkCore.Database.Connection[20000]
      Opening connection to database 'EduConnectDb' on server 'localhost\SQLEXPRESS'.
dbug: Microsoft.EntityFrameworkCore.Database.Connection[20001]
      Opened connection to database 'EduConnectDb' on server 'localhost\SQLEXPRESS'.
fail: Microsoft.EntityFrameworkCore.Database.Command[20102]
      Failed executing DbCommand (1ms) [Parameters=[@p='?' (DbType = Int32), @p1='?' (DbType = Int32)], CommandType='Text', CommandTimeout='30']
      SELECT [p3].[Id], [p3].[CreatedAtUtc], [p3].[PostId], [p3].[UpdatedAtUtc], [p3].[UserId], [p0].[Id], [u].[Id], [s].[Id], [g].[Id]
      FROM (
          SELECT [p].[Id], [p].[CreatedAtUtc], [p].[GroupId], [p].[UserId]
          FROM [Posts] AS [p]
          WHERE [p].[IsDeleted] = CAST(0 AS bit)
          ORDER BY [p].[CreatedAtUtc] DESC
          OFFSET @p ROWS FETCH NEXT @p1 ROWS ONLY
      ) AS [p0]
      INNER JOIN [Users] AS [u] ON [p0].[UserId] = [u].[Id]
      LEFT JOIN [StudentProfiles] AS [s] ON [u].[Id] = [s].[UserId]
      LEFT JOIN [Groups] AS [g] ON [p0].[GroupId] = [g].[Id]
      INNER JOIN [PostBookmarks] AS [p3] ON [p0].[Id] = [p3].[PostId]
      ORDER BY [p0].[CreatedAtUtc] DESC, [p0].[Id], [u].[Id], [s].[Id], [g].[Id]
fail: Microsoft.EntityFrameworkCore.Query[10100]
      An exception occurred while iterating over the results of a query for context type 'EduConnect.Infrastructure.Data.AppDbContext'.
      Microsoft.Data.SqlClient.SqlException (0x80131904): Invalid object name 'PostBookmarks'.
         at System.Threading.Tasks.ContinuationResultTaskFromResultTask`2.InnerInvoke()
         at System.Threading.ExecutionContext.RunInternal(ExecutionContext executionContext, ContextCallback callback, Object state)
      --- End of stack trace from previous location ---
         at System.Threading.ExecutionContext.RunInternal(ExecutionContext executionContext, ContextCallback callback, Object state)
         at System.Threading.Tasks.Task.ExecuteWithThreadLocal(Task& currentTaskSlot, Thread threadPoolThread)
      --- End of stack trace from previous location ---
         at Microsoft.EntityFrameworkCore.Storage.RelationalCommand.ExecuteReaderAsync(RelationalCommandParameterObject parameterObject, CancellationToken cancellationToken)
         at Microsoft.EntityFrameworkCore.Storage.RelationalCommand.ExecuteReaderAsync(RelationalCommandParameterObject parameterObject, CancellationToken cancellationToken)
         at Microsoft.EntityFrameworkCore.Query.RelationalShapedQueryCompilingExpressionVisitor.ShaperProcessingExpressionVisitor.<PopulateSplitIncludeCollectionAsync>g__InitializeReaderAsync|27_0[TIncludingEntity,TIncludedEntity](RelationalQueryContext queryContext, RelationalCommandResolver relationalCommandResolver, IReadOnlyList`1 readerColumns, Boolean detailedErrorsEnabled, CancellationToken cancellationToken)
         at Microsoft.EntityFrameworkCore.SqlServer.Storage.Internal.SqlServerExecutionStrategy.ExecuteAsync[TState,TResult](TState state, Func`4 operation, Func`4 verifySucceeded, CancellationToken cancellationToken)
         at Microsoft.EntityFrameworkCore.Query.RelationalShapedQueryCompilingExpressionVisitor.ShaperProcessingExpressionVisitor.PopulateSplitIncludeCollectionAsync[TIncludingEntity,TIncludedEntity](Int32 collectionId, RelationalQueryContext queryContext, IExecutionStrategy executionStrategy, RelationalCommandResolver relationalCommandResolver, IReadOnlyList`1 readerColumns, Boolean detailedErrorsEnabled, SplitQueryResultCoordinator resultCoordinator, Func`3 childIdentifier, IReadOnlyList`1 identifierValueComparers, Func`5 innerShaper, Func`4 relatedDataLoaders, INavigationBase inverseNavigation, Action`2 fixup, Boolean trackingQuery)
         at Microsoft.EntityFrameworkCore.Query.RelationalShapedQueryCompilingExpressionVisitor.ShaperProcessingExpressionVisitor.TaskAwaiter(Func`1[] taskFactories)
         at Microsoft.EntityFrameworkCore.Query.Internal.SplitQueryingEnumerable`1.AsyncEnumerator.MoveNextAsync()
      ClientConnectionId:8dc38f7a-1540-4184-a7d8-7d911e1eedad
      Error Number:208,State:1,Class:16
      Microsoft.Data.SqlClient.SqlException (0x80131904): Invalid object name 'PostBookmarks'.
         at System.Threading.Tasks.ContinuationResultTaskFromResultTask`2.InnerInvoke()
         at System.Threading.ExecutionContext.RunInternal(ExecutionContext executionContext, ContextCallback callback, Object state)
      --- End of stack trace from previous location ---
         at System.Threading.ExecutionContext.RunInternal(ExecutionContext executionContext, ContextCallback callback, Object state)
         at System.Threading.Tasks.Task.ExecuteWithThreadLocal(Task& currentTaskSlot, Thread threadPoolThread)
      --- End of stack trace from previous location ---
         at Microsoft.EntityFrameworkCore.Storage.RelationalCommand.ExecuteReaderAsync(RelationalCommandParameterObject parameterObject, CancellationToken cancellationToken)
         at Microsoft.EntityFrameworkCore.Storage.RelationalCommand.ExecuteReaderAsync(RelationalCommandParameterObject parameterObject, CancellationToken cancellationToken)
         at Microsoft.EntityFrameworkCore.Query.RelationalShapedQueryCompilingExpressionVisitor.ShaperProcessingExpressionVisitor.<PopulateSplitIncludeCollectionAsync>g__InitializeReaderAsync|27_0[TIncludingEntity,TIncludedEntity](RelationalQueryContext queryContext, RelationalCommandResolver relationalCommandResolver, IReadOnlyList`1 readerColumns, Boolean detailedErrorsEnabled, CancellationToken cancellationToken)
         at Microsoft.EntityFrameworkCore.SqlServer.Storage.Internal.SqlServerExecutionStrategy.ExecuteAsync[TState,TResult](TState state, Func`4 operation, Func`4 verifySucceeded, CancellationToken cancellationToken)
         at Microsoft.EntityFrameworkCore.Query.RelationalShapedQueryCompilingExpressionVisitor.ShaperProcessingExpressionVisitor.PopulateSplitIncludeCollectionAsync[TIncludingEntity,TIncludedEntity](Int32 collectionId, RelationalQueryContext queryContext, IExecutionStrategy executionStrategy, RelationalCommandResolver relationalCommandResolver, IReadOnlyList`1 readerColumns, Boolean detailedErrorsEnabled, SplitQueryResultCoordinator resultCoordinator, Func`3 childIdentifier, IReadOnlyList`1 identifierValueComparers, Func`5 innerShaper, Func`4 relatedDataLoaders, INavigationBase inverseNavigation, Action`2 fixup, Boolean trackingQuery)
         at Microsoft.EntityFrameworkCore.Query.RelationalShapedQueryCompilingExpressionVisitor.ShaperProcessingExpressionVisitor.TaskAwaiter(Func`1[] taskFactories)
         at Microsoft.EntityFrameworkCore.Query.Internal.SplitQueryingEnumerable`1.AsyncEnumerator.MoveNextAsync()
      ClientConnectionId:8dc38f7a-1540-4184-a7d8-7d911e1eedad
      Error Number:208,State:1,Class:16
dbug: Microsoft.EntityFrameworkCore.Database.Connection[20002]
      Closing connection to database 'EduConnectDb' on server 'localhost\SQLEXPRESS'.
dbug: Microsoft.EntityFrameworkCore.Database.Connection[20003]
      Closed connection to database 'EduConnectDb' on server 'localhost\SQLEXPRESS' (0ms).
info: Microsoft.AspNetCore.Mvc.Infrastructure.ControllerActionInvoker[105]
      Executed action EduConnect.Api.Controllers.PostsController.GetAll (EduConnect.Api) in 10.8941ms
info: Microsoft.AspNetCore.Routing.EndpointMiddleware[1]
      Executed endpoint 'EduConnect.Api.Controllers.PostsController.GetAll (EduConnect.Api)'
fail: EduConnect.Api.Middleware.GlobalExceptionHandler[0]
      Unhandled exception occurred while processing the request.
      Microsoft.Data.SqlClient.SqlException (0x80131904): Invalid object name 'PostBookmarks'.
         at System.Threading.Tasks.ContinuationResultTaskFromResultTask`2.InnerInvoke()
         at System.Threading.ExecutionContext.RunInternal(ExecutionContext executionContext, ContextCallback callback, Object state)
      --- End of stack trace from previous location ---
         at System.Threading.ExecutionContext.RunInternal(ExecutionContext executionContext, ContextCallback callback, Object state)
         at System.Threading.Tasks.Task.ExecuteWithThreadLocal(Task& currentTaskSlot, Thread threadPoolThread)
      --- End of stack trace from previous location ---
         at Microsoft.EntityFrameworkCore.Storage.RelationalCommand.ExecuteReaderAsync(RelationalCommandParameterObject parameterObject, CancellationToken cancellationToken)
         at Microsoft.EntityFrameworkCore.Storage.RelationalCommand.ExecuteReaderAsync(RelationalCommandParameterObject parameterObject, CancellationToken cancellationToken)
         at Microsoft.EntityFrameworkCore.Query.RelationalShapedQueryCompilingExpressionVisitor.ShaperProcessingExpressionVisitor.<PopulateSplitIncludeCollectionAsync>g__InitializeReaderAsync|27_0[TIncludingEntity,TIncludedEntity](RelationalQueryContext queryContext, RelationalCommandResolver relationalCommandResolver, IReadOnlyList`1 readerColumns, Boolean detailedErrorsEnabled, CancellationToken cancellationToken)
         at Microsoft.EntityFrameworkCore.SqlServer.Storage.Internal.SqlServerExecutionStrategy.ExecuteAsync[TState,TResult](TState state, Func`4 operation, Func`4 verifySucceeded, CancellationToken cancellationToken)
         at Microsoft.EntityFrameworkCore.Query.RelationalShapedQueryCompilingExpressionVisitor.ShaperProcessingExpressionVisitor.PopulateSplitIncludeCollectionAsync[TIncludingEntity,TIncludedEntity](Int32 collectionId, RelationalQueryContext queryContext, IExecutionStrategy executionStrategy, RelationalCommandResolver relationalCommandResolver, IReadOnlyList`1 readerColumns, Boolean detailedErrorsEnabled, SplitQueryResultCoordinator resultCoordinator, Func`3 childIdentifier, IReadOnlyList`1 identifierValueComparers, Func`5 innerShaper, Func`4 relatedDataLoaders, INavigationBase inverseNavigation, Action`2 fixup, Boolean trackingQuery)
         at Microsoft.EntityFrameworkCore.Query.RelationalShapedQueryCompilingExpressionVisitor.ShaperProcessingExpressionVisitor.TaskAwaiter(Func`1[] taskFactories)
         at Microsoft.EntityFrameworkCore.Query.Internal.SplitQueryingEnumerable`1.AsyncEnumerator.MoveNextAsync()
         at Microsoft.EntityFrameworkCore.EntityFrameworkQueryableExtensions.ToListAsync[TSource](IQueryable`1 source, CancellationToken cancellationToken)
         at Microsoft.EntityFrameworkCore.EntityFrameworkQueryableExtensions.ToListAsync[TSource](IQueryable`1 source, CancellationToken cancellationToken)
         at EduConnect.Api.Controllers.PostsController.GetAll(Int32 page, Int32 pageSize, CancellationToken cancellationToken) in C:\Users\FIRAT\Desktop\Tubitak-Tez\backend\src\EduConnect.Api\Controllers\PostsController.cs:line 34
         at lambda_method50(Closure, Object)
         at Microsoft.AspNetCore.Mvc.Infrastructure.ActionMethodExecutor.AwaitableObjectResultExecutor.Execute(ActionContext actionContext, IActionResultTypeMapper mapper, ObjectMethodExecutor executor, Object controller, Object[] arguments)
         at Microsoft.AspNetCore.Mvc.Infrastructure.ControllerActionInvoker.<InvokeActionMethodAsync>g__Awaited|12_0(ControllerActionInvoker invoker, ValueTask`1 actionResultValueTask)
         at Microsoft.AspNetCore.Mvc.Infrastructure.ControllerActionInvoker.<InvokeNextActionFilterAsync>g__Awaited|10_0(ControllerActionInvoker invoker, Task lastTask, State next, Scope scope, Object state, Boolean isCompleted)
         at Microsoft.AspNetCore.Mvc.Infrastructure.ControllerActionInvoker.Rethrow(ActionExecutedContextSealed context)
         at Microsoft.AspNetCore.Mvc.Infrastructure.ControllerActionInvoker.Next(State& next, Scope& scope, Object& state, Boolean& isCompleted)
         at Microsoft.AspNetCore.Mvc.Infrastructure.ControllerActionInvoker.<InvokeInnerFilterAsync>g__Awaited|13_0(ControllerActionInvoker invoker, Task lastTask, State next, Scope scope, Object state, Boolean isCompleted)
         at Microsoft.AspNetCore.Mvc.Infrastructure.ResourceInvoker.<InvokeFilterPipelineAsync>g__Awaited|20_0(ResourceInvoker invoker, Task lastTask, State next, Scope scope, Object state, Boolean isCompleted)
         at Microsoft.AspNetCore.Mvc.Infrastructure.ResourceInvoker.<InvokeAsync>g__Logged|17_1(ResourceInvoker invoker)
         at Microsoft.AspNetCore.Mvc.Infrastructure.ResourceInvoker.<InvokeAsync>g__Logged|17_1(ResourceInvoker invoker)
         at Microsoft.AspNetCore.Routing.EndpointMiddleware.<Invoke>g__AwaitRequestTask|7_0(Endpoint endpoint, Task requestTask, ILogger logger)
         at Microsoft.AspNetCore.Authorization.AuthorizationMiddleware.Invoke(HttpContext context)
         at Microsoft.AspNetCore.Authentication.AuthenticationMiddleware.Invoke(HttpContext context)
         at Swashbuckle.AspNetCore.SwaggerUI.SwaggerUIMiddleware.Invoke(HttpContext httpContext)
         at Swashbuckle.AspNetCore.Swagger.SwaggerMiddleware.Invoke(HttpContext httpContext, ISwaggerProvider swaggerProvider)
         at Microsoft.AspNetCore.Diagnostics.ExceptionHandlerMiddlewareImpl.<Invoke>g__Awaited|10_0(ExceptionHandlerMiddlewareImpl middleware, HttpContext context, Task task)
      ClientConnectionId:8dc38f7a-1540-4184-a7d8-7d911e1eedad
      Error Number:208,State:1,Class:16
dbug: Microsoft.EntityFrameworkCore.Infrastructure[10407]
      'AppDbContext' disposed.
dbug: Microsoft.EntityFrameworkCore.Database.Connection[20007]
      Disposing connection to database 'EduConnectDb' on server 'localhost\SQLEXPRESS'.
dbug: Microsoft.EntityFrameworkCore.Database.Connection[20008]
      Disposed connection to database '' on server '' (0ms).
info: Microsoft.AspNetCore.Hosting.Diagnostics[2]
      Request finished HTTP/1.1 GET http://localhost:5160/api/posts?page=1&pageSize=10 - 500 - application/json;+charset=utf-8 14.6321ms
info: Microsoft.AspNetCore.Hosting.Diagnostics[1]
      Request starting HTTP/1.1 GET http://localhost:5160/api/posts?page=1&pageSize=10 - - -
info: Microsoft.AspNetCore.Cors.Infrastructure.CorsService[4]
      CORS policy execution successful.
info: Microsoft.AspNetCore.Routing.EndpointMiddleware[0]
      Executing endpoint 'EduConnect.Api.Controllers.PostsController.GetAll (EduConnect.Api)'
info: Microsoft.AspNetCore.Mvc.Infrastructure.ControllerActionInvoker[102]
      Route matched with {action = "GetAll", controller = "Posts"}. Executing controller action with signature System.Threading.Tasks.Task`1[Microsoft.AspNetCore.Mvc.ActionResult`1[EduConnect.Application.Contracts.Common.PagedResponse`1[EduConnect.Application.Contracts.Posts.PostResponse]]] GetAll(Int32, Int32, System.Threading.CancellationToken) on controller EduConnect.Api.Controllers.PostsController (EduConnect.Api).
dbug: Microsoft.EntityFrameworkCore.Infrastructure[10403]
      Entity Framework Core 10.0.5 initialized 'AppDbContext' using provider 'Microsoft.EntityFrameworkCore.SqlServer:10.0.5' with options: MigrationsAssembly=EduConnect.Infrastructure, Version=1.0.0.0, Culture=neutral, PublicKeyToken=null EngineType=SqlServer 
dbug: Microsoft.EntityFrameworkCore.Database.Connection[20005]
      Creating DbConnection.
dbug: Microsoft.EntityFrameworkCore.Database.Connection[20006]
      Created DbConnection. (0ms).
dbug: Microsoft.EntityFrameworkCore.Database.Connection[20000]
      Opening connection to database 'EduConnectDb' on server 'localhost\SQLEXPRESS'.
dbug: Microsoft.EntityFrameworkCore.Database.Connection[20001]
      Opened connection to database 'EduConnectDb' on server 'localhost\SQLEXPRESS'.
dbug: Microsoft.EntityFrameworkCore.Database.Connection[20002]
      Closing connection to database 'EduConnectDb' on server 'localhost\SQLEXPRESS'.
dbug: Microsoft.EntityFrameworkCore.Database.Connection[20003]
      Closed connection to database 'EduConnectDb' on server 'localhost\SQLEXPRESS' (0ms).
dbug: Microsoft.EntityFrameworkCore.Database.Connection[20000]
      Opening connection to database 'EduConnectDb' on server 'localhost\SQLEXPRESS'.
dbug: Microsoft.EntityFrameworkCore.Database.Connection[20001]
      Opened connection to database 'EduConnectDb' on server 'localhost\SQLEXPRESS'.
fail: Microsoft.EntityFrameworkCore.Database.Command[20102]
      Failed executing DbCommand (1ms) [Parameters=[@p='?' (DbType = Int32), @p1='?' (DbType = Int32)], CommandType='Text', CommandTimeout='30']
      SELECT [p3].[Id], [p3].[CreatedAtUtc], [p3].[PostId], [p3].[UpdatedAtUtc], [p3].[UserId], [p0].[Id], [u].[Id], [s].[Id], [g].[Id]
      FROM (
          SELECT [p].[Id], [p].[CreatedAtUtc], [p].[GroupId], [p].[UserId]
          FROM [Posts] AS [p]
          WHERE [p].[IsDeleted] = CAST(0 AS bit)
          ORDER BY [p].[CreatedAtUtc] DESC
          OFFSET @p ROWS FETCH NEXT @p1 ROWS ONLY
      ) AS [p0]
      INNER JOIN [Users] AS [u] ON [p0].[UserId] = [u].[Id]
      LEFT JOIN [StudentProfiles] AS [s] ON [u].[Id] = [s].[UserId]
      LEFT JOIN [Groups] AS [g] ON [p0].[GroupId] = [g].[Id]
      INNER JOIN [PostBookmarks] AS [p3] ON [p0].[Id] = [p3].[PostId]
      ORDER BY [p0].[CreatedAtUtc] DESC, [p0].[Id], [u].[Id], [s].[Id], [g].[Id]
fail: Microsoft.EntityFrameworkCore.Query[10100]
      An exception occurred while iterating over the results of a query for context type 'EduConnect.Infrastructure.Data.AppDbContext'.
      Microsoft.Data.SqlClient.SqlException (0x80131904): Invalid object name 'PostBookmarks'.
         at System.Threading.Tasks.ContinuationResultTaskFromResultTask`2.InnerInvoke()
         at System.Threading.ExecutionContext.RunInternal(ExecutionContext executionContext, ContextCallback callback, Object state)
      --- End of stack trace from previous location ---
         at System.Threading.ExecutionContext.RunInternal(ExecutionContext executionContext, ContextCallback callback, Object state)
         at System.Threading.Tasks.Task.ExecuteWithThreadLocal(Task& currentTaskSlot, Thread threadPoolThread)
      --- End of stack trace from previous location ---
         at Microsoft.EntityFrameworkCore.Storage.RelationalCommand.ExecuteReaderAsync(RelationalCommandParameterObject parameterObject, CancellationToken cancellationToken)
         at Microsoft.EntityFrameworkCore.Storage.RelationalCommand.ExecuteReaderAsync(RelationalCommandParameterObject parameterObject, CancellationToken cancellationToken)
         at Microsoft.EntityFrameworkCore.Query.RelationalShapedQueryCompilingExpressionVisitor.ShaperProcessingExpressionVisitor.<PopulateSplitIncludeCollectionAsync>g__InitializeReaderAsync|27_0[TIncludingEntity,TIncludedEntity](RelationalQueryContext queryContext, RelationalCommandResolver relationalCommandResolver, IReadOnlyList`1 readerColumns, Boolean detailedErrorsEnabled, CancellationToken cancellationToken)
         at Microsoft.EntityFrameworkCore.SqlServer.Storage.Internal.SqlServerExecutionStrategy.ExecuteAsync[TState,TResult](TState state, Func`4 operation, Func`4 verifySucceeded, CancellationToken cancellationToken)
         at Microsoft.EntityFrameworkCore.Query.RelationalShapedQueryCompilingExpressionVisitor.ShaperProcessingExpressionVisitor.PopulateSplitIncludeCollectionAsync[TIncludingEntity,TIncludedEntity](Int32 collectionId, RelationalQueryContext queryContext, IExecutionStrategy executionStrategy, RelationalCommandResolver relationalCommandResolver, IReadOnlyList`1 readerColumns, Boolean detailedErrorsEnabled, SplitQueryResultCoordinator resultCoordinator, Func`3 childIdentifier, IReadOnlyList`1 identifierValueComparers, Func`5 innerShaper, Func`4 relatedDataLoaders, INavigationBase inverseNavigation, Action`2 fixup, Boolean trackingQuery)
         at Microsoft.EntityFrameworkCore.Query.RelationalShapedQueryCompilingExpressionVisitor.ShaperProcessingExpressionVisitor.TaskAwaiter(Func`1[] taskFactories)
         at Microsoft.EntityFrameworkCore.Query.Internal.SplitQueryingEnumerable`1.AsyncEnumerator.MoveNextAsync()
      ClientConnectionId:8dc38f7a-1540-4184-a7d8-7d911e1eedad
      Error Number:208,State:1,Class:16
      Microsoft.Data.SqlClient.SqlException (0x80131904): Invalid object name 'PostBookmarks'.
         at System.Threading.Tasks.ContinuationResultTaskFromResultTask`2.InnerInvoke()
         at System.Threading.ExecutionContext.RunInternal(ExecutionContext executionContext, ContextCallback callback, Object state)
      --- End of stack trace from previous location ---
         at System.Threading.ExecutionContext.RunInternal(ExecutionContext executionContext, ContextCallback callback, Object state)
         at System.Threading.Tasks.Task.ExecuteWithThreadLocal(Task& currentTaskSlot, Thread threadPoolThread)
      --- End of stack trace from previous location ---
         at Microsoft.EntityFrameworkCore.Storage.RelationalCommand.ExecuteReaderAsync(RelationalCommandParameterObject parameterObject, CancellationToken cancellationToken)
         at Microsoft.EntityFrameworkCore.Storage.RelationalCommand.ExecuteReaderAsync(RelationalCommandParameterObject parameterObject, CancellationToken cancellationToken)
         at Microsoft.EntityFrameworkCore.Query.RelationalShapedQueryCompilingExpressionVisitor.ShaperProcessingExpressionVisitor.<PopulateSplitIncludeCollectionAsync>g__InitializeReaderAsync|27_0[TIncludingEntity,TIncludedEntity](RelationalQueryContext queryContext, RelationalCommandResolver relationalCommandResolver, IReadOnlyList`1 readerColumns, Boolean detailedErrorsEnabled, CancellationToken cancellationToken)
         at Microsoft.EntityFrameworkCore.SqlServer.Storage.Internal.SqlServerExecutionStrategy.ExecuteAsync[TState,TResult](TState state, Func`4 operation, Func`4 verifySucceeded, CancellationToken cancellationToken)
         at Microsoft.EntityFrameworkCore.Query.RelationalShapedQueryCompilingExpressionVisitor.ShaperProcessingExpressionVisitor.PopulateSplitIncludeCollectionAsync[TIncludingEntity,TIncludedEntity](Int32 collectionId, RelationalQueryContext queryContext, IExecutionStrategy executionStrategy, RelationalCommandResolver relationalCommandResolver, IReadOnlyList`1 readerColumns, Boolean detailedErrorsEnabled, SplitQueryResultCoordinator resultCoordinator, Func`3 childIdentifier, IReadOnlyList`1 identifierValueComparers, Func`5 innerShaper, Func`4 relatedDataLoaders, INavigationBase inverseNavigation, Action`2 fixup, Boolean trackingQuery)
         at Microsoft.EntityFrameworkCore.Query.RelationalShapedQueryCompilingExpressionVisitor.ShaperProcessingExpressionVisitor.TaskAwaiter(Func`1[] taskFactories)
         at Microsoft.EntityFrameworkCore.Query.Internal.SplitQueryingEnumerable`1.AsyncEnumerator.MoveNextAsync()
      ClientConnectionId:8dc38f7a-1540-4184-a7d8-7d911e1eedad
      Error Number:208,State:1,Class:16
dbug: Microsoft.EntityFrameworkCore.Database.Connection[20002]
      Closing connection to database 'EduConnectDb' on server 'localhost\SQLEXPRESS'.
dbug: Microsoft.EntityFrameworkCore.Database.Connection[20003]
      Closed connection to database 'EduConnectDb' on server 'localhost\SQLEXPRESS' (0ms).
info: Microsoft.AspNetCore.Mvc.Infrastructure.ControllerActionInvoker[105]
      Executed action EduConnect.Api.Controllers.PostsController.GetAll (EduConnect.Api) in 16.9149ms
info: Microsoft.AspNetCore.Routing.EndpointMiddleware[1]
      Executed endpoint 'EduConnect.Api.Controllers.PostsController.GetAll (EduConnect.Api)'
fail: EduConnect.Api.Middleware.GlobalExceptionHandler[0]
      Unhandled exception occurred while processing the request.
      Microsoft.Data.SqlClient.SqlException (0x80131904): Invalid object name 'PostBookmarks'.
         at System.Threading.Tasks.ContinuationResultTaskFromResultTask`2.InnerInvoke()
         at System.Threading.ExecutionContext.RunInternal(ExecutionContext executionContext, ContextCallback callback, Object state)
      --- End of stack trace from previous location ---
         at System.Threading.ExecutionContext.RunInternal(ExecutionContext executionContext, ContextCallback callback, Object state)
         at System.Threading.Tasks.Task.ExecuteWithThreadLocal(Task& currentTaskSlot, Thread threadPoolThread)
      --- End of stack trace from previous location ---
         at Microsoft.EntityFrameworkCore.Storage.RelationalCommand.ExecuteReaderAsync(RelationalCommandParameterObject parameterObject, CancellationToken cancellationToken)
         at Microsoft.EntityFrameworkCore.Storage.RelationalCommand.ExecuteReaderAsync(RelationalCommandParameterObject parameterObject, CancellationToken cancellationToken)
         at Microsoft.EntityFrameworkCore.Query.RelationalShapedQueryCompilingExpressionVisitor.ShaperProcessingExpressionVisitor.<PopulateSplitIncludeCollectionAsync>g__InitializeReaderAsync|27_0[TIncludingEntity,TIncludedEntity](RelationalQueryContext queryContext, RelationalCommandResolver relationalCommandResolver, IReadOnlyList`1 readerColumns, Boolean detailedErrorsEnabled, CancellationToken cancellationToken)
         at Microsoft.EntityFrameworkCore.SqlServer.Storage.Internal.SqlServerExecutionStrategy.ExecuteAsync[TState,TResult](TState state, Func`4 operation, Func`4 verifySucceeded, CancellationToken cancellationToken)
         at Microsoft.EntityFrameworkCore.Query.RelationalShapedQueryCompilingExpressionVisitor.ShaperProcessingExpressionVisitor.PopulateSplitIncludeCollectionAsync[TIncludingEntity,TIncludedEntity](Int32 collectionId, RelationalQueryContext queryContext, IExecutionStrategy executionStrategy, RelationalCommandResolver relationalCommandResolver, IReadOnlyList`1 readerColumns, Boolean detailedErrorsEnabled, SplitQueryResultCoordinator resultCoordinator, Func`3 childIdentifier, IReadOnlyList`1 identifierValueComparers, Func`5 innerShaper, Func`4 relatedDataLoaders, INavigationBase inverseNavigation, Action`2 fixup, Boolean trackingQuery)
         at Microsoft.EntityFrameworkCore.Query.RelationalShapedQueryCompilingExpressionVisitor.ShaperProcessingExpressionVisitor.TaskAwaiter(Func`1[] taskFactories)
         at Microsoft.EntityFrameworkCore.Query.Internal.SplitQueryingEnumerable`1.AsyncEnumerator.MoveNextAsync()
         at Microsoft.EntityFrameworkCore.EntityFrameworkQueryableExtensions.ToListAsync[TSource](IQueryable`1 source, CancellationToken cancellationToken)
         at Microsoft.EntityFrameworkCore.EntityFrameworkQueryableExtensions.ToListAsync[TSource](IQueryable`1 source, CancellationToken cancellationToken)
         at EduConnect.Api.Controllers.PostsController.GetAll(Int32 page, Int32 pageSize, CancellationToken cancellationToken) in C:\Users\FIRAT\Desktop\Tubitak-Tez\backend\src\EduConnect.Api\Controllers\PostsController.cs:line 34
         at lambda_method50(Closure, Object)
         at Microsoft.AspNetCore.Mvc.Infrastructure.ActionMethodExecutor.AwaitableObjectResultExecutor.Execute(ActionContext actionContext, IActionResultTypeMapper mapper, ObjectMethodExecutor executor, Object controller, Object[] arguments)
         at Microsoft.AspNetCore.Mvc.Infrastructure.ControllerActionInvoker.<InvokeActionMethodAsync>g__Awaited|12_0(ControllerActionInvoker invoker, ValueTask`1 actionResultValueTask)
         at Microsoft.AspNetCore.Mvc.Infrastructure.ControllerActionInvoker.<InvokeNextActionFilterAsync>g__Awaited|10_0(ControllerActionInvoker invoker, Task lastTask, State next, Scope scope, Object state, Boolean isCompleted)
         at Microsoft.AspNetCore.Mvc.Infrastructure.ControllerActionInvoker.Rethrow(ActionExecutedContextSealed context)
         at Microsoft.AspNetCore.Mvc.Infrastructure.ControllerActionInvoker.Next(State& next, Scope& scope, Object& state, Boolean& isCompleted)
         at Microsoft.AspNetCore.Mvc.Infrastructure.ControllerActionInvoker.<InvokeInnerFilterAsync>g__Awaited|13_0(ControllerActionInvoker invoker, Task lastTask, State next, Scope scope, Object state, Boolean isCompleted)
         at Microsoft.AspNetCore.Mvc.Infrastructure.ResourceInvoker.<InvokeFilterPipelineAsync>g__Awaited|20_0(ResourceInvoker invoker, Task lastTask, State next, Scope scope, Object state, Boolean isCompleted)
         at Microsoft.AspNetCore.Mvc.Infrastructure.ResourceInvoker.<InvokeAsync>g__Logged|17_1(ResourceInvoker invoker)
         at Microsoft.AspNetCore.Mvc.Infrastructure.ResourceInvoker.<InvokeAsync>g__Logged|17_1(ResourceInvoker invoker)
         at Microsoft.AspNetCore.Routing.EndpointMiddleware.<Invoke>g__AwaitRequestTask|7_0(Endpoint endpoint, Task requestTask, ILogger logger)
         at Microsoft.AspNetCore.Authorization.AuthorizationMiddleware.Invoke(HttpContext context)
         at Microsoft.AspNetCore.Authentication.AuthenticationMiddleware.Invoke(HttpContext context)
         at Swashbuckle.AspNetCore.SwaggerUI.SwaggerUIMiddleware.Invoke(HttpContext httpContext)
         at Swashbuckle.AspNetCore.Swagger.SwaggerMiddleware.Invoke(HttpContext httpContext, ISwaggerProvider swaggerProvider)
         at Microsoft.AspNetCore.Diagnostics.ExceptionHandlerMiddlewareImpl.<Invoke>g__Awaited|10_0(ExceptionHandlerMiddlewareImpl middleware, HttpContext context, Task task)
      ClientConnectionId:8dc38f7a-1540-4184-a7d8-7d911e1eedad
      Error Number:208,State:1,Class:16
dbug: Microsoft.EntityFrameworkCore.Infrastructure[10407]
      'AppDbContext' disposed.
dbug: Microsoft.EntityFrameworkCore.Database.Connection[20007]
      Disposing connection to database 'EduConnectDb' on server 'localhost\SQLEXPRESS'.
dbug: Microsoft.EntityFrameworkCore.Database.Connection[20008]
      Disposed connection to database '' on server '' (0ms).
info: Microsoft.AspNetCore.Hosting.Diagnostics[2]
      Request finished HTTP/1.1 GET http://localhost:5160/api/posts?page=1&pageSize=10 - 500 - application/json;+charset=utf-8 22.1101ms
info: Microsoft.AspNetCore.Hosting.Diagnostics[1]
      Request starting HTTP/1.1 GET http://localhost:5160/api/posts?page=1&pageSize=10 - - -
info: Microsoft.AspNetCore.Cors.Infrastructure.CorsService[4]
      CORS policy execution successful.
info: Microsoft.AspNetCore.Routing.EndpointMiddleware[0]
      Executing endpoint 'EduConnect.Api.Controllers.PostsController.GetAll (EduConnect.Api)'
info: Microsoft.AspNetCore.Mvc.Infrastructure.ControllerActionInvoker[102]
      Route matched with {action = "GetAll", controller = "Posts"}. Executing controller action with signature System.Threading.Tasks.Task`1[Microsoft.AspNetCore.Mvc.ActionResult`1[EduConnect.Application.Contracts.Common.PagedResponse`1[EduConnect.Application.Contracts.Posts.PostResponse]]] GetAll(Int32, Int32, System.Threading.CancellationToken) on controller EduConnect.Api.Controllers.PostsController (EduConnect.Api).
dbug: Microsoft.EntityFrameworkCore.Infrastructure[10403]
      Entity Framework Core 10.0.5 initialized 'AppDbContext' using provider 'Microsoft.EntityFrameworkCore.SqlServer:10.0.5' with options: MigrationsAssembly=EduConnect.Infrastructure, Version=1.0.0.0, Culture=neutral, PublicKeyToken=null EngineType=SqlServer 
dbug: Microsoft.EntityFrameworkCore.Database.Connection[20005]
      Creating DbConnection.
dbug: Microsoft.EntityFrameworkCore.Database.Connection[20006]
      Created DbConnection. (0ms).
dbug: Microsoft.EntityFrameworkCore.Database.Connection[20000]
      Opening connection to database 'EduConnectDb' on server 'localhost\SQLEXPRESS'.
dbug: Microsoft.EntityFrameworkCore.Database.Connection[20001]
      Opened connection to database 'EduConnectDb' on server 'localhost\SQLEXPRESS'.
dbug: Microsoft.EntityFrameworkCore.Database.Connection[20002]
      Closing connection to database 'EduConnectDb' on server 'localhost\SQLEXPRESS'.
dbug: Microsoft.EntityFrameworkCore.Database.Connection[20003]
      Closed connection to database 'EduConnectDb' on server 'localhost\SQLEXPRESS' (0ms).
dbug: Microsoft.EntityFrameworkCore.Database.Connection[20000]
      Opening connection to database 'EduConnectDb' on server 'localhost\SQLEXPRESS'.
dbug: Microsoft.EntityFrameworkCore.Database.Connection[20001]
      Opened connection to database 'EduConnectDb' on server 'localhost\SQLEXPRESS'.
fail: Microsoft.EntityFrameworkCore.Database.Command[20102]
      Failed executing DbCommand (1ms) [Parameters=[@p='?' (DbType = Int32), @p1='?' (DbType = Int32)], CommandType='Text', CommandTimeout='30']
      SELECT [p3].[Id], [p3].[CreatedAtUtc], [p3].[PostId], [p3].[UpdatedAtUtc], [p3].[UserId], [p0].[Id], [u].[Id], [s].[Id], [g].[Id]
      FROM (
          SELECT [p].[Id], [p].[CreatedAtUtc], [p].[GroupId], [p].[UserId]
          FROM [Posts] AS [p]
          WHERE [p].[IsDeleted] = CAST(0 AS bit)
          ORDER BY [p].[CreatedAtUtc] DESC
          OFFSET @p ROWS FETCH NEXT @p1 ROWS ONLY
      ) AS [p0]
      INNER JOIN [Users] AS [u] ON [p0].[UserId] = [u].[Id]
      LEFT JOIN [StudentProfiles] AS [s] ON [u].[Id] = [s].[UserId]
      LEFT JOIN [Groups] AS [g] ON [p0].[GroupId] = [g].[Id]
      INNER JOIN [PostBookmarks] AS [p3] ON [p0].[Id] = [p3].[PostId]
      ORDER BY [p0].[CreatedAtUtc] DESC, [p0].[Id], [u].[Id], [s].[Id], [g].[Id]
fail: Microsoft.EntityFrameworkCore.Query[10100]
      An exception occurred while iterating over the results of a query for context type 'EduConnect.Infrastructure.Data.AppDbContext'.
      Microsoft.Data.SqlClient.SqlException (0x80131904): Invalid object name 'PostBookmarks'.
         at System.Threading.Tasks.ContinuationResultTaskFromResultTask`2.InnerInvoke()
         at System.Threading.ExecutionContext.RunInternal(ExecutionContext executionContext, ContextCallback callback, Object state)
      --- End of stack trace from previous location ---
         at System.Threading.ExecutionContext.RunInternal(ExecutionContext executionContext, ContextCallback callback, Object state)
         at System.Threading.Tasks.Task.ExecuteWithThreadLocal(Task& currentTaskSlot, Thread threadPoolThread)
      --- End of stack trace from previous location ---
         at Microsoft.EntityFrameworkCore.Storage.RelationalCommand.ExecuteReaderAsync(RelationalCommandParameterObject parameterObject, CancellationToken cancellationToken)
         at Microsoft.EntityFrameworkCore.Storage.RelationalCommand.ExecuteReaderAsync(RelationalCommandParameterObject parameterObject, CancellationToken cancellationToken)
         at Microsoft.EntityFrameworkCore.Query.RelationalShapedQueryCompilingExpressionVisitor.ShaperProcessingExpressionVisitor.<PopulateSplitIncludeCollectionAsync>g__InitializeReaderAsync|27_0[TIncludingEntity,TIncludedEntity](RelationalQueryContext queryContext, RelationalCommandResolver relationalCommandResolver, IReadOnlyList`1 readerColumns, Boolean detailedErrorsEnabled, CancellationToken cancellationToken)
         at Microsoft.EntityFrameworkCore.SqlServer.Storage.Internal.SqlServerExecutionStrategy.ExecuteAsync[TState,TResult](TState state, Func`4 operation, Func`4 verifySucceeded, CancellationToken cancellationToken)
         at Microsoft.EntityFrameworkCore.Query.RelationalShapedQueryCompilingExpressionVisitor.ShaperProcessingExpressionVisitor.PopulateSplitIncludeCollectionAsync[TIncludingEntity,TIncludedEntity](Int32 collectionId, RelationalQueryContext queryContext, IExecutionStrategy executionStrategy, RelationalCommandResolver relationalCommandResolver, IReadOnlyList`1 readerColumns, Boolean detailedErrorsEnabled, SplitQueryResultCoordinator resultCoordinator, Func`3 childIdentifier, IReadOnlyList`1 identifierValueComparers, Func`5 innerShaper, Func`4 relatedDataLoaders, INavigationBase inverseNavigation, Action`2 fixup, Boolean trackingQuery)
         at Microsoft.EntityFrameworkCore.Query.RelationalShapedQueryCompilingExpressionVisitor.ShaperProcessingExpressionVisitor.TaskAwaiter(Func`1[] taskFactories)
         at Microsoft.EntityFrameworkCore.Query.Internal.SplitQueryingEnumerable`1.AsyncEnumerator.MoveNextAsync()
      ClientConnectionId:8dc38f7a-1540-4184-a7d8-7d911e1eedad
      Error Number:208,State:1,Class:16
      Microsoft.Data.SqlClient.SqlException (0x80131904): Invalid object name 'PostBookmarks'.
         at System.Threading.Tasks.ContinuationResultTaskFromResultTask`2.InnerInvoke()
         at System.Threading.ExecutionContext.RunInternal(ExecutionContext executionContext, ContextCallback callback, Object state)
      --- End of stack trace from previous location ---
         at System.Threading.ExecutionContext.RunInternal(ExecutionContext executionContext, ContextCallback callback, Object state)
         at System.Threading.Tasks.Task.ExecuteWithThreadLocal(Task& currentTaskSlot, Thread threadPoolThread)
      --- End of stack trace from previous location ---
         at Microsoft.EntityFrameworkCore.Storage.RelationalCommand.ExecuteReaderAsync(RelationalCommandParameterObject parameterObject, CancellationToken cancellationToken)
         at Microsoft.EntityFrameworkCore.Storage.RelationalCommand.ExecuteReaderAsync(RelationalCommandParameterObject parameterObject, CancellationToken cancellationToken)
         at Microsoft.EntityFrameworkCore.Query.RelationalShapedQueryCompilingExpressionVisitor.ShaperProcessingExpressionVisitor.<PopulateSplitIncludeCollectionAsync>g__InitializeReaderAsync|27_0[TIncludingEntity,TIncludedEntity](RelationalQueryContext queryContext, RelationalCommandResolver relationalCommandResolver, IReadOnlyList`1 readerColumns, Boolean detailedErrorsEnabled, CancellationToken cancellationToken)
         at Microsoft.EntityFrameworkCore.SqlServer.Storage.Internal.SqlServerExecutionStrategy.ExecuteAsync[TState,TResult](TState state, Func`4 operation, Func`4 verifySucceeded, CancellationToken cancellationToken)
         at Microsoft.EntityFrameworkCore.Query.RelationalShapedQueryCompilingExpressionVisitor.ShaperProcessingExpressionVisitor.PopulateSplitIncludeCollectionAsync[TIncludingEntity,TIncludedEntity](Int32 collectionId, RelationalQueryContext queryContext, IExecutionStrategy executionStrategy, RelationalCommandResolver relationalCommandResolver, IReadOnlyList`1 readerColumns, Boolean detailedErrorsEnabled, SplitQueryResultCoordinator resultCoordinator, Func`3 childIdentifier, IReadOnlyList`1 identifierValueComparers, Func`5 innerShaper, Func`4 relatedDataLoaders, INavigationBase inverseNavigation, Action`2 fixup, Boolean trackingQuery)
         at Microsoft.EntityFrameworkCore.Query.RelationalShapedQueryCompilingExpressionVisitor.ShaperProcessingExpressionVisitor.TaskAwaiter(Func`1[] taskFactories)
         at Microsoft.EntityFrameworkCore.Query.Internal.SplitQueryingEnumerable`1.AsyncEnumerator.MoveNextAsync()
      ClientConnectionId:8dc38f7a-1540-4184-a7d8-7d911e1eedad
      Error Number:208,State:1,Class:16
dbug: Microsoft.EntityFrameworkCore.Database.Connection[20002]
      Closing connection to database 'EduConnectDb' on server 'localhost\SQLEXPRESS'.
dbug: Microsoft.EntityFrameworkCore.Database.Connection[20003]
      Closed connection to database 'EduConnectDb' on server 'localhost\SQLEXPRESS' (0ms).
info: Microsoft.AspNetCore.Mvc.Infrastructure.ControllerActionInvoker[105]
      Executed action EduConnect.Api.Controllers.PostsController.GetAll (EduConnect.Api) in 10.3732ms
info: Microsoft.AspNetCore.Routing.EndpointMiddleware[1]
      Executed endpoint 'EduConnect.Api.Controllers.PostsController.GetAll (EduConnect.Api)'
fail: EduConnect.Api.Middleware.GlobalExceptionHandler[0]
      Unhandled exception occurred while processing the request.
      Microsoft.Data.SqlClient.SqlException (0x80131904): Invalid object name 'PostBookmarks'.
         at System.Threading.Tasks.ContinuationResultTaskFromResultTask`2.InnerInvoke()
         at System.Threading.ExecutionContext.RunInternal(ExecutionContext executionContext, ContextCallback callback, Object state)
      --- End of stack trace from previous location ---
         at System.Threading.ExecutionContext.RunInternal(ExecutionContext executionContext, ContextCallback callback, Object state)
         at System.Threading.Tasks.Task.ExecuteWithThreadLocal(Task& currentTaskSlot, Thread threadPoolThread)
      --- End of stack trace from previous location ---
         at Microsoft.EntityFrameworkCore.Storage.RelationalCommand.ExecuteReaderAsync(RelationalCommandParameterObject parameterObject, CancellationToken cancellationToken)
         at Microsoft.EntityFrameworkCore.Storage.RelationalCommand.ExecuteReaderAsync(RelationalCommandParameterObject parameterObject, CancellationToken cancellationToken)
         at Microsoft.EntityFrameworkCore.Query.RelationalShapedQueryCompilingExpressionVisitor.ShaperProcessingExpressionVisitor.<PopulateSplitIncludeCollectionAsync>g__InitializeReaderAsync|27_0[TIncludingEntity,TIncludedEntity](RelationalQueryContext queryContext, RelationalCommandResolver relationalCommandResolver, IReadOnlyList`1 readerColumns, Boolean detailedErrorsEnabled, CancellationToken cancellationToken)
         at Microsoft.EntityFrameworkCore.SqlServer.Storage.Internal.SqlServerExecutionStrategy.ExecuteAsync[TState,TResult](TState state, Func`4 operation, Func`4 verifySucceeded, CancellationToken cancellationToken)
         at Microsoft.EntityFrameworkCore.Query.RelationalShapedQueryCompilingExpressionVisitor.ShaperProcessingExpressionVisitor.PopulateSplitIncludeCollectionAsync[TIncludingEntity,TIncludedEntity](Int32 collectionId, RelationalQueryContext queryContext, IExecutionStrategy executionStrategy, RelationalCommandResolver relationalCommandResolver, IReadOnlyList`1 readerColumns, Boolean detailedErrorsEnabled, SplitQueryResultCoordinator resultCoordinator, Func`3 childIdentifier, IReadOnlyList`1 identifierValueComparers, Func`5 innerShaper, Func`4 relatedDataLoaders, INavigationBase inverseNavigation, Action`2 fixup, Boolean trackingQuery)
         at Microsoft.EntityFrameworkCore.Query.RelationalShapedQueryCompilingExpressionVisitor.ShaperProcessingExpressionVisitor.TaskAwaiter(Func`1[] taskFactories)
         at Microsoft.EntityFrameworkCore.Query.Internal.SplitQueryingEnumerable`1.AsyncEnumerator.MoveNextAsync()
         at Microsoft.EntityFrameworkCore.EntityFrameworkQueryableExtensions.ToListAsync[TSource](IQueryable`1 source, CancellationToken cancellationToken)
         at Microsoft.EntityFrameworkCore.EntityFrameworkQueryableExtensions.ToListAsync[TSource](IQueryable`1 source, CancellationToken cancellationToken)
         at EduConnect.Api.Controllers.PostsController.GetAll(Int32 page, Int32 pageSize, CancellationToken cancellationToken) in C:\Users\FIRAT\Desktop\Tubitak-Tez\backend\src\EduConnect.Api\Controllers\PostsController.cs:line 34
         at lambda_method50(Closure, Object)
         at Microsoft.AspNetCore.Mvc.Infrastructure.ActionMethodExecutor.AwaitableObjectResultExecutor.Execute(ActionContext actionContext, IActionResultTypeMapper mapper, ObjectMethodExecutor executor, Object controller, Object[] arguments)
         at Microsoft.AspNetCore.Mvc.Infrastructure.ControllerActionInvoker.<InvokeActionMethodAsync>g__Awaited|12_0(ControllerActionInvoker invoker, ValueTask`1 actionResultValueTask)
         at Microsoft.AspNetCore.Mvc.Infrastructure.ControllerActionInvoker.<InvokeNextActionFilterAsync>g__Awaited|10_0(ControllerActionInvoker invoker, Task lastTask, State next, Scope scope, Object state, Boolean isCompleted)
         at Microsoft.AspNetCore.Mvc.Infrastructure.ControllerActionInvoker.Rethrow(ActionExecutedContextSealed context)
         at Microsoft.AspNetCore.Mvc.Infrastructure.ControllerActionInvoker.Next(State& next, Scope& scope, Object& state, Boolean& isCompleted)
         at Microsoft.AspNetCore.Mvc.Infrastructure.ControllerActionInvoker.<InvokeInnerFilterAsync>g__Awaited|13_0(ControllerActionInvoker invoker, Task lastTask, State next, Scope scope, Object state, Boolean isCompleted)
         at Microsoft.AspNetCore.Mvc.Infrastructure.ResourceInvoker.<InvokeFilterPipelineAsync>g__Awaited|20_0(ResourceInvoker invoker, Task lastTask, State next, Scope scope, Object state, Boolean isCompleted)
         at Microsoft.AspNetCore.Mvc.Infrastructure.ResourceInvoker.<InvokeAsync>g__Logged|17_1(ResourceInvoker invoker)
         at Microsoft.AspNetCore.Mvc.Infrastructure.ResourceInvoker.<InvokeAsync>g__Logged|17_1(ResourceInvoker invoker)
         at Microsoft.AspNetCore.Routing.EndpointMiddleware.<Invoke>g__AwaitRequestTask|7_0(Endpoint endpoint, Task requestTask, ILogger logger)
         at Microsoft.AspNetCore.Authorization.AuthorizationMiddleware.Invoke(HttpContext context)
         at Microsoft.AspNetCore.Authentication.AuthenticationMiddleware.Invoke(HttpContext context)
         at Swashbuckle.AspNetCore.SwaggerUI.SwaggerUIMiddleware.Invoke(HttpContext httpContext)
         at Swashbuckle.AspNetCore.Swagger.SwaggerMiddleware.Invoke(HttpContext httpContext, ISwaggerProvider swaggerProvider)
         at Microsoft.AspNetCore.Diagnostics.ExceptionHandlerMiddlewareImpl.<Invoke>g__Awaited|10_0(ExceptionHandlerMiddlewareImpl middleware, HttpContext context, Task task)
      ClientConnectionId:8dc38f7a-1540-4184-a7d8-7d911e1eedad
      Error Number:208,State:1,Class:16
dbug: Microsoft.EntityFrameworkCore.Infrastructure[10407]
      'AppDbContext' disposed.
dbug: Microsoft.EntityFrameworkCore.Database.Connection[20007]
      Disposing connection to database 'EduConnectDb' on server 'localhost\SQLEXPRESS'.
dbug: Microsoft.EntityFrameworkCore.Database.Connection[20008]
      Disposed connection to database '' on server '' (0ms).
info: Microsoft.AspNetCore.Hosting.Diagnostics[2]
      Request finished HTTP/1.1 GET http://localhost:5160/api/posts?page=1&pageSize=10 - 500 - application/json;+charset=utf-8 14.0814ms
info: Microsoft.AspNetCore.Hosting.Diagnostics[1]
      Request starting HTTP/1.1 OPTIONS http://localhost:5160/api/posts?page=1&pageSize=10 - - -
info: Microsoft.AspNetCore.Cors.Infrastructure.CorsService[4]
      CORS policy execution successful.
info: Microsoft.AspNetCore.Hosting.Diagnostics[2]
      Request finished HTTP/1.1 OPTIONS http://localhost:5160/api/posts?page=1&pageSize=10 - 204 - - 0.3074ms
info: Microsoft.AspNetCore.Hosting.Diagnostics[1]
      Request starting HTTP/1.1 GET http://localhost:5160/api/posts?page=1&pageSize=10 - - -
info: Microsoft.AspNetCore.Cors.Infrastructure.CorsService[4]
      CORS policy execution successful.
info: Microsoft.AspNetCore.Routing.EndpointMiddleware[0]
      Executing endpoint 'EduConnect.Api.Controllers.PostsController.GetAll (EduConnect.Api)'
info: Microsoft.AspNetCore.Mvc.Infrastructure.ControllerActionInvoker[102]
      Route matched with {action = "GetAll", controller = "Posts"}. Executing controller action with signature System.Threading.Tasks.Task`1[Microsoft.AspNetCore.Mvc.ActionResult`1[EduConnect.Application.Contracts.Common.PagedResponse`1[EduConnect.Application.Contracts.Posts.PostResponse]]] GetAll(Int32, Int32, System.Threading.CancellationToken) on controller EduConnect.Api.Controllers.PostsController (EduConnect.Api).
dbug: Microsoft.EntityFrameworkCore.Infrastructure[10403]
      Entity Framework Core 10.0.5 initialized 'AppDbContext' using provider 'Microsoft.EntityFrameworkCore.SqlServer:10.0.5' with options: MigrationsAssembly=EduConnect.Infrastructure, Version=1.0.0.0, Culture=neutral, PublicKeyToken=null EngineType=SqlServer 
dbug: Microsoft.EntityFrameworkCore.Database.Connection[20005]
      Creating DbConnection.
dbug: Microsoft.EntityFrameworkCore.Database.Connection[20006]
      Created DbConnection. (0ms).
dbug: Microsoft.EntityFrameworkCore.Database.Connection[20000]
      Opening connection to database 'EduConnectDb' on server 'localhost\SQLEXPRESS'.
dbug: Microsoft.EntityFrameworkCore.Database.Connection[20001]
      Opened connection to database 'EduConnectDb' on server 'localhost\SQLEXPRESS'.
dbug: Microsoft.EntityFrameworkCore.Database.Connection[20002]
      Closing connection to database 'EduConnectDb' on server 'localhost\SQLEXPRESS'.
dbug: Microsoft.EntityFrameworkCore.Database.Connection[20003]
      Closed connection to database 'EduConnectDb' on server 'localhost\SQLEXPRESS' (0ms).
dbug: Microsoft.EntityFrameworkCore.Database.Connection[20000]
      Opening connection to database 'EduConnectDb' on server 'localhost\SQLEXPRESS'.
dbug: Microsoft.EntityFrameworkCore.Database.Connection[20001]
      Opened connection to database 'EduConnectDb' on server 'localhost\SQLEXPRESS'.
fail: Microsoft.EntityFrameworkCore.Database.Command[20102]
      Failed executing DbCommand (1ms) [Parameters=[@p='?' (DbType = Int32), @p1='?' (DbType = Int32)], CommandType='Text', CommandTimeout='30']
      SELECT [p3].[Id], [p3].[CreatedAtUtc], [p3].[PostId], [p3].[UpdatedAtUtc], [p3].[UserId], [p0].[Id], [u].[Id], [s].[Id], [g].[Id]
      FROM (
          SELECT [p].[Id], [p].[CreatedAtUtc], [p].[GroupId], [p].[UserId]
          FROM [Posts] AS [p]
          WHERE [p].[IsDeleted] = CAST(0 AS bit)
          ORDER BY [p].[CreatedAtUtc] DESC
          OFFSET @p ROWS FETCH NEXT @p1 ROWS ONLY
      ) AS [p0]
      INNER JOIN [Users] AS [u] ON [p0].[UserId] = [u].[Id]
      LEFT JOIN [StudentProfiles] AS [s] ON [u].[Id] = [s].[UserId]
      LEFT JOIN [Groups] AS [g] ON [p0].[GroupId] = [g].[Id]
      INNER JOIN [PostBookmarks] AS [p3] ON [p0].[Id] = [p3].[PostId]
      ORDER BY [p0].[CreatedAtUtc] DESC, [p0].[Id], [u].[Id], [s].[Id], [g].[Id]
fail: Microsoft.EntityFrameworkCore.Query[10100]
      An exception occurred while iterating over the results of a query for context type 'EduConnect.Infrastructure.Data.AppDbContext'.
      Microsoft.Data.SqlClient.SqlException (0x80131904): Invalid object name 'PostBookmarks'.
         at System.Threading.Tasks.ContinuationResultTaskFromResultTask`2.InnerInvoke()
         at System.Threading.ExecutionContext.RunInternal(ExecutionContext executionContext, ContextCallback callback, Object state)
      --- End of stack trace from previous location ---
         at System.Threading.ExecutionContext.RunInternal(ExecutionContext executionContext, ContextCallback callback, Object state)
         at System.Threading.Tasks.Task.ExecuteWithThreadLocal(Task& currentTaskSlot, Thread threadPoolThread)
      --- End of stack trace from previous location ---
         at Microsoft.EntityFrameworkCore.Storage.RelationalCommand.ExecuteReaderAsync(RelationalCommandParameterObject parameterObject, CancellationToken cancellationToken)
         at Microsoft.EntityFrameworkCore.Storage.RelationalCommand.ExecuteReaderAsync(RelationalCommandParameterObject parameterObject, CancellationToken cancellationToken)
         at Microsoft.EntityFrameworkCore.Query.RelationalShapedQueryCompilingExpressionVisitor.ShaperProcessingExpressionVisitor.<PopulateSplitIncludeCollectionAsync>g__InitializeReaderAsync|27_0[TIncludingEntity,TIncludedEntity](RelationalQueryContext queryContext, RelationalCommandResolver relationalCommandResolver, IReadOnlyList`1 readerColumns, Boolean detailedErrorsEnabled, CancellationToken cancellationToken)
         at Microsoft.EntityFrameworkCore.SqlServer.Storage.Internal.SqlServerExecutionStrategy.ExecuteAsync[TState,TResult](TState state, Func`4 operation, Func`4 verifySucceeded, CancellationToken cancellationToken)
         at Microsoft.EntityFrameworkCore.Query.RelationalShapedQueryCompilingExpressionVisitor.ShaperProcessingExpressionVisitor.PopulateSplitIncludeCollectionAsync[TIncludingEntity,TIncludedEntity](Int32 collectionId, RelationalQueryContext queryContext, IExecutionStrategy executionStrategy, RelationalCommandResolver relationalCommandResolver, IReadOnlyList`1 readerColumns, Boolean detailedErrorsEnabled, SplitQueryResultCoordinator resultCoordinator, Func`3 childIdentifier, IReadOnlyList`1 identifierValueComparers, Func`5 innerShaper, Func`4 relatedDataLoaders, INavigationBase inverseNavigation, Action`2 fixup, Boolean trackingQuery)
         at Microsoft.EntityFrameworkCore.Query.RelationalShapedQueryCompilingExpressionVisitor.ShaperProcessingExpressionVisitor.TaskAwaiter(Func`1[] taskFactories)
         at Microsoft.EntityFrameworkCore.Query.Internal.SplitQueryingEnumerable`1.AsyncEnumerator.MoveNextAsync()
      ClientConnectionId:8dc38f7a-1540-4184-a7d8-7d911e1eedad
      Error Number:208,State:1,Class:16
      Microsoft.Data.SqlClient.SqlException (0x80131904): Invalid object name 'PostBookmarks'.
         at System.Threading.Tasks.ContinuationResultTaskFromResultTask`2.InnerInvoke()
         at System.Threading.ExecutionContext.RunInternal(ExecutionContext executionContext, ContextCallback callback, Object state)
      --- End of stack trace from previous location ---
         at System.Threading.ExecutionContext.RunInternal(ExecutionContext executionContext, ContextCallback callback, Object state)
         at System.Threading.Tasks.Task.ExecuteWithThreadLocal(Task& currentTaskSlot, Thread threadPoolThread)
      --- End of stack trace from previous location ---
         at Microsoft.EntityFrameworkCore.Storage.RelationalCommand.ExecuteReaderAsync(RelationalCommandParameterObject parameterObject, CancellationToken cancellationToken)
         at Microsoft.EntityFrameworkCore.Storage.RelationalCommand.ExecuteReaderAsync(RelationalCommandParameterObject parameterObject, CancellationToken cancellationToken)
         at Microsoft.EntityFrameworkCore.Query.RelationalShapedQueryCompilingExpressionVisitor.ShaperProcessingExpressionVisitor.<PopulateSplitIncludeCollectionAsync>g__InitializeReaderAsync|27_0[TIncludingEntity,TIncludedEntity](RelationalQueryContext queryContext, RelationalCommandResolver relationalCommandResolver, IReadOnlyList`1 readerColumns, Boolean detailedErrorsEnabled, CancellationToken cancellationToken)
         at Microsoft.EntityFrameworkCore.SqlServer.Storage.Internal.SqlServerExecutionStrategy.ExecuteAsync[TState,TResult](TState state, Func`4 operation, Func`4 verifySucceeded, CancellationToken cancellationToken)
         at Microsoft.EntityFrameworkCore.Query.RelationalShapedQueryCompilingExpressionVisitor.ShaperProcessingExpressionVisitor.PopulateSplitIncludeCollectionAsync[TIncludingEntity,TIncludedEntity](Int32 collectionId, RelationalQueryContext queryContext, IExecutionStrategy executionStrategy, RelationalCommandResolver relationalCommandResolver, IReadOnlyList`1 readerColumns, Boolean detailedErrorsEnabled, SplitQueryResultCoordinator resultCoordinator, Func`3 childIdentifier, IReadOnlyList`1 identifierValueComparers, Func`5 innerShaper, Func`4 relatedDataLoaders, INavigationBase inverseNavigation, Action`2 fixup, Boolean trackingQuery)
         at Microsoft.EntityFrameworkCore.Query.RelationalShapedQueryCompilingExpressionVisitor.ShaperProcessingExpressionVisitor.TaskAwaiter(Func`1[] taskFactories)
         at Microsoft.EntityFrameworkCore.Query.Internal.SplitQueryingEnumerable`1.AsyncEnumerator.MoveNextAsync()
      ClientConnectionId:8dc38f7a-1540-4184-a7d8-7d911e1eedad
      Error Number:208,State:1,Class:16
dbug: Microsoft.EntityFrameworkCore.Database.Connection[20002]
      Closing connection to database 'EduConnectDb' on server 'localhost\SQLEXPRESS'.
dbug: Microsoft.EntityFrameworkCore.Database.Connection[20003]
      Closed connection to database 'EduConnectDb' on server 'localhost\SQLEXPRESS' (0ms).
info: Microsoft.AspNetCore.Mvc.Infrastructure.ControllerActionInvoker[105]
      Executed action EduConnect.Api.Controllers.PostsController.GetAll (EduConnect.Api) in 8.5756ms
info: Microsoft.AspNetCore.Routing.EndpointMiddleware[1]
      Executed endpoint 'EduConnect.Api.Controllers.PostsController.GetAll (EduConnect.Api)'
fail: EduConnect.Api.Middleware.GlobalExceptionHandler[0]
      Unhandled exception occurred while processing the request.
      Microsoft.Data.SqlClient.SqlException (0x80131904): Invalid object name 'PostBookmarks'.
         at System.Threading.Tasks.ContinuationResultTaskFromResultTask`2.InnerInvoke()
         at System.Threading.ExecutionContext.RunInternal(ExecutionContext executionContext, ContextCallback callback, Object state)
      --- End of stack trace from previous location ---
         at System.Threading.ExecutionContext.RunInternal(ExecutionContext executionContext, ContextCallback callback, Object state)
         at System.Threading.Tasks.Task.ExecuteWithThreadLocal(Task& currentTaskSlot, Thread threadPoolThread)
      --- End of stack trace from previous location ---
         at Microsoft.EntityFrameworkCore.Storage.RelationalCommand.ExecuteReaderAsync(RelationalCommandParameterObject parameterObject, CancellationToken cancellationToken)
         at Microsoft.EntityFrameworkCore.Storage.RelationalCommand.ExecuteReaderAsync(RelationalCommandParameterObject parameterObject, CancellationToken cancellationToken)
         at Microsoft.EntityFrameworkCore.Query.RelationalShapedQueryCompilingExpressionVisitor.ShaperProcessingExpressionVisitor.<PopulateSplitIncludeCollectionAsync>g__InitializeReaderAsync|27_0[TIncludingEntity,TIncludedEntity](RelationalQueryContext queryContext, RelationalCommandResolver relationalCommandResolver, IReadOnlyList`1 readerColumns, Boolean detailedErrorsEnabled, CancellationToken cancellationToken)
         at Microsoft.EntityFrameworkCore.SqlServer.Storage.Internal.SqlServerExecutionStrategy.ExecuteAsync[TState,TResult](TState state, Func`4 operation, Func`4 verifySucceeded, CancellationToken cancellationToken)
         at Microsoft.EntityFrameworkCore.Query.RelationalShapedQueryCompilingExpressionVisitor.ShaperProcessingExpressionVisitor.PopulateSplitIncludeCollectionAsync[TIncludingEntity,TIncludedEntity](Int32 collectionId, RelationalQueryContext queryContext, IExecutionStrategy executionStrategy, RelationalCommandResolver relationalCommandResolver, IReadOnlyList`1 readerColumns, Boolean detailedErrorsEnabled, SplitQueryResultCoordinator resultCoordinator, Func`3 childIdentifier, IReadOnlyList`1 identifierValueComparers, Func`5 innerShaper, Func`4 relatedDataLoaders, INavigationBase inverseNavigation, Action`2 fixup, Boolean trackingQuery)
         at Microsoft.EntityFrameworkCore.Query.RelationalShapedQueryCompilingExpressionVisitor.ShaperProcessingExpressionVisitor.TaskAwaiter(Func`1[] taskFactories)
         at Microsoft.EntityFrameworkCore.Query.Internal.SplitQueryingEnumerable`1.AsyncEnumerator.MoveNextAsync()
         at Microsoft.EntityFrameworkCore.EntityFrameworkQueryableExtensions.ToListAsync[TSource](IQueryable`1 source, CancellationToken cancellationToken)
         at Microsoft.EntityFrameworkCore.EntityFrameworkQueryableExtensions.ToListAsync[TSource](IQueryable`1 source, CancellationToken cancellationToken)
         at EduConnect.Api.Controllers.PostsController.GetAll(Int32 page, Int32 pageSize, CancellationToken cancellationToken) in C:\Users\FIRAT\Desktop\Tubitak-Tez\backend\src\EduConnect.Api\Controllers\PostsController.cs:line 34
         at lambda_method50(Closure, Object)
         at Microsoft.AspNetCore.Mvc.Infrastructure.ActionMethodExecutor.AwaitableObjectResultExecutor.Execute(ActionContext actionContext, IActionResultTypeMapper mapper, ObjectMethodExecutor executor, Object controller, Object[] arguments)
         at Microsoft.AspNetCore.Mvc.Infrastructure.ControllerActionInvoker.<InvokeActionMethodAsync>g__Awaited|12_0(ControllerActionInvoker invoker, ValueTask`1 actionResultValueTask)
         at Microsoft.AspNetCore.Mvc.Infrastructure.ControllerActionInvoker.<InvokeNextActionFilterAsync>g__Awaited|10_0(ControllerActionInvoker invoker, Task lastTask, State next, Scope scope, Object state, Boolean isCompleted)
         at Microsoft.AspNetCore.Mvc.Infrastructure.ControllerActionInvoker.Rethrow(ActionExecutedContextSealed context)
         at Microsoft.AspNetCore.Mvc.Infrastructure.ControllerActionInvoker.Next(State& next, Scope& scope, Object& state, Boolean& isCompleted)
         at Microsoft.AspNetCore.Mvc.Infrastructure.ControllerActionInvoker.<InvokeInnerFilterAsync>g__Awaited|13_0(ControllerActionInvoker invoker, Task lastTask, State next, Scope scope, Object state, Boolean isCompleted)
         at Microsoft.AspNetCore.Mvc.Infrastructure.ResourceInvoker.<InvokeFilterPipelineAsync>g__Awaited|20_0(ResourceInvoker invoker, Task lastTask, State next, Scope scope, Object state, Boolean isCompleted)
         at Microsoft.AspNetCore.Mvc.Infrastructure.ResourceInvoker.<InvokeAsync>g__Logged|17_1(ResourceInvoker invoker)
         at Microsoft.AspNetCore.Mvc.Infrastructure.ResourceInvoker.<InvokeAsync>g__Logged|17_1(ResourceInvoker invoker)
         at Microsoft.AspNetCore.Routing.EndpointMiddleware.<Invoke>g__AwaitRequestTask|7_0(Endpoint endpoint, Task requestTask, ILogger logger)
         at Microsoft.AspNetCore.Authorization.AuthorizationMiddleware.Invoke(HttpContext context)
         at Microsoft.AspNetCore.Authentication.AuthenticationMiddleware.Invoke(HttpContext context)
         at Swashbuckle.AspNetCore.SwaggerUI.SwaggerUIMiddleware.Invoke(HttpContext httpContext)
         at Swashbuckle.AspNetCore.Swagger.SwaggerMiddleware.Invoke(HttpContext httpContext, ISwaggerProvider swaggerProvider)
         at Microsoft.AspNetCore.Diagnostics.ExceptionHandlerMiddlewareImpl.<Invoke>g__Awaited|10_0(ExceptionHandlerMiddlewareImpl middleware, HttpContext context, Task task)
      ClientConnectionId:8dc38f7a-1540-4184-a7d8-7d911e1eedad
      Error Number:208,State:1,Class:16
dbug: Microsoft.EntityFrameworkCore.Infrastructure[10407]
      'AppDbContext' disposed.
dbug: Microsoft.EntityFrameworkCore.Database.Connection[20007]
      Disposing connection to database 'EduConnectDb' on server 'localhost\SQLEXPRESS'.
dbug: Microsoft.EntityFrameworkCore.Database.Connection[20008]
      Disposed connection to database '' on server '' (0ms).
info: Microsoft.AspNetCore.Hosting.Diagnostics[2]
      Request finished HTTP/1.1 GET http://localhost:5160/api/posts?page=1&pageSize=10 - 500 - application/json;+charset=utf-8 12.8655ms
info: Microsoft.AspNetCore.Hosting.Diagnostics[1]
      Request starting HTTP/1.1 GET http://localhost:5160/api/posts?page=1&pageSize=10 - - -
info: Microsoft.AspNetCore.Cors.Infrastructure.CorsService[4]
      CORS policy execution successful.
info: Microsoft.AspNetCore.Routing.EndpointMiddleware[0]
      Executing endpoint 'EduConnect.Api.Controllers.PostsController.GetAll (EduConnect.Api)'
info: Microsoft.AspNetCore.Mvc.Infrastructure.ControllerActionInvoker[102]
      Route matched with {action = "GetAll", controller = "Posts"}. Executing controller action with signature System.Threading.Tasks.Task`1[Microsoft.AspNetCore.Mvc.ActionResult`1[EduConnect.Application.Contracts.Common.PagedResponse`1[EduConnect.Application.Contracts.Posts.PostResponse]]] GetAll(Int32, Int32, System.Threading.CancellationToken) on controller EduConnect.Api.Controllers.PostsController (EduConnect.Api).
dbug: Microsoft.EntityFrameworkCore.Infrastructure[10403]
      Entity Framework Core 10.0.5 initialized 'AppDbContext' using provider 'Microsoft.EntityFrameworkCore.SqlServer:10.0.5' with options: MigrationsAssembly=EduConnect.Infrastructure, Version=1.0.0.0, Culture=neutral, PublicKeyToken=null EngineType=SqlServer 
dbug: Microsoft.EntityFrameworkCore.Database.Connection[20005]
      Creating DbConnection.
dbug: Microsoft.EntityFrameworkCore.Database.Connection[20006]
      Created DbConnection. (0ms).
dbug: Microsoft.EntityFrameworkCore.Database.Connection[20000]
      Opening connection to database 'EduConnectDb' on server 'localhost\SQLEXPRESS'.
dbug: Microsoft.EntityFrameworkCore.Database.Connection[20001]
      Opened connection to database 'EduConnectDb' on server 'localhost\SQLEXPRESS'.
dbug: Microsoft.EntityFrameworkCore.Database.Connection[20002]
      Closing connection to database 'EduConnectDb' on server 'localhost\SQLEXPRESS'.
dbug: Microsoft.EntityFrameworkCore.Database.Connection[20003]
      Closed connection to database 'EduConnectDb' on server 'localhost\SQLEXPRESS' (0ms).
dbug: Microsoft.EntityFrameworkCore.Database.Connection[20000]
      Opening connection to database 'EduConnectDb' on server 'localhost\SQLEXPRESS'.
dbug: Microsoft.EntityFrameworkCore.Database.Connection[20001]
      Opened connection to database 'EduConnectDb' on server 'localhost\SQLEXPRESS'.
fail: Microsoft.EntityFrameworkCore.Database.Command[20102]
      Failed executing DbCommand (1ms) [Parameters=[@p='?' (DbType = Int32), @p1='?' (DbType = Int32)], CommandType='Text', CommandTimeout='30']
      SELECT [p3].[Id], [p3].[CreatedAtUtc], [p3].[PostId], [p3].[UpdatedAtUtc], [p3].[UserId], [p0].[Id], [u].[Id], [s].[Id], [g].[Id]
      FROM (
          SELECT [p].[Id], [p].[CreatedAtUtc], [p].[GroupId], [p].[UserId]
          FROM [Posts] AS [p]
          WHERE [p].[IsDeleted] = CAST(0 AS bit)
          ORDER BY [p].[CreatedAtUtc] DESC
          OFFSET @p ROWS FETCH NEXT @p1 ROWS ONLY
      ) AS [p0]
      INNER JOIN [Users] AS [u] ON [p0].[UserId] = [u].[Id]
      LEFT JOIN [StudentProfiles] AS [s] ON [u].[Id] = [s].[UserId]
      LEFT JOIN [Groups] AS [g] ON [p0].[GroupId] = [g].[Id]
      INNER JOIN [PostBookmarks] AS [p3] ON [p0].[Id] = [p3].[PostId]
      ORDER BY [p0].[CreatedAtUtc] DESC, [p0].[Id], [u].[Id], [s].[Id], [g].[Id]
fail: Microsoft.EntityFrameworkCore.Query[10100]
      An exception occurred while iterating over the results of a query for context type 'EduConnect.Infrastructure.Data.AppDbContext'.
      Microsoft.Data.SqlClient.SqlException (0x80131904): Invalid object name 'PostBookmarks'.
         at System.Threading.Tasks.ContinuationResultTaskFromResultTask`2.InnerInvoke()
         at System.Threading.ExecutionContext.RunInternal(ExecutionContext executionContext, ContextCallback callback, Object state)
      --- End of stack trace from previous location ---
         at System.Threading.ExecutionContext.RunInternal(ExecutionContext executionContext, ContextCallback callback, Object state)
         at System.Threading.Tasks.Task.ExecuteWithThreadLocal(Task& currentTaskSlot, Thread threadPoolThread)
      --- End of stack trace from previous location ---
         at Microsoft.EntityFrameworkCore.Storage.RelationalCommand.ExecuteReaderAsync(RelationalCommandParameterObject parameterObject, CancellationToken cancellationToken)
         at Microsoft.EntityFrameworkCore.Storage.RelationalCommand.ExecuteReaderAsync(RelationalCommandParameterObject parameterObject, CancellationToken cancellationToken)
         at Microsoft.EntityFrameworkCore.Query.RelationalShapedQueryCompilingExpressionVisitor.ShaperProcessingExpressionVisitor.<PopulateSplitIncludeCollectionAsync>g__InitializeReaderAsync|27_0[TIncludingEntity,TIncludedEntity](RelationalQueryContext queryContext, RelationalCommandResolver relationalCommandResolver, IReadOnlyList`1 readerColumns, Boolean detailedErrorsEnabled, CancellationToken cancellationToken)
         at Microsoft.EntityFrameworkCore.SqlServer.Storage.Internal.SqlServerExecutionStrategy.ExecuteAsync[TState,TResult](TState state, Func`4 operation, Func`4 verifySucceeded, CancellationToken cancellationToken)
         at Microsoft.EntityFrameworkCore.Query.RelationalShapedQueryCompilingExpressionVisitor.ShaperProcessingExpressionVisitor.PopulateSplitIncludeCollectionAsync[TIncludingEntity,TIncludedEntity](Int32 collectionId, RelationalQueryContext queryContext, IExecutionStrategy executionStrategy, RelationalCommandResolver relationalCommandResolver, IReadOnlyList`1 readerColumns, Boolean detailedErrorsEnabled, SplitQueryResultCoordinator resultCoordinator, Func`3 childIdentifier, IReadOnlyList`1 identifierValueComparers, Func`5 innerShaper, Func`4 relatedDataLoaders, INavigationBase inverseNavigation, Action`2 fixup, Boolean trackingQuery)
         at Microsoft.EntityFrameworkCore.Query.RelationalShapedQueryCompilingExpressionVisitor.ShaperProcessingExpressionVisitor.TaskAwaiter(Func`1[] taskFactories)
         at Microsoft.EntityFrameworkCore.Query.Internal.SplitQueryingEnumerable`1.AsyncEnumerator.MoveNextAsync()
      ClientConnectionId:8dc38f7a-1540-4184-a7d8-7d911e1eedad
      Error Number:208,State:1,Class:16
      Microsoft.Data.SqlClient.SqlException (0x80131904): Invalid object name 'PostBookmarks'.
         at System.Threading.Tasks.ContinuationResultTaskFromResultTask`2.InnerInvoke()
         at System.Threading.ExecutionContext.RunInternal(ExecutionContext executionContext, ContextCallback callback, Object state)
      --- End of stack trace from previous location ---
         at System.Threading.ExecutionContext.RunInternal(ExecutionContext executionContext, ContextCallback callback, Object state)
         at System.Threading.Tasks.Task.ExecuteWithThreadLocal(Task& currentTaskSlot, Thread threadPoolThread)
      --- End of stack trace from previous location ---
         at Microsoft.EntityFrameworkCore.Storage.RelationalCommand.ExecuteReaderAsync(RelationalCommandParameterObject parameterObject, CancellationToken cancellationToken)
         at Microsoft.EntityFrameworkCore.Storage.RelationalCommand.ExecuteReaderAsync(RelationalCommandParameterObject parameterObject, CancellationToken cancellationToken)
         at Microsoft.EntityFrameworkCore.Query.RelationalShapedQueryCompilingExpressionVisitor.ShaperProcessingExpressionVisitor.<PopulateSplitIncludeCollectionAsync>g__InitializeReaderAsync|27_0[TIncludingEntity,TIncludedEntity](RelationalQueryContext queryContext, RelationalCommandResolver relationalCommandResolver, IReadOnlyList`1 readerColumns, Boolean detailedErrorsEnabled, CancellationToken cancellationToken)
         at Microsoft.EntityFrameworkCore.SqlServer.Storage.Internal.SqlServerExecutionStrategy.ExecuteAsync[TState,TResult](TState state, Func`4 operation, Func`4 verifySucceeded, CancellationToken cancellationToken)
         at Microsoft.EntityFrameworkCore.Query.RelationalShapedQueryCompilingExpressionVisitor.ShaperProcessingExpressionVisitor.PopulateSplitIncludeCollectionAsync[TIncludingEntity,TIncludedEntity](Int32 collectionId, RelationalQueryContext queryContext, IExecutionStrategy executionStrategy, RelationalCommandResolver relationalCommandResolver, IReadOnlyList`1 readerColumns, Boolean detailedErrorsEnabled, SplitQueryResultCoordinator resultCoordinator, Func`3 childIdentifier, IReadOnlyList`1 identifierValueComparers, Func`5 innerShaper, Func`4 relatedDataLoaders, INavigationBase inverseNavigation, Action`2 fixup, Boolean trackingQuery)
         at Microsoft.EntityFrameworkCore.Query.RelationalShapedQueryCompilingExpressionVisitor.ShaperProcessingExpressionVisitor.TaskAwaiter(Func`1[] taskFactories)
         at Microsoft.EntityFrameworkCore.Query.Internal.SplitQueryingEnumerable`1.AsyncEnumerator.MoveNextAsync()
      ClientConnectionId:8dc38f7a-1540-4184-a7d8-7d911e1eedad
      Error Number:208,State:1,Class:16
dbug: Microsoft.EntityFrameworkCore.Database.Connection[20002]
      Closing connection to database 'EduConnectDb' on server 'localhost\SQLEXPRESS'.
dbug: Microsoft.EntityFrameworkCore.Database.Connection[20003]
      Closed connection to database 'EduConnectDb' on server 'localhost\SQLEXPRESS' (0ms).
info: Microsoft.AspNetCore.Mvc.Infrastructure.ControllerActionInvoker[105]
      Executed action EduConnect.Api.Controllers.PostsController.GetAll (EduConnect.Api) in 8.8973ms
info: Microsoft.AspNetCore.Routing.EndpointMiddleware[1]
      Executed endpoint 'EduConnect.Api.Controllers.PostsController.GetAll (EduConnect.Api)'
fail: EduConnect.Api.Middleware.GlobalExceptionHandler[0]
      Unhandled exception occurred while processing the request.
      Microsoft.Data.SqlClient.SqlException (0x80131904): Invalid object name 'PostBookmarks'.
         at System.Threading.Tasks.ContinuationResultTaskFromResultTask`2.InnerInvoke()
         at System.Threading.ExecutionContext.RunInternal(ExecutionContext executionContext, ContextCallback callback, Object state)
      --- End of stack trace from previous location ---
         at System.Threading.ExecutionContext.RunInternal(ExecutionContext executionContext, ContextCallback callback, Object state)
         at System.Threading.Tasks.Task.ExecuteWithThreadLocal(Task& currentTaskSlot, Thread threadPoolThread)
      --- End of stack trace from previous location ---
         at Microsoft.EntityFrameworkCore.Storage.RelationalCommand.ExecuteReaderAsync(RelationalCommandParameterObject parameterObject, CancellationToken cancellationToken)
         at Microsoft.EntityFrameworkCore.Storage.RelationalCommand.ExecuteReaderAsync(RelationalCommandParameterObject parameterObject, CancellationToken cancellationToken)
         at Microsoft.EntityFrameworkCore.Query.RelationalShapedQueryCompilingExpressionVisitor.ShaperProcessingExpressionVisitor.<PopulateSplitIncludeCollectionAsync>g__InitializeReaderAsync|27_0[TIncludingEntity,TIncludedEntity](RelationalQueryContext queryContext, RelationalCommandResolver relationalCommandResolver, IReadOnlyList`1 readerColumns, Boolean detailedErrorsEnabled, CancellationToken cancellationToken)
         at Microsoft.EntityFrameworkCore.SqlServer.Storage.Internal.SqlServerExecutionStrategy.ExecuteAsync[TState,TResult](TState state, Func`4 operation, Func`4 verifySucceeded, CancellationToken cancellationToken)
         at Microsoft.EntityFrameworkCore.Query.RelationalShapedQueryCompilingExpressionVisitor.ShaperProcessingExpressionVisitor.PopulateSplitIncludeCollectionAsync[TIncludingEntity,TIncludedEntity](Int32 collectionId, RelationalQueryContext queryContext, IExecutionStrategy executionStrategy, RelationalCommandResolver relationalCommandResolver, IReadOnlyList`1 readerColumns, Boolean detailedErrorsEnabled, SplitQueryResultCoordinator resultCoordinator, Func`3 childIdentifier, IReadOnlyList`1 identifierValueComparers, Func`5 innerShaper, Func`4 relatedDataLoaders, INavigationBase inverseNavigation, Action`2 fixup, Boolean trackingQuery)
         at Microsoft.EntityFrameworkCore.Query.RelationalShapedQueryCompilingExpressionVisitor.ShaperProcessingExpressionVisitor.TaskAwaiter(Func`1[] taskFactories)
         at Microsoft.EntityFrameworkCore.Query.Internal.SplitQueryingEnumerable`1.AsyncEnumerator.MoveNextAsync()
         at Microsoft.EntityFrameworkCore.EntityFrameworkQueryableExtensions.ToListAsync[TSource](IQueryable`1 source, CancellationToken cancellationToken)
         at Microsoft.EntityFrameworkCore.EntityFrameworkQueryableExtensions.ToListAsync[TSource](IQueryable`1 source, CancellationToken cancellationToken)
         at EduConnect.Api.Controllers.PostsController.GetAll(Int32 page, Int32 pageSize, CancellationToken cancellationToken) in C:\Users\FIRAT\Desktop\Tubitak-Tez\backend\src\EduConnect.Api\Controllers\PostsController.cs:line 34
         at lambda_method50(Closure, Object)
         at Microsoft.AspNetCore.Mvc.Infrastructure.ActionMethodExecutor.AwaitableObjectResultExecutor.Execute(ActionContext actionContext, IActionResultTypeMapper mapper, ObjectMethodExecutor executor, Object controller, Object[] arguments)
         at Microsoft.AspNetCore.Mvc.Infrastructure.ControllerActionInvoker.<InvokeActionMethodAsync>g__Awaited|12_0(ControllerActionInvoker invoker, ValueTask`1 actionResultValueTask)
         at Microsoft.AspNetCore.Mvc.Infrastructure.ControllerActionInvoker.<InvokeNextActionFilterAsync>g__Awaited|10_0(ControllerActionInvoker invoker, Task lastTask, State next, Scope scope, Object state, Boolean isCompleted)
         at Microsoft.AspNetCore.Mvc.Infrastructure.ControllerActionInvoker.Rethrow(ActionExecutedContextSealed context)
         at Microsoft.AspNetCore.Mvc.Infrastructure.ControllerActionInvoker.Next(State& next, Scope& scope, Object& state, Boolean& isCompleted)
         at Microsoft.AspNetCore.Mvc.Infrastructure.ControllerActionInvoker.<InvokeInnerFilterAsync>g__Awaited|13_0(ControllerActionInvoker invoker, Task lastTask, State next, Scope scope, Object state, Boolean isCompleted)
         at Microsoft.AspNetCore.Mvc.Infrastructure.ResourceInvoker.<InvokeFilterPipelineAsync>g__Awaited|20_0(ResourceInvoker invoker, Task lastTask, State next, Scope scope, Object state, Boolean isCompleted)
         at Microsoft.AspNetCore.Mvc.Infrastructure.ResourceInvoker.<InvokeAsync>g__Logged|17_1(ResourceInvoker invoker)
         at Microsoft.AspNetCore.Mvc.Infrastructure.ResourceInvoker.<InvokeAsync>g__Logged|17_1(ResourceInvoker invoker)
         at Microsoft.AspNetCore.Routing.EndpointMiddleware.<Invoke>g__AwaitRequestTask|7_0(Endpoint endpoint, Task requestTask, ILogger logger)
         at Microsoft.AspNetCore.Authorization.AuthorizationMiddleware.Invoke(HttpContext context)
         at Microsoft.AspNetCore.Authentication.AuthenticationMiddleware.Invoke(HttpContext context)
         at Swashbuckle.AspNetCore.SwaggerUI.SwaggerUIMiddleware.Invoke(HttpContext httpContext)
         at Swashbuckle.AspNetCore.Swagger.SwaggerMiddleware.Invoke(HttpContext httpContext, ISwaggerProvider swaggerProvider)
         at Microsoft.AspNetCore.Diagnostics.ExceptionHandlerMiddlewareImpl.<Invoke>g__Awaited|10_0(ExceptionHandlerMiddlewareImpl middleware, HttpContext context, Task task)
      ClientConnectionId:8dc38f7a-1540-4184-a7d8-7d911e1eedad
      Error Number:208,State:1,Class:16
dbug: Microsoft.EntityFrameworkCore.Infrastructure[10407]
      'AppDbContext' disposed.
dbug: Microsoft.EntityFrameworkCore.Database.Connection[20007]
      Disposing connection to database 'EduConnectDb' on server 'localhost\SQLEXPRESS'.
dbug: Microsoft.EntityFrameworkCore.Database.Connection[20008]
      Disposed connection to database '' on server '' (0ms).
info: Microsoft.AspNetCore.Hosting.Diagnostics[2]
      Request finished HTTP/1.1 GET http://localhost:5160/api/posts?page=1&pageSize=10 - 500 - application/json;+charset=utf-8 12.3181ms
info: Microsoft.AspNetCore.Hosting.Diagnostics[1]
      Request starting HTTP/1.1 OPTIONS http://localhost:5160/api/posts?page=1&pageSize=10 - - -
info: Microsoft.AspNetCore.Cors.Infrastructure.CorsService[4]
      CORS policy execution successful.
info: Microsoft.AspNetCore.Hosting.Diagnostics[2]
      Request finished HTTP/1.1 OPTIONS http://localhost:5160/api/posts?page=1&pageSize=10 - 204 - - 0.6964ms
info: Microsoft.AspNetCore.Hosting.Diagnostics[1]
      Request starting HTTP/1.1 GET http://localhost:5160/api/posts?page=1&pageSize=10 - - -
info: Microsoft.AspNetCore.Cors.Infrastructure.CorsService[4]
      CORS policy execution successful.
info: Microsoft.AspNetCore.Routing.EndpointMiddleware[0]
      Executing endpoint 'EduConnect.Api.Controllers.PostsController.GetAll (EduConnect.Api)'
info: Microsoft.AspNetCore.Mvc.Infrastructure.ControllerActionInvoker[102]
      Route matched with {action = "GetAll", controller = "Posts"}. Executing controller action with signature System.Threading.Tasks.Task`1[Microsoft.AspNetCore.Mvc.ActionResult`1[EduConnect.Application.Contracts.Common.PagedResponse`1[EduConnect.Application.Contracts.Posts.PostResponse]]] GetAll(Int32, Int32, System.Threading.CancellationToken) on controller EduConnect.Api.Controllers.PostsController (EduConnect.Api).
dbug: Microsoft.EntityFrameworkCore.Infrastructure[10403]
      Entity Framework Core 10.0.5 initialized 'AppDbContext' using provider 'Microsoft.EntityFrameworkCore.SqlServer:10.0.5' with options: MigrationsAssembly=EduConnect.Infrastructure, Version=1.0.0.0, Culture=neutral, PublicKeyToken=null EngineType=SqlServer 
dbug: Microsoft.EntityFrameworkCore.Database.Connection[20005]
      Creating DbConnection.
dbug: Microsoft.EntityFrameworkCore.Database.Connection[20006]
      Created DbConnection. (0ms).
dbug: Microsoft.EntityFrameworkCore.Database.Connection[20000]
      Opening connection to database 'EduConnectDb' on server 'localhost\SQLEXPRESS'.
dbug: Microsoft.EntityFrameworkCore.Database.Connection[20001]
      Opened connection to database 'EduConnectDb' on server 'localhost\SQLEXPRESS'.
dbug: Microsoft.EntityFrameworkCore.Database.Connection[20002]
      Closing connection to database 'EduConnectDb' on server 'localhost\SQLEXPRESS'.
dbug: Microsoft.EntityFrameworkCore.Database.Connection[20003]
      Closed connection to database 'EduConnectDb' on server 'localhost\SQLEXPRESS' (0ms).
dbug: Microsoft.EntityFrameworkCore.Database.Connection[20000]
      Opening connection to database 'EduConnectDb' on server 'localhost\SQLEXPRESS'.
dbug: Microsoft.EntityFrameworkCore.Database.Connection[20001]
      Opened connection to database 'EduConnectDb' on server 'localhost\SQLEXPRESS'.
fail: Microsoft.EntityFrameworkCore.Database.Command[20102]
      Failed executing DbCommand (8ms) [Parameters=[@p='?' (DbType = Int32), @p1='?' (DbType = Int32)], CommandType='Text', CommandTimeout='30']
      SELECT [p3].[Id], [p3].[CreatedAtUtc], [p3].[PostId], [p3].[UpdatedAtUtc], [p3].[UserId], [p0].[Id], [u].[Id], [s].[Id], [g].[Id]
      FROM (
          SELECT [p].[Id], [p].[CreatedAtUtc], [p].[GroupId], [p].[UserId]
          FROM [Posts] AS [p]
          WHERE [p].[IsDeleted] = CAST(0 AS bit)
          ORDER BY [p].[CreatedAtUtc] DESC
          OFFSET @p ROWS FETCH NEXT @p1 ROWS ONLY
      ) AS [p0]
      INNER JOIN [Users] AS [u] ON [p0].[UserId] = [u].[Id]
      LEFT JOIN [StudentProfiles] AS [s] ON [u].[Id] = [s].[UserId]
      LEFT JOIN [Groups] AS [g] ON [p0].[GroupId] = [g].[Id]
      INNER JOIN [PostBookmarks] AS [p3] ON [p0].[Id] = [p3].[PostId]
      ORDER BY [p0].[CreatedAtUtc] DESC, [p0].[Id], [u].[Id], [s].[Id], [g].[Id]
fail: Microsoft.EntityFrameworkCore.Query[10100]
      An exception occurred while iterating over the results of a query for context type 'EduConnect.Infrastructure.Data.AppDbContext'.
      Microsoft.Data.SqlClient.SqlException (0x80131904): Invalid object name 'PostBookmarks'.
         at System.Threading.Tasks.ContinuationResultTaskFromResultTask`2.InnerInvoke()
         at System.Threading.ExecutionContext.RunInternal(ExecutionContext executionContext, ContextCallback callback, Object state)
      --- End of stack trace from previous location ---
         at System.Threading.ExecutionContext.RunInternal(ExecutionContext executionContext, ContextCallback callback, Object state)
         at System.Threading.Tasks.Task.ExecuteWithThreadLocal(Task& currentTaskSlot, Thread threadPoolThread)
      --- End of stack trace from previous location ---
         at Microsoft.EntityFrameworkCore.Storage.RelationalCommand.ExecuteReaderAsync(RelationalCommandParameterObject parameterObject, CancellationToken cancellationToken)
         at Microsoft.EntityFrameworkCore.Storage.RelationalCommand.ExecuteReaderAsync(RelationalCommandParameterObject parameterObject, CancellationToken cancellationToken)
         at Microsoft.EntityFrameworkCore.Query.RelationalShapedQueryCompilingExpressionVisitor.ShaperProcessingExpressionVisitor.<PopulateSplitIncludeCollectionAsync>g__InitializeReaderAsync|27_0[TIncludingEntity,TIncludedEntity](RelationalQueryContext queryContext, RelationalCommandResolver relationalCommandResolver, IReadOnlyList`1 readerColumns, Boolean detailedErrorsEnabled, CancellationToken cancellationToken)
         at Microsoft.EntityFrameworkCore.SqlServer.Storage.Internal.SqlServerExecutionStrategy.ExecuteAsync[TState,TResult](TState state, Func`4 operation, Func`4 verifySucceeded, CancellationToken cancellationToken)
         at Microsoft.EntityFrameworkCore.Query.RelationalShapedQueryCompilingExpressionVisitor.ShaperProcessingExpressionVisitor.PopulateSplitIncludeCollectionAsync[TIncludingEntity,TIncludedEntity](Int32 collectionId, RelationalQueryContext queryContext, IExecutionStrategy executionStrategy, RelationalCommandResolver relationalCommandResolver, IReadOnlyList`1 readerColumns, Boolean detailedErrorsEnabled, SplitQueryResultCoordinator resultCoordinator, Func`3 childIdentifier, IReadOnlyList`1 identifierValueComparers, Func`5 innerShaper, Func`4 relatedDataLoaders, INavigationBase inverseNavigation, Action`2 fixup, Boolean trackingQuery)
         at Microsoft.EntityFrameworkCore.Query.RelationalShapedQueryCompilingExpressionVisitor.ShaperProcessingExpressionVisitor.TaskAwaiter(Func`1[] taskFactories)
         at Microsoft.EntityFrameworkCore.Query.Internal.SplitQueryingEnumerable`1.AsyncEnumerator.MoveNextAsync()
      ClientConnectionId:8dc38f7a-1540-4184-a7d8-7d911e1eedad
      Error Number:208,State:1,Class:16
      Microsoft.Data.SqlClient.SqlException (0x80131904): Invalid object name 'PostBookmarks'.
         at System.Threading.Tasks.ContinuationResultTaskFromResultTask`2.InnerInvoke()
         at System.Threading.ExecutionContext.RunInternal(ExecutionContext executionContext, ContextCallback callback, Object state)
      --- End of stack trace from previous location ---
         at System.Threading.ExecutionContext.RunInternal(ExecutionContext executionContext, ContextCallback callback, Object state)
         at System.Threading.Tasks.Task.ExecuteWithThreadLocal(Task& currentTaskSlot, Thread threadPoolThread)
      --- End of stack trace from previous location ---
         at Microsoft.EntityFrameworkCore.Storage.RelationalCommand.ExecuteReaderAsync(RelationalCommandParameterObject parameterObject, CancellationToken cancellationToken)
         at Microsoft.EntityFrameworkCore.Storage.RelationalCommand.ExecuteReaderAsync(RelationalCommandParameterObject parameterObject, CancellationToken cancellationToken)
         at Microsoft.EntityFrameworkCore.Query.RelationalShapedQueryCompilingExpressionVisitor.ShaperProcessingExpressionVisitor.<PopulateSplitIncludeCollectionAsync>g__InitializeReaderAsync|27_0[TIncludingEntity,TIncludedEntity](RelationalQueryContext queryContext, RelationalCommandResolver relationalCommandResolver, IReadOnlyList`1 readerColumns, Boolean detailedErrorsEnabled, CancellationToken cancellationToken)
         at Microsoft.EntityFrameworkCore.SqlServer.Storage.Internal.SqlServerExecutionStrategy.ExecuteAsync[TState,TResult](TState state, Func`4 operation, Func`4 verifySucceeded, CancellationToken cancellationToken)
         at Microsoft.EntityFrameworkCore.Query.RelationalShapedQueryCompilingExpressionVisitor.ShaperProcessingExpressionVisitor.PopulateSplitIncludeCollectionAsync[TIncludingEntity,TIncludedEntity](Int32 collectionId, RelationalQueryContext queryContext, IExecutionStrategy executionStrategy, RelationalCommandResolver relationalCommandResolver, IReadOnlyList`1 readerColumns, Boolean detailedErrorsEnabled, SplitQueryResultCoordinator resultCoordinator, Func`3 childIdentifier, IReadOnlyList`1 identifierValueComparers, Func`5 innerShaper, Func`4 relatedDataLoaders, INavigationBase inverseNavigation, Action`2 fixup, Boolean trackingQuery)
         at Microsoft.EntityFrameworkCore.Query.RelationalShapedQueryCompilingExpressionVisitor.ShaperProcessingExpressionVisitor.TaskAwaiter(Func`1[] taskFactories)
         at Microsoft.EntityFrameworkCore.Query.Internal.SplitQueryingEnumerable`1.AsyncEnumerator.MoveNextAsync()
      ClientConnectionId:8dc38f7a-1540-4184-a7d8-7d911e1eedad
      Error Number:208,State:1,Class:16
dbug: Microsoft.EntityFrameworkCore.Database.Connection[20002]
      Closing connection to database 'EduConnectDb' on server 'localhost\SQLEXPRESS'.
dbug: Microsoft.EntityFrameworkCore.Database.Connection[20003]
      Closed connection to database 'EduConnectDb' on server 'localhost\SQLEXPRESS' (0ms).
info: Microsoft.AspNetCore.Mvc.Infrastructure.ControllerActionInvoker[105]
      Executed action EduConnect.Api.Controllers.PostsController.GetAll (EduConnect.Api) in 78.0384ms
info: Microsoft.AspNetCore.Routing.EndpointMiddleware[1]
      Executed endpoint 'EduConnect.Api.Controllers.PostsController.GetAll (EduConnect.Api)'
fail: EduConnect.Api.Middleware.GlobalExceptionHandler[0]
      Unhandled exception occurred while processing the request.
      Microsoft.Data.SqlClient.SqlException (0x80131904): Invalid object name 'PostBookmarks'.
         at System.Threading.Tasks.ContinuationResultTaskFromResultTask`2.InnerInvoke()
         at System.Threading.ExecutionContext.RunInternal(ExecutionContext executionContext, ContextCallback callback, Object state)
      --- End of stack trace from previous location ---
         at System.Threading.ExecutionContext.RunInternal(ExecutionContext executionContext, ContextCallback callback, Object state)
         at System.Threading.Tasks.Task.ExecuteWithThreadLocal(Task& currentTaskSlot, Thread threadPoolThread)
      --- End of stack trace from previous location ---
         at Microsoft.EntityFrameworkCore.Storage.RelationalCommand.ExecuteReaderAsync(RelationalCommandParameterObject parameterObject, CancellationToken cancellationToken)
         at Microsoft.EntityFrameworkCore.Storage.RelationalCommand.ExecuteReaderAsync(RelationalCommandParameterObject parameterObject, CancellationToken cancellationToken)
         at Microsoft.EntityFrameworkCore.Query.RelationalShapedQueryCompilingExpressionVisitor.ShaperProcessingExpressionVisitor.<PopulateSplitIncludeCollectionAsync>g__InitializeReaderAsync|27_0[TIncludingEntity,TIncludedEntity](RelationalQueryContext queryContext, RelationalCommandResolver relationalCommandResolver, IReadOnlyList`1 readerColumns, Boolean detailedErrorsEnabled, CancellationToken cancellationToken)
         at Microsoft.EntityFrameworkCore.SqlServer.Storage.Internal.SqlServerExecutionStrategy.ExecuteAsync[TState,TResult](TState state, Func`4 operation, Func`4 verifySucceeded, CancellationToken cancellationToken)
         at Microsoft.EntityFrameworkCore.Query.RelationalShapedQueryCompilingExpressionVisitor.ShaperProcessingExpressionVisitor.PopulateSplitIncludeCollectionAsync[TIncludingEntity,TIncludedEntity](Int32 collectionId, RelationalQueryContext queryContext, IExecutionStrategy executionStrategy, RelationalCommandResolver relationalCommandResolver, IReadOnlyList`1 readerColumns, Boolean detailedErrorsEnabled, SplitQueryResultCoordinator resultCoordinator, Func`3 childIdentifier, IReadOnlyList`1 identifierValueComparers, Func`5 innerShaper, Func`4 relatedDataLoaders, INavigationBase inverseNavigation, Action`2 fixup, Boolean trackingQuery)
         at Microsoft.EntityFrameworkCore.Query.RelationalShapedQueryCompilingExpressionVisitor.ShaperProcessingExpressionVisitor.TaskAwaiter(Func`1[] taskFactories)
         at Microsoft.EntityFrameworkCore.Query.Internal.SplitQueryingEnumerable`1.AsyncEnumerator.MoveNextAsync()
         at Microsoft.EntityFrameworkCore.EntityFrameworkQueryableExtensions.ToListAsync[TSource](IQueryable`1 source, CancellationToken cancellationToken)
         at Microsoft.EntityFrameworkCore.EntityFrameworkQueryableExtensions.ToListAsync[TSource](IQueryable`1 source, CancellationToken cancellationToken)
         at EduConnect.Api.Controllers.PostsController.GetAll(Int32 page, Int32 pageSize, CancellationToken cancellationToken) in C:\Users\FIRAT\Desktop\Tubitak-Tez\backend\src\EduConnect.Api\Controllers\PostsController.cs:line 34
         at lambda_method50(Closure, Object)
         at Microsoft.AspNetCore.Mvc.Infrastructure.ActionMethodExecutor.AwaitableObjectResultExecutor.Execute(ActionContext actionContext, IActionResultTypeMapper mapper, ObjectMethodExecutor executor, Object controller, Object[] arguments)
         at Microsoft.AspNetCore.Mvc.Infrastructure.ControllerActionInvoker.<InvokeActionMethodAsync>g__Awaited|12_0(ControllerActionInvoker invoker, ValueTask`1 actionResultValueTask)
         at Microsoft.AspNetCore.Mvc.Infrastructure.ControllerActionInvoker.<InvokeNextActionFilterAsync>g__Awaited|10_0(ControllerActionInvoker invoker, Task lastTask, State next, Scope scope, Object state, Boolean isCompleted)
         at Microsoft.AspNetCore.Mvc.Infrastructure.ControllerActionInvoker.Rethrow(ActionExecutedContextSealed context)
         at Microsoft.AspNetCore.Mvc.Infrastructure.ControllerActionInvoker.Next(State& next, Scope& scope, Object& state, Boolean& isCompleted)
         at Microsoft.AspNetCore.Mvc.Infrastructure.ControllerActionInvoker.<InvokeInnerFilterAsync>g__Awaited|13_0(ControllerActionInvoker invoker, Task lastTask, State next, Scope scope, Object state, Boolean isCompleted)
         at Microsoft.AspNetCore.Mvc.Infrastructure.ResourceInvoker.<InvokeFilterPipelineAsync>g__Awaited|20_0(ResourceInvoker invoker, Task lastTask, State next, Scope scope, Object state, Boolean isCompleted)
         at Microsoft.AspNetCore.Mvc.Infrastructure.ResourceInvoker.<InvokeAsync>g__Logged|17_1(ResourceInvoker invoker)
         at Microsoft.AspNetCore.Mvc.Infrastructure.ResourceInvoker.<InvokeAsync>g__Logged|17_1(ResourceInvoker invoker)
         at Microsoft.AspNetCore.Routing.EndpointMiddleware.<Invoke>g__AwaitRequestTask|7_0(Endpoint endpoint, Task requestTask, ILogger logger)
         at Microsoft.AspNetCore.Authorization.AuthorizationMiddleware.Invoke(HttpContext context)
         at Microsoft.AspNetCore.Authentication.AuthenticationMiddleware.Invoke(HttpContext context)
         at Swashbuckle.AspNetCore.SwaggerUI.SwaggerUIMiddleware.Invoke(HttpContext httpContext)
         at Swashbuckle.AspNetCore.Swagger.SwaggerMiddleware.Invoke(HttpContext httpContext, ISwaggerProvider swaggerProvider)
         at Microsoft.AspNetCore.Diagnostics.ExceptionHandlerMiddlewareImpl.<Invoke>g__Awaited|10_0(ExceptionHandlerMiddlewareImpl middleware, HttpContext context, Task task)
      ClientConnectionId:8dc38f7a-1540-4184-a7d8-7d911e1eedad
      Error Number:208,State:1,Class:16
dbug: Microsoft.EntityFrameworkCore.Infrastructure[10407]
      'AppDbContext' disposed.
dbug: Microsoft.EntityFrameworkCore.Database.Connection[20007]
      Disposing connection to database 'EduConnectDb' on server 'localhost\SQLEXPRESS'.
dbug: Microsoft.EntityFrameworkCore.Database.Connection[20008]
      Disposed connection to database '' on server '' (0ms).
info: Microsoft.AspNetCore.Hosting.Diagnostics[2]
      Request finished HTTP/1.1 GET http://localhost:5160/api/posts?page=1&pageSize=10 - 500 - application/json;+charset=utf-8 83.5137ms
info: Microsoft.AspNetCore.Hosting.Diagnostics[1]
      Request starting HTTP/1.1 GET http://localhost:5160/api/posts?page=1&pageSize=10 - - -
info: Microsoft.AspNetCore.Cors.Infrastructure.CorsService[4]
      CORS policy execution successful.
info: Microsoft.AspNetCore.Routing.EndpointMiddleware[0]
      Executing endpoint 'EduConnect.Api.Controllers.PostsController.GetAll (EduConnect.Api)'
info: Microsoft.AspNetCore.Mvc.Infrastructure.ControllerActionInvoker[102]
      Route matched with {action = "GetAll", controller = "Posts"}. Executing controller action with signature System.Threading.Tasks.Task`1[Microsoft.AspNetCore.Mvc.ActionResult`1[EduConnect.Application.Contracts.Common.PagedResponse`1[EduConnect.Application.Contracts.Posts.PostResponse]]] GetAll(Int32, Int32, System.Threading.CancellationToken) on controller EduConnect.Api.Controllers.PostsController (EduConnect.Api).
dbug: Microsoft.EntityFrameworkCore.Infrastructure[10403]
      Entity Framework Core 10.0.5 initialized 'AppDbContext' using provider 'Microsoft.EntityFrameworkCore.SqlServer:10.0.5' with options: MigrationsAssembly=EduConnect.Infrastructure, Version=1.0.0.0, Culture=neutral, PublicKeyToken=null EngineType=SqlServer 
dbug: Microsoft.EntityFrameworkCore.Database.Connection[20005]
      Creating DbConnection.
dbug: Microsoft.EntityFrameworkCore.Database.Connection[20006]
      Created DbConnection. (0ms).
dbug: Microsoft.EntityFrameworkCore.Database.Connection[20000]
      Opening connection to database 'EduConnectDb' on server 'localhost\SQLEXPRESS'.
dbug: Microsoft.EntityFrameworkCore.Database.Connection[20001]
      Opened connection to database 'EduConnectDb' on server 'localhost\SQLEXPRESS'.
dbug: Microsoft.EntityFrameworkCore.Database.Connection[20002]
      Closing connection to database 'EduConnectDb' on server 'localhost\SQLEXPRESS'.
dbug: Microsoft.EntityFrameworkCore.Database.Connection[20003]
      Closed connection to database 'EduConnectDb' on server 'localhost\SQLEXPRESS' (0ms).
dbug: Microsoft.EntityFrameworkCore.Database.Connection[20000]
      Opening connection to database 'EduConnectDb' on server 'localhost\SQLEXPRESS'.
dbug: Microsoft.EntityFrameworkCore.Database.Connection[20001]
      Opened connection to database 'EduConnectDb' on server 'localhost\SQLEXPRESS'.
fail: Microsoft.EntityFrameworkCore.Database.Command[20102]
      Failed executing DbCommand (1ms) [Parameters=[@p='?' (DbType = Int32), @p1='?' (DbType = Int32)], CommandType='Text', CommandTimeout='30']
      SELECT [p3].[Id], [p3].[CreatedAtUtc], [p3].[PostId], [p3].[UpdatedAtUtc], [p3].[UserId], [p0].[Id], [u].[Id], [s].[Id], [g].[Id]
      FROM (
          SELECT [p].[Id], [p].[CreatedAtUtc], [p].[GroupId], [p].[UserId]
          FROM [Posts] AS [p]
          WHERE [p].[IsDeleted] = CAST(0 AS bit)
          ORDER BY [p].[CreatedAtUtc] DESC
          OFFSET @p ROWS FETCH NEXT @p1 ROWS ONLY
      ) AS [p0]
      INNER JOIN [Users] AS [u] ON [p0].[UserId] = [u].[Id]
      LEFT JOIN [StudentProfiles] AS [s] ON [u].[Id] = [s].[UserId]
      LEFT JOIN [Groups] AS [g] ON [p0].[GroupId] = [g].[Id]
      INNER JOIN [PostBookmarks] AS [p3] ON [p0].[Id] = [p3].[PostId]
      ORDER BY [p0].[CreatedAtUtc] DESC, [p0].[Id], [u].[Id], [s].[Id], [g].[Id]
fail: Microsoft.EntityFrameworkCore.Query[10100]
      An exception occurred while iterating over the results of a query for context type 'EduConnect.Infrastructure.Data.AppDbContext'.
      Microsoft.Data.SqlClient.SqlException (0x80131904): Invalid object name 'PostBookmarks'.
         at System.Threading.Tasks.ContinuationResultTaskFromResultTask`2.InnerInvoke()
         at System.Threading.ExecutionContext.RunInternal(ExecutionContext executionContext, ContextCallback callback, Object state)
      --- End of stack trace from previous location ---
         at System.Threading.ExecutionContext.RunInternal(ExecutionContext executionContext, ContextCallback callback, Object state)
         at System.Threading.Tasks.Task.ExecuteWithThreadLocal(Task& currentTaskSlot, Thread threadPoolThread)
      --- End of stack trace from previous location ---
         at Microsoft.EntityFrameworkCore.Storage.RelationalCommand.ExecuteReaderAsync(RelationalCommandParameterObject parameterObject, CancellationToken cancellationToken)
         at Microsoft.EntityFrameworkCore.Storage.RelationalCommand.ExecuteReaderAsync(RelationalCommandParameterObject parameterObject, CancellationToken cancellationToken)
         at Microsoft.EntityFrameworkCore.Query.RelationalShapedQueryCompilingExpressionVisitor.ShaperProcessingExpressionVisitor.<PopulateSplitIncludeCollectionAsync>g__InitializeReaderAsync|27_0[TIncludingEntity,TIncludedEntity](RelationalQueryContext queryContext, RelationalCommandResolver relationalCommandResolver, IReadOnlyList`1 readerColumns, Boolean detailedErrorsEnabled, CancellationToken cancellationToken)
         at Microsoft.EntityFrameworkCore.SqlServer.Storage.Internal.SqlServerExecutionStrategy.ExecuteAsync[TState,TResult](TState state, Func`4 operation, Func`4 verifySucceeded, CancellationToken cancellationToken)
         at Microsoft.EntityFrameworkCore.Query.RelationalShapedQueryCompilingExpressionVisitor.ShaperProcessingExpressionVisitor.PopulateSplitIncludeCollectionAsync[TIncludingEntity,TIncludedEntity](Int32 collectionId, RelationalQueryContext queryContext, IExecutionStrategy executionStrategy, RelationalCommandResolver relationalCommandResolver, IReadOnlyList`1 readerColumns, Boolean detailedErrorsEnabled, SplitQueryResultCoordinator resultCoordinator, Func`3 childIdentifier, IReadOnlyList`1 identifierValueComparers, Func`5 innerShaper, Func`4 relatedDataLoaders, INavigationBase inverseNavigation, Action`2 fixup, Boolean trackingQuery)
         at Microsoft.EntityFrameworkCore.Query.RelationalShapedQueryCompilingExpressionVisitor.ShaperProcessingExpressionVisitor.TaskAwaiter(Func`1[] taskFactories)
         at Microsoft.EntityFrameworkCore.Query.Internal.SplitQueryingEnumerable`1.AsyncEnumerator.MoveNextAsync()
      ClientConnectionId:8dc38f7a-1540-4184-a7d8-7d911e1eedad
      Error Number:208,State:1,Class:16
      Microsoft.Data.SqlClient.SqlException (0x80131904): Invalid object name 'PostBookmarks'.
         at System.Threading.Tasks.ContinuationResultTaskFromResultTask`2.InnerInvoke()
         at System.Threading.ExecutionContext.RunInternal(ExecutionContext executionContext, ContextCallback callback, Object state)
      --- End of stack trace from previous location ---
         at System.Threading.ExecutionContext.RunInternal(ExecutionContext executionContext, ContextCallback callback, Object state)
         at System.Threading.Tasks.Task.ExecuteWithThreadLocal(Task& currentTaskSlot, Thread threadPoolThread)
      --- End of stack trace from previous location ---
         at Microsoft.EntityFrameworkCore.Storage.RelationalCommand.ExecuteReaderAsync(RelationalCommandParameterObject parameterObject, CancellationToken cancellationToken)
         at Microsoft.EntityFrameworkCore.Storage.RelationalCommand.ExecuteReaderAsync(RelationalCommandParameterObject parameterObject, CancellationToken cancellationToken)
         at Microsoft.EntityFrameworkCore.Query.RelationalShapedQueryCompilingExpressionVisitor.ShaperProcessingExpressionVisitor.<PopulateSplitIncludeCollectionAsync>g__InitializeReaderAsync|27_0[TIncludingEntity,TIncludedEntity](RelationalQueryContext queryContext, RelationalCommandResolver relationalCommandResolver, IReadOnlyList`1 readerColumns, Boolean detailedErrorsEnabled, CancellationToken cancellationToken)
         at Microsoft.EntityFrameworkCore.SqlServer.Storage.Internal.SqlServerExecutionStrategy.ExecuteAsync[TState,TResult](TState state, Func`4 operation, Func`4 verifySucceeded, CancellationToken cancellationToken)
         at Microsoft.EntityFrameworkCore.Query.RelationalShapedQueryCompilingExpressionVisitor.ShaperProcessingExpressionVisitor.PopulateSplitIncludeCollectionAsync[TIncludingEntity,TIncludedEntity](Int32 collectionId, RelationalQueryContext queryContext, IExecutionStrategy executionStrategy, RelationalCommandResolver relationalCommandResolver, IReadOnlyList`1 readerColumns, Boolean detailedErrorsEnabled, SplitQueryResultCoordinator resultCoordinator, Func`3 childIdentifier, IReadOnlyList`1 identifierValueComparers, Func`5 innerShaper, Func`4 relatedDataLoaders, INavigationBase inverseNavigation, Action`2 fixup, Boolean trackingQuery)
         at Microsoft.EntityFrameworkCore.Query.RelationalShapedQueryCompilingExpressionVisitor.ShaperProcessingExpressionVisitor.TaskAwaiter(Func`1[] taskFactories)
         at Microsoft.EntityFrameworkCore.Query.Internal.SplitQueryingEnumerable`1.AsyncEnumerator.MoveNextAsync()
      ClientConnectionId:8dc38f7a-1540-4184-a7d8-7d911e1eedad
      Error Number:208,State:1,Class:16
dbug: Microsoft.EntityFrameworkCore.Database.Connection[20002]
      Closing connection to database 'EduConnectDb' on server 'localhost\SQLEXPRESS'.
dbug: Microsoft.EntityFrameworkCore.Database.Connection[20003]
      Closed connection to database 'EduConnectDb' on server 'localhost\SQLEXPRESS' (0ms).
info: Microsoft.AspNetCore.Mvc.Infrastructure.ControllerActionInvoker[105]
      Executed action EduConnect.Api.Controllers.PostsController.GetAll (EduConnect.Api) in 10.8092ms
info: Microsoft.AspNetCore.Routing.EndpointMiddleware[1]
      Executed endpoint 'EduConnect.Api.Controllers.PostsController.GetAll (EduConnect.Api)'
fail: EduConnect.Api.Middleware.GlobalExceptionHandler[0]
      Unhandled exception occurred while processing the request.
      Microsoft.Data.SqlClient.SqlException (0x80131904): Invalid object name 'PostBookmarks'.
         at System.Threading.Tasks.ContinuationResultTaskFromResultTask`2.InnerInvoke()
         at System.Threading.ExecutionContext.RunInternal(ExecutionContext executionContext, ContextCallback callback, Object state)
      --- End of stack trace from previous location ---
         at System.Threading.ExecutionContext.RunInternal(ExecutionContext executionContext, ContextCallback callback, Object state)
         at System.Threading.Tasks.Task.ExecuteWithThreadLocal(Task& currentTaskSlot, Thread threadPoolThread)
      --- End of stack trace from previous location ---
         at Microsoft.EntityFrameworkCore.Storage.RelationalCommand.ExecuteReaderAsync(RelationalCommandParameterObject parameterObject, CancellationToken cancellationToken)
         at Microsoft.EntityFrameworkCore.Storage.RelationalCommand.ExecuteReaderAsync(RelationalCommandParameterObject parameterObject, CancellationToken cancellationToken)
         at Microsoft.EntityFrameworkCore.Query.RelationalShapedQueryCompilingExpressionVisitor.ShaperProcessingExpressionVisitor.<PopulateSplitIncludeCollectionAsync>g__InitializeReaderAsync|27_0[TIncludingEntity,TIncludedEntity](RelationalQueryContext queryContext, RelationalCommandResolver relationalCommandResolver, IReadOnlyList`1 readerColumns, Boolean detailedErrorsEnabled, CancellationToken cancellationToken)
         at Microsoft.EntityFrameworkCore.SqlServer.Storage.Internal.SqlServerExecutionStrategy.ExecuteAsync[TState,TResult](TState state, Func`4 operation, Func`4 verifySucceeded, CancellationToken cancellationToken)
         at Microsoft.EntityFrameworkCore.Query.RelationalShapedQueryCompilingExpressionVisitor.ShaperProcessingExpressionVisitor.PopulateSplitIncludeCollectionAsync[TIncludingEntity,TIncludedEntity](Int32 collectionId, RelationalQueryContext queryContext, IExecutionStrategy executionStrategy, RelationalCommandResolver relationalCommandResolver, IReadOnlyList`1 readerColumns, Boolean detailedErrorsEnabled, SplitQueryResultCoordinator resultCoordinator, Func`3 childIdentifier, IReadOnlyList`1 identifierValueComparers, Func`5 innerShaper, Func`4 relatedDataLoaders, INavigationBase inverseNavigation, Action`2 fixup, Boolean trackingQuery)
         at Microsoft.EntityFrameworkCore.Query.RelationalShapedQueryCompilingExpressionVisitor.ShaperProcessingExpressionVisitor.TaskAwaiter(Func`1[] taskFactories)
         at Microsoft.EntityFrameworkCore.Query.Internal.SplitQueryingEnumerable`1.AsyncEnumerator.MoveNextAsync()
         at Microsoft.EntityFrameworkCore.EntityFrameworkQueryableExtensions.ToListAsync[TSource](IQueryable`1 source, CancellationToken cancellationToken)
         at Microsoft.EntityFrameworkCore.EntityFrameworkQueryableExtensions.ToListAsync[TSource](IQueryable`1 source, CancellationToken cancellationToken)
         at EduConnect.Api.Controllers.PostsController.GetAll(Int32 page, Int32 pageSize, CancellationToken cancellationToken) in C:\Users\FIRAT\Desktop\Tubitak-Tez\backend\src\EduConnect.Api\Controllers\PostsController.cs:line 34
         at lambda_method50(Closure, Object)
         at Microsoft.AspNetCore.Mvc.Infrastructure.ActionMethodExecutor.AwaitableObjectResultExecutor.Execute(ActionContext actionContext, IActionResultTypeMapper mapper, ObjectMethodExecutor executor, Object controller, Object[] arguments)
         at Microsoft.AspNetCore.Mvc.Infrastructure.ControllerActionInvoker.<InvokeActionMethodAsync>g__Awaited|12_0(ControllerActionInvoker invoker, ValueTask`1 actionResultValueTask)
         at Microsoft.AspNetCore.Mvc.Infrastructure.ControllerActionInvoker.<InvokeNextActionFilterAsync>g__Awaited|10_0(ControllerActionInvoker invoker, Task lastTask, State next, Scope scope, Object state, Boolean isCompleted)
         at Microsoft.AspNetCore.Mvc.Infrastructure.ControllerActionInvoker.Rethrow(ActionExecutedContextSealed context)
         at Microsoft.AspNetCore.Mvc.Infrastructure.ControllerActionInvoker.Next(State& next, Scope& scope, Object& state, Boolean& isCompleted)
         at Microsoft.AspNetCore.Mvc.Infrastructure.ControllerActionInvoker.<InvokeInnerFilterAsync>g__Awaited|13_0(ControllerActionInvoker invoker, Task lastTask, State next, Scope scope, Object state, Boolean isCompleted)
         at Microsoft.AspNetCore.Mvc.Infrastructure.ResourceInvoker.<InvokeFilterPipelineAsync>g__Awaited|20_0(ResourceInvoker invoker, Task lastTask, State next, Scope scope, Object state, Boolean isCompleted)
         at Microsoft.AspNetCore.Mvc.Infrastructure.ResourceInvoker.<InvokeAsync>g__Logged|17_1(ResourceInvoker invoker)
         at Microsoft.AspNetCore.Mvc.Infrastructure.ResourceInvoker.<InvokeAsync>g__Logged|17_1(ResourceInvoker invoker)
         at Microsoft.AspNetCore.Routing.EndpointMiddleware.<Invoke>g__AwaitRequestTask|7_0(Endpoint endpoint, Task requestTask, ILogger logger)
         at Microsoft.AspNetCore.Authorization.AuthorizationMiddleware.Invoke(HttpContext context)
         at Microsoft.AspNetCore.Authentication.AuthenticationMiddleware.Invoke(HttpContext context)
         at Swashbuckle.AspNetCore.SwaggerUI.SwaggerUIMiddleware.Invoke(HttpContext httpContext)
         at Swashbuckle.AspNetCore.Swagger.SwaggerMiddleware.Invoke(HttpContext httpContext, ISwaggerProvider swaggerProvider)
         at Microsoft.AspNetCore.Diagnostics.ExceptionHandlerMiddlewareImpl.<Invoke>g__Awaited|10_0(ExceptionHandlerMiddlewareImpl middleware, HttpContext context, Task task)
      ClientConnectionId:8dc38f7a-1540-4184-a7d8-7d911e1eedad
      Error Number:208,State:1,Class:16
dbug: Microsoft.EntityFrameworkCore.Infrastructure[10407]
      'AppDbContext' disposed.
dbug: Microsoft.EntityFrameworkCore.Database.Connection[20007]
      Disposing connection to database 'EduConnectDb' on server 'localhost\SQLEXPRESS'.
dbug: Microsoft.EntityFrameworkCore.Database.Connection[20008]
      Disposed connection to database '' on server '' (0ms).
info: Microsoft.AspNetCore.Hosting.Diagnostics[2]
      Request finished HTTP/1.1 GET http://localhost:5160/api/posts?page=1&pageSize=10 - 500 - application/json;+charset=utf-8 14.0193ms
info: Microsoft.AspNetCore.Hosting.Diagnostics[1]
      Request starting HTTP/1.1 OPTIONS http://localhost:5160/api/posts?page=1&pageSize=10 - - -
info: Microsoft.AspNetCore.Cors.Infrastructure.CorsService[4]
      CORS policy execution successful.
info: Microsoft.AspNetCore.Hosting.Diagnostics[2]
      Request finished HTTP/1.1 OPTIONS http://localhost:5160/api/posts?page=1&pageSize=10 - 204 - - 0.2113ms
info: Microsoft.AspNetCore.Hosting.Diagnostics[1]
      Request starting HTTP/1.1 GET http://localhost:5160/api/posts?page=1&pageSize=10 - - -
info: Microsoft.AspNetCore.Cors.Infrastructure.CorsService[4]
      CORS policy execution successful.
info: Microsoft.AspNetCore.Routing.EndpointMiddleware[0]
      Executing endpoint 'EduConnect.Api.Controllers.PostsController.GetAll (EduConnect.Api)'
info: Microsoft.AspNetCore.Mvc.Infrastructure.ControllerActionInvoker[102]
      Route matched with {action = "GetAll", controller = "Posts"}. Executing controller action with signature System.Threading.Tasks.Task`1[Microsoft.AspNetCore.Mvc.ActionResult`1[EduConnect.Application.Contracts.Common.PagedResponse`1[EduConnect.Application.Contracts.Posts.PostResponse]]] GetAll(Int32, Int32, System.Threading.CancellationToken) on controller EduConnect.Api.Controllers.PostsController (EduConnect.Api).
dbug: Microsoft.EntityFrameworkCore.Infrastructure[10403]
      Entity Framework Core 10.0.5 initialized 'AppDbContext' using provider 'Microsoft.EntityFrameworkCore.SqlServer:10.0.5' with options: MigrationsAssembly=EduConnect.Infrastructure, Version=1.0.0.0, Culture=neutral, PublicKeyToken=null EngineType=SqlServer 
dbug: Microsoft.EntityFrameworkCore.Database.Connection[20005]
      Creating DbConnection.
dbug: Microsoft.EntityFrameworkCore.Database.Connection[20006]
      Created DbConnection. (0ms).
dbug: Microsoft.EntityFrameworkCore.Database.Connection[20000]
      Opening connection to database 'EduConnectDb' on server 'localhost\SQLEXPRESS'.
dbug: Microsoft.EntityFrameworkCore.Database.Connection[20001]
      Opened connection to database 'EduConnectDb' on server 'localhost\SQLEXPRESS'.
dbug: Microsoft.EntityFrameworkCore.Database.Connection[20002]
      Closing connection to database 'EduConnectDb' on server 'localhost\SQLEXPRESS'.
dbug: Microsoft.EntityFrameworkCore.Database.Connection[20003]
      Closed connection to database 'EduConnectDb' on server 'localhost\SQLEXPRESS' (0ms).
dbug: Microsoft.EntityFrameworkCore.Database.Connection[20000]
      Opening connection to database 'EduConnectDb' on server 'localhost\SQLEXPRESS'.
dbug: Microsoft.EntityFrameworkCore.Database.Connection[20001]
      Opened connection to database 'EduConnectDb' on server 'localhost\SQLEXPRESS'.
fail: Microsoft.EntityFrameworkCore.Database.Command[20102]
      Failed executing DbCommand (1ms) [Parameters=[@p='?' (DbType = Int32), @p1='?' (DbType = Int32)], CommandType='Text', CommandTimeout='30']
      SELECT [p3].[Id], [p3].[CreatedAtUtc], [p3].[PostId], [p3].[UpdatedAtUtc], [p3].[UserId], [p0].[Id], [u].[Id], [s].[Id], [g].[Id]
      FROM (
          SELECT [p].[Id], [p].[CreatedAtUtc], [p].[GroupId], [p].[UserId]
          FROM [Posts] AS [p]
          WHERE [p].[IsDeleted] = CAST(0 AS bit)
          ORDER BY [p].[CreatedAtUtc] DESC
          OFFSET @p ROWS FETCH NEXT @p1 ROWS ONLY
      ) AS [p0]
      INNER JOIN [Users] AS [u] ON [p0].[UserId] = [u].[Id]
      LEFT JOIN [StudentProfiles] AS [s] ON [u].[Id] = [s].[UserId]
      LEFT JOIN [Groups] AS [g] ON [p0].[GroupId] = [g].[Id]
      INNER JOIN [PostBookmarks] AS [p3] ON [p0].[Id] = [p3].[PostId]
      ORDER BY [p0].[CreatedAtUtc] DESC, [p0].[Id], [u].[Id], [s].[Id], [g].[Id]
fail: Microsoft.EntityFrameworkCore.Query[10100]
      An exception occurred while iterating over the results of a query for context type 'EduConnect.Infrastructure.Data.AppDbContext'.
      Microsoft.Data.SqlClient.SqlException (0x80131904): Invalid object name 'PostBookmarks'.
         at System.Threading.Tasks.ContinuationResultTaskFromResultTask`2.InnerInvoke()
         at System.Threading.ExecutionContext.RunInternal(ExecutionContext executionContext, ContextCallback callback, Object state)
      --- End of stack trace from previous location ---
         at System.Threading.ExecutionContext.RunInternal(ExecutionContext executionContext, ContextCallback callback, Object state)
         at System.Threading.Tasks.Task.ExecuteWithThreadLocal(Task& currentTaskSlot, Thread threadPoolThread)
      --- End of stack trace from previous location ---
         at Microsoft.EntityFrameworkCore.Storage.RelationalCommand.ExecuteReaderAsync(RelationalCommandParameterObject parameterObject, CancellationToken cancellationToken)
         at Microsoft.EntityFrameworkCore.Storage.RelationalCommand.ExecuteReaderAsync(RelationalCommandParameterObject parameterObject, CancellationToken cancellationToken)
         at Microsoft.EntityFrameworkCore.Query.RelationalShapedQueryCompilingExpressionVisitor.ShaperProcessingExpressionVisitor.<PopulateSplitIncludeCollectionAsync>g__InitializeReaderAsync|27_0[TIncludingEntity,TIncludedEntity](RelationalQueryContext queryContext, RelationalCommandResolver relationalCommandResolver, IReadOnlyList`1 readerColumns, Boolean detailedErrorsEnabled, CancellationToken cancellationToken)
         at Microsoft.EntityFrameworkCore.SqlServer.Storage.Internal.SqlServerExecutionStrategy.ExecuteAsync[TState,TResult](TState state, Func`4 operation, Func`4 verifySucceeded, CancellationToken cancellationToken)
         at Microsoft.EntityFrameworkCore.Query.RelationalShapedQueryCompilingExpressionVisitor.ShaperProcessingExpressionVisitor.PopulateSplitIncludeCollectionAsync[TIncludingEntity,TIncludedEntity](Int32 collectionId, RelationalQueryContext queryContext, IExecutionStrategy executionStrategy, RelationalCommandResolver relationalCommandResolver, IReadOnlyList`1 readerColumns, Boolean detailedErrorsEnabled, SplitQueryResultCoordinator resultCoordinator, Func`3 childIdentifier, IReadOnlyList`1 identifierValueComparers, Func`5 innerShaper, Func`4 relatedDataLoaders, INavigationBase inverseNavigation, Action`2 fixup, Boolean trackingQuery)
         at Microsoft.EntityFrameworkCore.Query.RelationalShapedQueryCompilingExpressionVisitor.ShaperProcessingExpressionVisitor.TaskAwaiter(Func`1[] taskFactories)
         at Microsoft.EntityFrameworkCore.Query.Internal.SplitQueryingEnumerable`1.AsyncEnumerator.MoveNextAsync()
      ClientConnectionId:8dc38f7a-1540-4184-a7d8-7d911e1eedad
      Error Number:208,State:1,Class:16
      Microsoft.Data.SqlClient.SqlException (0x80131904): Invalid object name 'PostBookmarks'.
         at System.Threading.Tasks.ContinuationResultTaskFromResultTask`2.InnerInvoke()
         at System.Threading.ExecutionContext.RunInternal(ExecutionContext executionContext, ContextCallback callback, Object state)
      --- End of stack trace from previous location ---
         at System.Threading.ExecutionContext.RunInternal(ExecutionContext executionContext, ContextCallback callback, Object state)
         at System.Threading.Tasks.Task.ExecuteWithThreadLocal(Task& currentTaskSlot, Thread threadPoolThread)
      --- End of stack trace from previous location ---
         at Microsoft.EntityFrameworkCore.Storage.RelationalCommand.ExecuteReaderAsync(RelationalCommandParameterObject parameterObject, CancellationToken cancellationToken)
         at Microsoft.EntityFrameworkCore.Storage.RelationalCommand.ExecuteReaderAsync(RelationalCommandParameterObject parameterObject, CancellationToken cancellationToken)
         at Microsoft.EntityFrameworkCore.Query.RelationalShapedQueryCompilingExpressionVisitor.ShaperProcessingExpressionVisitor.<PopulateSplitIncludeCollectionAsync>g__InitializeReaderAsync|27_0[TIncludingEntity,TIncludedEntity](RelationalQueryContext queryContext, RelationalCommandResolver relationalCommandResolver, IReadOnlyList`1 readerColumns, Boolean detailedErrorsEnabled, CancellationToken cancellationToken)
         at Microsoft.EntityFrameworkCore.SqlServer.Storage.Internal.SqlServerExecutionStrategy.ExecuteAsync[TState,TResult](TState state, Func`4 operation, Func`4 verifySucceeded, CancellationToken cancellationToken)
         at Microsoft.EntityFrameworkCore.Query.RelationalShapedQueryCompilingExpressionVisitor.ShaperProcessingExpressionVisitor.PopulateSplitIncludeCollectionAsync[TIncludingEntity,TIncludedEntity](Int32 collectionId, RelationalQueryContext queryContext, IExecutionStrategy executionStrategy, RelationalCommandResolver relationalCommandResolver, IReadOnlyList`1 readerColumns, Boolean detailedErrorsEnabled, SplitQueryResultCoordinator resultCoordinator, Func`3 childIdentifier, IReadOnlyList`1 identifierValueComparers, Func`5 innerShaper, Func`4 relatedDataLoaders, INavigationBase inverseNavigation, Action`2 fixup, Boolean trackingQuery)
         at Microsoft.EntityFrameworkCore.Query.RelationalShapedQueryCompilingExpressionVisitor.ShaperProcessingExpressionVisitor.TaskAwaiter(Func`1[] taskFactories)
         at Microsoft.EntityFrameworkCore.Query.Internal.SplitQueryingEnumerable`1.AsyncEnumerator.MoveNextAsync()
      ClientConnectionId:8dc38f7a-1540-4184-a7d8-7d911e1eedad
      Error Number:208,State:1,Class:16
dbug: Microsoft.EntityFrameworkCore.Database.Connection[20002]
      Closing connection to database 'EduConnectDb' on server 'localhost\SQLEXPRESS'.
dbug: Microsoft.EntityFrameworkCore.Database.Connection[20003]
      Closed connection to database 'EduConnectDb' on server 'localhost\SQLEXPRESS' (0ms).
info: Microsoft.AspNetCore.Mvc.Infrastructure.ControllerActionInvoker[105]
      Executed action EduConnect.Api.Controllers.PostsController.GetAll (EduConnect.Api) in 8.3006ms
info: Microsoft.AspNetCore.Routing.EndpointMiddleware[1]
      Executed endpoint 'EduConnect.Api.Controllers.PostsController.GetAll (EduConnect.Api)'
fail: EduConnect.Api.Middleware.GlobalExceptionHandler[0]
      Unhandled exception occurred while processing the request.
      Microsoft.Data.SqlClient.SqlException (0x80131904): Invalid object name 'PostBookmarks'.
         at System.Threading.Tasks.ContinuationResultTaskFromResultTask`2.InnerInvoke()
         at System.Threading.ExecutionContext.RunInternal(ExecutionContext executionContext, ContextCallback callback, Object state)
      --- End of stack trace from previous location ---
         at System.Threading.ExecutionContext.RunInternal(ExecutionContext executionContext, ContextCallback callback, Object state)
         at System.Threading.Tasks.Task.ExecuteWithThreadLocal(Task& currentTaskSlot, Thread threadPoolThread)
      --- End of stack trace from previous location ---
         at Microsoft.EntityFrameworkCore.Storage.RelationalCommand.ExecuteReaderAsync(RelationalCommandParameterObject parameterObject, CancellationToken cancellationToken)
         at Microsoft.EntityFrameworkCore.Storage.RelationalCommand.ExecuteReaderAsync(RelationalCommandParameterObject parameterObject, CancellationToken cancellationToken)
         at Microsoft.EntityFrameworkCore.Query.RelationalShapedQueryCompilingExpressionVisitor.ShaperProcessingExpressionVisitor.<PopulateSplitIncludeCollectionAsync>g__InitializeReaderAsync|27_0[TIncludingEntity,TIncludedEntity](RelationalQueryContext queryContext, RelationalCommandResolver relationalCommandResolver, IReadOnlyList`1 readerColumns, Boolean detailedErrorsEnabled, CancellationToken cancellationToken)
         at Microsoft.EntityFrameworkCore.SqlServer.Storage.Internal.SqlServerExecutionStrategy.ExecuteAsync[TState,TResult](TState state, Func`4 operation, Func`4 verifySucceeded, CancellationToken cancellationToken)
         at Microsoft.EntityFrameworkCore.Query.RelationalShapedQueryCompilingExpressionVisitor.ShaperProcessingExpressionVisitor.PopulateSplitIncludeCollectionAsync[TIncludingEntity,TIncludedEntity](Int32 collectionId, RelationalQueryContext queryContext, IExecutionStrategy executionStrategy, RelationalCommandResolver relationalCommandResolver, IReadOnlyList`1 readerColumns, Boolean detailedErrorsEnabled, SplitQueryResultCoordinator resultCoordinator, Func`3 childIdentifier, IReadOnlyList`1 identifierValueComparers, Func`5 innerShaper, Func`4 relatedDataLoaders, INavigationBase inverseNavigation, Action`2 fixup, Boolean trackingQuery)
         at Microsoft.EntityFrameworkCore.Query.RelationalShapedQueryCompilingExpressionVisitor.ShaperProcessingExpressionVisitor.TaskAwaiter(Func`1[] taskFactories)
         at Microsoft.EntityFrameworkCore.Query.Internal.SplitQueryingEnumerable`1.AsyncEnumerator.MoveNextAsync()
         at Microsoft.EntityFrameworkCore.EntityFrameworkQueryableExtensions.ToListAsync[TSource](IQueryable`1 source, CancellationToken cancellationToken)
         at Microsoft.EntityFrameworkCore.EntityFrameworkQueryableExtensions.ToListAsync[TSource](IQueryable`1 source, CancellationToken cancellationToken)
         at EduConnect.Api.Controllers.PostsController.GetAll(Int32 page, Int32 pageSize, CancellationToken cancellationToken) in C:\Users\FIRAT\Desktop\Tubitak-Tez\backend\src\EduConnect.Api\Controllers\PostsController.cs:line 34
         at lambda_method50(Closure, Object)
         at Microsoft.AspNetCore.Mvc.Infrastructure.ActionMethodExecutor.AwaitableObjectResultExecutor.Execute(ActionContext actionContext, IActionResultTypeMapper mapper, ObjectMethodExecutor executor, Object controller, Object[] arguments)
         at Microsoft.AspNetCore.Mvc.Infrastructure.ControllerActionInvoker.<InvokeActionMethodAsync>g__Awaited|12_0(ControllerActionInvoker invoker, ValueTask`1 actionResultValueTask)
         at Microsoft.AspNetCore.Mvc.Infrastructure.ControllerActionInvoker.<InvokeNextActionFilterAsync>g__Awaited|10_0(ControllerActionInvoker invoker, Task lastTask, State next, Scope scope, Object state, Boolean isCompleted)
         at Microsoft.AspNetCore.Mvc.Infrastructure.ControllerActionInvoker.Rethrow(ActionExecutedContextSealed context)
         at Microsoft.AspNetCore.Mvc.Infrastructure.ControllerActionInvoker.Next(State& next, Scope& scope, Object& state, Boolean& isCompleted)
         at Microsoft.AspNetCore.Mvc.Infrastructure.ControllerActionInvoker.<InvokeInnerFilterAsync>g__Awaited|13_0(ControllerActionInvoker invoker, Task lastTask, State next, Scope scope, Object state, Boolean isCompleted)
         at Microsoft.AspNetCore.Mvc.Infrastructure.ResourceInvoker.<InvokeFilterPipelineAsync>g__Awaited|20_0(ResourceInvoker invoker, Task lastTask, State next, Scope scope, Object state, Boolean isCompleted)
         at Microsoft.AspNetCore.Mvc.Infrastructure.ResourceInvoker.<InvokeAsync>g__Logged|17_1(ResourceInvoker invoker)
         at Microsoft.AspNetCore.Mvc.Infrastructure.ResourceInvoker.<InvokeAsync>g__Logged|17_1(ResourceInvoker invoker)
         at Microsoft.AspNetCore.Routing.EndpointMiddleware.<Invoke>g__AwaitRequestTask|7_0(Endpoint endpoint, Task requestTask, ILogger logger)
         at Microsoft.AspNetCore.Authorization.AuthorizationMiddleware.Invoke(HttpContext context)
         at Microsoft.AspNetCore.Authentication.AuthenticationMiddleware.Invoke(HttpContext context)
         at Swashbuckle.AspNetCore.SwaggerUI.SwaggerUIMiddleware.Invoke(HttpContext httpContext)
         at Swashbuckle.AspNetCore.Swagger.SwaggerMiddleware.Invoke(HttpContext httpContext, ISwaggerProvider swaggerProvider)
         at Microsoft.AspNetCore.Diagnostics.ExceptionHandlerMiddlewareImpl.<Invoke>g__Awaited|10_0(ExceptionHandlerMiddlewareImpl middleware, HttpContext context, Task task)
      ClientConnectionId:8dc38f7a-1540-4184-a7d8-7d911e1eedad
      Error Number:208,State:1,Class:16
dbug: Microsoft.EntityFrameworkCore.Infrastructure[10407]
      'AppDbContext' disposed.
dbug: Microsoft.EntityFrameworkCore.Database.Connection[20007]
      Disposing connection to database 'EduConnectDb' on server 'localhost\SQLEXPRESS'.
dbug: Microsoft.EntityFrameworkCore.Database.Connection[20008]
      Disposed connection to database '' on server '' (0ms).
info: Microsoft.AspNetCore.Hosting.Diagnostics[2]
      Request finished HTTP/1.1 GET http://localhost:5160/api/posts?page=1&pageSize=10 - 500 - application/json;+charset=utf-8 12.8220ms
  ❔ Do you want to restart your app? Yes (y) / No (n) / Always (a) / Never (v)
  ❔ info: Microsoft.AspNetCore.Hosting.Diagnostics[1]
      Request starting HTTP/1.1 OPTIONS http://localhost:5160/api/posts?page=1&pageSize=10 - - -
info: Microsoft.AspNetCore.Cors.Infrastructure.CorsService[4]
      CORS policy execution successful.
info: Microsoft.AspNetCore.Hosting.Diagnostics[2]
      Request finished HTTP/1.1 OPTIONS http://localhost:5160/api/posts?page=1&pageSize=10 - 204 - - 0.2849ms
info: Microsoft.AspNetCore.Hosting.Diagnostics[1]
      Request starting HTTP/1.1 GET http://localhost:5160/api/posts?page=1&pageSize=10 - - -
info: Microsoft.AspNetCore.Cors.Infrastructure.CorsService[4]
      CORS policy execution successful.
info: Microsoft.AspNetCore.Routing.EndpointMiddleware[0]
      Executing endpoint 'EduConnect.Api.Controllers.PostsController.GetAll (EduConnect.Api)'
info: Microsoft.AspNetCore.Mvc.Infrastructure.ControllerActionInvoker[102]
      Route matched with {action = "GetAll", controller = "Posts"}. Executing controller action with signature System.Threading.Tasks.Task`1[Microsoft.AspNetCore.Mvc.ActionResult`1[EduConnect.Application.Contracts.Common.PagedResponse`1[EduConnect.Application.Contracts.Posts.PostResponse]]] GetAll(Int32, Int32, System.Threading.CancellationToken) on controller EduConnect.Api.Controllers.PostsController (EduConnect.Api).
dbug: Microsoft.EntityFrameworkCore.Infrastructure[10403]
      Entity Framework Core 10.0.5 initialized 'AppDbContext' using provider 'Microsoft.EntityFrameworkCore.SqlServer:10.0.5' with options: MigrationsAssembly=EduConnect.Infrastructure, Version=1.0.0.0, Culture=neutral, PublicKeyToken=null EngineType=SqlServer 
dbug: Microsoft.EntityFrameworkCore.Database.Connection[20005]
      Creating DbConnection.
dbug: Microsoft.EntityFrameworkCore.Database.Connection[20006]
      Created DbConnection. (0ms).
dbug: Microsoft.EntityFrameworkCore.Database.Connection[20000]
      Opening connection to database 'EduConnectDb' on server 'localhost\SQLEXPRESS'.
dbug: Microsoft.EntityFrameworkCore.Database.Connection[20001]
      Opened connection to database 'EduConnectDb' on server 'localhost\SQLEXPRESS'.
dbug: Microsoft.EntityFrameworkCore.Database.Connection[20002]
      Closing connection to database 'EduConnectDb' on server 'localhost\SQLEXPRESS'.
dbug: Microsoft.EntityFrameworkCore.Database.Connection[20003]
      Closed connection to database 'EduConnectDb' on server 'localhost\SQLEXPRESS' (0ms).
dbug: Microsoft.EntityFrameworkCore.Database.Connection[20000]
      Opening connection to database 'EduConnectDb' on server 'localhost\SQLEXPRESS'.
dbug: Microsoft.EntityFrameworkCore.Database.Connection[20001]
      Opened connection to database 'EduConnectDb' on server 'localhost\SQLEXPRESS'.
fail: Microsoft.EntityFrameworkCore.Database.Command[20102]
      Failed executing DbCommand (1ms) [Parameters=[@p='?' (DbType = Int32), @p1='?' (DbType = Int32)], CommandType='Text', CommandTimeout='30']
      SELECT [p3].[Id], [p3].[CreatedAtUtc], [p3].[PostId], [p3].[UpdatedAtUtc], [p3].[UserId], [p0].[Id], [u].[Id], [s].[Id], [g].[Id]
      FROM (
          SELECT [p].[Id], [p].[CreatedAtUtc], [p].[GroupId], [p].[UserId]
          FROM [Posts] AS [p]
          WHERE [p].[IsDeleted] = CAST(0 AS bit)
          ORDER BY [p].[CreatedAtUtc] DESC
          OFFSET @p ROWS FETCH NEXT @p1 ROWS ONLY
      ) AS [p0]
      INNER JOIN [Users] AS [u] ON [p0].[UserId] = [u].[Id]
      LEFT JOIN [StudentProfiles] AS [s] ON [u].[Id] = [s].[UserId]
      LEFT JOIN [Groups] AS [g] ON [p0].[GroupId] = [g].[Id]
      INNER JOIN [PostBookmarks] AS [p3] ON [p0].[Id] = [p3].[PostId]
      ORDER BY [p0].[CreatedAtUtc] DESC, [p0].[Id], [u].[Id], [s].[Id], [g].[Id]
fail: Microsoft.EntityFrameworkCore.Query[10100]
      An exception occurred while iterating over the results of a query for context type 'EduConnect.Infrastructure.Data.AppDbContext'.
      Microsoft.Data.SqlClient.SqlException (0x80131904): Invalid object name 'PostBookmarks'.
         at System.Threading.Tasks.ContinuationResultTaskFromResultTask`2.InnerInvoke()
         at System.Threading.ExecutionContext.RunInternal(ExecutionContext executionContext, ContextCallback callback, Object state)
      --- End of stack trace from previous location ---
         at System.Threading.ExecutionContext.RunInternal(ExecutionContext executionContext, ContextCallback callback, Object state)
         at System.Threading.Tasks.Task.ExecuteWithThreadLocal(Task& currentTaskSlot, Thread threadPoolThread)
      --- End of stack trace from previous location ---
         at Microsoft.EntityFrameworkCore.Storage.RelationalCommand.ExecuteReaderAsync(RelationalCommandParameterObject parameterObject, CancellationToken cancellationToken)
         at Microsoft.EntityFrameworkCore.Storage.RelationalCommand.ExecuteReaderAsync(RelationalCommandParameterObject parameterObject, CancellationToken cancellationToken)
         at Microsoft.EntityFrameworkCore.Query.RelationalShapedQueryCompilingExpressionVisitor.ShaperProcessingExpressionVisitor.<PopulateSplitIncludeCollectionAsync>g__InitializeReaderAsync|27_0[TIncludingEntity,TIncludedEntity](RelationalQueryContext queryContext, RelationalCommandResolver relationalCommandResolver, IReadOnlyList`1 readerColumns, Boolean detailedErrorsEnabled, CancellationToken cancellationToken)
         at Microsoft.EntityFrameworkCore.SqlServer.Storage.Internal.SqlServerExecutionStrategy.ExecuteAsync[TState,TResult](TState state, Func`4 operation, Func`4 verifySucceeded, CancellationToken cancellationToken)
         at Microsoft.EntityFrameworkCore.Query.RelationalShapedQueryCompilingExpressionVisitor.ShaperProcessingExpressionVisitor.PopulateSplitIncludeCollectionAsync[TIncludingEntity,TIncludedEntity](Int32 collectionId, RelationalQueryContext queryContext, IExecutionStrategy executionStrategy, RelationalCommandResolver relationalCommandResolver, IReadOnlyList`1 readerColumns, Boolean detailedErrorsEnabled, SplitQueryResultCoordinator resultCoordinator, Func`3 childIdentifier, IReadOnlyList`1 identifierValueComparers, Func`5 innerShaper, Func`4 relatedDataLoaders, INavigationBase inverseNavigation, Action`2 fixup, Boolean trackingQuery)
         at Microsoft.EntityFrameworkCore.Query.RelationalShapedQueryCompilingExpressionVisitor.ShaperProcessingExpressionVisitor.TaskAwaiter(Func`1[] taskFactories)
         at Microsoft.EntityFrameworkCore.Query.Internal.SplitQueryingEnumerable`1.AsyncEnumerator.MoveNextAsync()
      ClientConnectionId:8dc38f7a-1540-4184-a7d8-7d911e1eedad
      Error Number:208,State:1,Class:16
      Microsoft.Data.SqlClient.SqlException (0x80131904): Invalid object name 'PostBookmarks'.
         at System.Threading.Tasks.ContinuationResultTaskFromResultTask`2.InnerInvoke()
         at System.Threading.ExecutionContext.RunInternal(ExecutionContext executionContext, ContextCallback callback, Object state)
      --- End of stack trace from previous location ---
         at System.Threading.ExecutionContext.RunInternal(ExecutionContext executionContext, ContextCallback callback, Object state)
         at System.Threading.Tasks.Task.ExecuteWithThreadLocal(Task& currentTaskSlot, Thread threadPoolThread)
      --- End of stack trace from previous location ---
         at Microsoft.EntityFrameworkCore.Storage.RelationalCommand.ExecuteReaderAsync(RelationalCommandParameterObject parameterObject, CancellationToken cancellationToken)
         at Microsoft.EntityFrameworkCore.Storage.RelationalCommand.ExecuteReaderAsync(RelationalCommandParameterObject parameterObject, CancellationToken cancellationToken)
         at Microsoft.EntityFrameworkCore.Query.RelationalShapedQueryCompilingExpressionVisitor.ShaperProcessingExpressionVisitor.<PopulateSplitIncludeCollectionAsync>g__InitializeReaderAsync|27_0[TIncludingEntity,TIncludedEntity](RelationalQueryContext queryContext, RelationalCommandResolver relationalCommandResolver, IReadOnlyList`1 readerColumns, Boolean detailedErrorsEnabled, CancellationToken cancellationToken)
         at Microsoft.EntityFrameworkCore.SqlServer.Storage.Internal.SqlServerExecutionStrategy.ExecuteAsync[TState,TResult](TState state, Func`4 operation, Func`4 verifySucceeded, CancellationToken cancellationToken)
         at Microsoft.EntityFrameworkCore.Query.RelationalShapedQueryCompilingExpressionVisitor.ShaperProcessingExpressionVisitor.PopulateSplitIncludeCollectionAsync[TIncludingEntity,TIncludedEntity](Int32 collectionId, RelationalQueryContext queryContext, IExecutionStrategy executionStrategy, RelationalCommandResolver relationalCommandResolver, IReadOnlyList`1 readerColumns, Boolean detailedErrorsEnabled, SplitQueryResultCoordinator resultCoordinator, Func`3 childIdentifier, IReadOnlyList`1 identifierValueComparers, Func`5 innerShaper, Func`4 relatedDataLoaders, INavigationBase inverseNavigation, Action`2 fixup, Boolean trackingQuery)
         at Microsoft.EntityFrameworkCore.Query.RelationalShapedQueryCompilingExpressionVisitor.ShaperProcessingExpressionVisitor.TaskAwaiter(Func`1[] taskFactories)
         at Microsoft.EntityFrameworkCore.Query.Internal.SplitQueryingEnumerable`1.AsyncEnumerator.MoveNextAsync()
      ClientConnectionId:8dc38f7a-1540-4184-a7d8-7d911e1eedad
      Error Number:208,State:1,Class:16
dbug: Microsoft.EntityFrameworkCore.Database.Connection[20002]
      Closing connection to database 'EduConnectDb' on server 'localhost\SQLEXPRESS'.
dbug: Microsoft.EntityFrameworkCore.Database.Connection[20003]
      Closed connection to database 'EduConnectDb' on server 'localhost\SQLEXPRESS' (0ms).
info: Microsoft.AspNetCore.Mvc.Infrastructure.ControllerActionInvoker[105]
      Executed action EduConnect.Api.Controllers.PostsController.GetAll (EduConnect.Api) in 7.2781ms
info: Microsoft.AspNetCore.Routing.EndpointMiddleware[1]
      Executed endpoint 'EduConnect.Api.Controllers.PostsController.GetAll (EduConnect.Api)'
fail: EduConnect.Api.Middleware.GlobalExceptionHandler[0]
      Unhandled exception occurred while processing the request.
      Microsoft.Data.SqlClient.SqlException (0x80131904): Invalid object name 'PostBookmarks'.
         at System.Threading.Tasks.ContinuationResultTaskFromResultTask`2.InnerInvoke()
         at System.Threading.ExecutionContext.RunInternal(ExecutionContext executionContext, ContextCallback callback, Object state)
      --- End of stack trace from previous location ---
         at System.Threading.ExecutionContext.RunInternal(ExecutionContext executionContext, ContextCallback callback, Object state)
         at System.Threading.Tasks.Task.ExecuteWithThreadLocal(Task& currentTaskSlot, Thread threadPoolThread)
      --- End of stack trace from previous location ---
         at Microsoft.EntityFrameworkCore.Storage.RelationalCommand.ExecuteReaderAsync(RelationalCommandParameterObject parameterObject, CancellationToken cancellationToken)
         at Microsoft.EntityFrameworkCore.Storage.RelationalCommand.ExecuteReaderAsync(RelationalCommandParameterObject parameterObject, CancellationToken cancellationToken)
         at Microsoft.EntityFrameworkCore.Query.RelationalShapedQueryCompilingExpressionVisitor.ShaperProcessingExpressionVisitor.<PopulateSplitIncludeCollectionAsync>g__InitializeReaderAsync|27_0[TIncludingEntity,TIncludedEntity](RelationalQueryContext queryContext, RelationalCommandResolver relationalCommandResolver, IReadOnlyList`1 readerColumns, Boolean detailedErrorsEnabled, CancellationToken cancellationToken)
         at Microsoft.EntityFrameworkCore.SqlServer.Storage.Internal.SqlServerExecutionStrategy.ExecuteAsync[TState,TResult](TState state, Func`4 operation, Func`4 verifySucceeded, CancellationToken cancellationToken)
         at Microsoft.EntityFrameworkCore.Query.RelationalShapedQueryCompilingExpressionVisitor.ShaperProcessingExpressionVisitor.PopulateSplitIncludeCollectionAsync[TIncludingEntity,TIncludedEntity](Int32 collectionId, RelationalQueryContext queryContext, IExecutionStrategy executionStrategy, RelationalCommandResolver relationalCommandResolver, IReadOnlyList`1 readerColumns, Boolean detailedErrorsEnabled, SplitQueryResultCoordinator resultCoordinator, Func`3 childIdentifier, IReadOnlyList`1 identifierValueComparers, Func`5 innerShaper, Func`4 relatedDataLoaders, INavigationBase inverseNavigation, Action`2 fixup, Boolean trackingQuery)
         at Microsoft.EntityFrameworkCore.Query.RelationalShapedQueryCompilingExpressionVisitor.ShaperProcessingExpressionVisitor.TaskAwaiter(Func`1[] taskFactories)
         at Microsoft.EntityFrameworkCore.Query.Internal.SplitQueryingEnumerable`1.AsyncEnumerator.MoveNextAsync()
         at Microsoft.EntityFrameworkCore.EntityFrameworkQueryableExtensions.ToListAsync[TSource](IQueryable`1 source, CancellationToken cancellationToken)
         at Microsoft.EntityFrameworkCore.EntityFrameworkQueryableExtensions.ToListAsync[TSource](IQueryable`1 source, CancellationToken cancellationToken)
         at EduConnect.Api.Controllers.PostsController.GetAll(Int32 page, Int32 pageSize, CancellationToken cancellationToken) in C:\Users\FIRAT\Desktop\Tubitak-Tez\backend\src\EduConnect.Api\Controllers\PostsController.cs:line 34
         at lambda_method50(Closure, Object)
         at Microsoft.AspNetCore.Mvc.Infrastructure.ActionMethodExecutor.AwaitableObjectResultExecutor.Execute(ActionContext actionContext, IActionResultTypeMapper mapper, ObjectMethodExecutor executor, Object controller, Object[] arguments)
         at Microsoft.AspNetCore.Mvc.Infrastructure.ControllerActionInvoker.<InvokeActionMethodAsync>g__Awaited|12_0(ControllerActionInvoker invoker, ValueTask`1 actionResultValueTask)
         at Microsoft.AspNetCore.Mvc.Infrastructure.ControllerActionInvoker.<InvokeNextActionFilterAsync>g__Awaited|10_0(ControllerActionInvoker invoker, Task lastTask, State next, Scope scope, Object state, Boolean isCompleted)
         at Microsoft.AspNetCore.Mvc.Infrastructure.ControllerActionInvoker.Rethrow(ActionExecutedContextSealed context)
         at Microsoft.AspNetCore.Mvc.Infrastructure.ControllerActionInvoker.Next(State& next, Scope& scope, Object& state, Boolean& isCompleted)
         at Microsoft.AspNetCore.Mvc.Infrastructure.ControllerActionInvoker.<InvokeInnerFilterAsync>g__Awaited|13_0(ControllerActionInvoker invoker, Task lastTask, State next, Scope scope, Object state, Boolean isCompleted)
         at Microsoft.AspNetCore.Mvc.Infrastructure.ResourceInvoker.<InvokeFilterPipelineAsync>g__Awaited|20_0(ResourceInvoker invoker, Task lastTask, State next, Scope scope, Object state, Boolean isCompleted)
         at Microsoft.AspNetCore.Mvc.Infrastructure.ResourceInvoker.<InvokeAsync>g__Logged|17_1(ResourceInvoker invoker)
         at Microsoft.AspNetCore.Mvc.Infrastructure.ResourceInvoker.<InvokeAsync>g__Logged|17_1(ResourceInvoker invoker)
         at Microsoft.AspNetCore.Routing.EndpointMiddleware.<Invoke>g__AwaitRequestTask|7_0(Endpoint endpoint, Task requestTask, ILogger logger)
         at Microsoft.AspNetCore.Authorization.AuthorizationMiddleware.Invoke(HttpContext context)
         at Microsoft.AspNetCore.Authentication.AuthenticationMiddleware.Invoke(HttpContext context)
         at Swashbuckle.AspNetCore.SwaggerUI.SwaggerUIMiddleware.Invoke(HttpContext httpContext)
         at Swashbuckle.AspNetCore.Swagger.SwaggerMiddleware.Invoke(HttpContext httpContext, ISwaggerProvider swaggerProvider)
         at Microsoft.AspNetCore.Diagnostics.ExceptionHandlerMiddlewareImpl.<Invoke>g__Awaited|10_0(ExceptionHandlerMiddlewareImpl middleware, HttpContext context, Task task)
      ClientConnectionId:8dc38f7a-1540-4184-a7d8-7d911e1eedad
      Error Number:208,State:1,Class:16
dbug: Microsoft.EntityFrameworkCore.Infrastructure[10407]
      'AppDbContext' disposed.
dbug: Microsoft.EntityFrameworkCore.Database.Connection[20007]
      Disposing connection to database 'EduConnectDb' on server 'localhost\SQLEXPRESS'.
dbug: Microsoft.EntityFrameworkCore.Database.Connection[20008]
      Disposed connection to database '' on server '' (0ms).
info: Microsoft.AspNetCore.Hosting.Diagnostics[2]
      Request finished HTTP/1.1 GET http://localhost:5160/api/posts?page=1&pageSize=10 - 500 - application/json;+charset=utf-8 10.6596ms
info: Microsoft.AspNetCore.Hosting.Diagnostics[1]
      Request starting HTTP/1.1 GET http://localhost:5160/api/posts?page=1&pageSize=10 - - -
info: Microsoft.AspNetCore.Cors.Infrastructure.CorsService[4]
      CORS policy execution successful.
info: Microsoft.AspNetCore.Routing.EndpointMiddleware[0]
      Executing endpoint 'EduConnect.Api.Controllers.PostsController.GetAll (EduConnect.Api)'
info: Microsoft.AspNetCore.Mvc.Infrastructure.ControllerActionInvoker[102]
      Route matched with {action = "GetAll", controller = "Posts"}. Executing controller action with signature System.Threading.Tasks.Task`1[Microsoft.AspNetCore.Mvc.ActionResult`1[EduConnect.Application.Contracts.Common.PagedResponse`1[EduConnect.Application.Contracts.Posts.PostResponse]]] GetAll(Int32, Int32, System.Threading.CancellationToken) on controller EduConnect.Api.Controllers.PostsController (EduConnect.Api).
dbug: Microsoft.EntityFrameworkCore.Infrastructure[10403]
      Entity Framework Core 10.0.5 initialized 'AppDbContext' using provider 'Microsoft.EntityFrameworkCore.SqlServer:10.0.5' with options: MigrationsAssembly=EduConnect.Infrastructure, Version=1.0.0.0, Culture=neutral, PublicKeyToken=null EngineType=SqlServer 
dbug: Microsoft.EntityFrameworkCore.Database.Connection[20005]
      Creating DbConnection.
dbug: Microsoft.EntityFrameworkCore.Database.Connection[20006]
      Created DbConnection. (0ms).
dbug: Microsoft.EntityFrameworkCore.Database.Connection[20000]
      Opening connection to database 'EduConnectDb' on server 'localhost\SQLEXPRESS'.
dbug: Microsoft.EntityFrameworkCore.Database.Connection[20001]
      Opened connection to database 'EduConnectDb' on server 'localhost\SQLEXPRESS'.
dbug: Microsoft.EntityFrameworkCore.Database.Connection[20002]
      Closing connection to database 'EduConnectDb' on server 'localhost\SQLEXPRESS'.
dbug: Microsoft.EntityFrameworkCore.Database.Connection[20003]
      Closed connection to database 'EduConnectDb' on server 'localhost\SQLEXPRESS' (0ms).
dbug: Microsoft.EntityFrameworkCore.Database.Connection[20000]
      Opening connection to database 'EduConnectDb' on server 'localhost\SQLEXPRESS'.
dbug: Microsoft.EntityFrameworkCore.Database.Connection[20001]
      Opened connection to database 'EduConnectDb' on server 'localhost\SQLEXPRESS'.
fail: Microsoft.EntityFrameworkCore.Database.Command[20102]
      Failed executing DbCommand (1ms) [Parameters=[@p='?' (DbType = Int32), @p1='?' (DbType = Int32)], CommandType='Text', CommandTimeout='30']
      SELECT [p3].[Id], [p3].[CreatedAtUtc], [p3].[PostId], [p3].[UpdatedAtUtc], [p3].[UserId], [p0].[Id], [u].[Id], [s].[Id], [g].[Id]
      FROM (
          SELECT [p].[Id], [p].[CreatedAtUtc], [p].[GroupId], [p].[UserId]
          FROM [Posts] AS [p]
          WHERE [p].[IsDeleted] = CAST(0 AS bit)
          ORDER BY [p].[CreatedAtUtc] DESC
          OFFSET @p ROWS FETCH NEXT @p1 ROWS ONLY
      ) AS [p0]
      INNER JOIN [Users] AS [u] ON [p0].[UserId] = [u].[Id]
      LEFT JOIN [StudentProfiles] AS [s] ON [u].[Id] = [s].[UserId]
      LEFT JOIN [Groups] AS [g] ON [p0].[GroupId] = [g].[Id]
      INNER JOIN [PostBookmarks] AS [p3] ON [p0].[Id] = [p3].[PostId]
      ORDER BY [p0].[CreatedAtUtc] DESC, [p0].[Id], [u].[Id], [s].[Id], [g].[Id]
fail: Microsoft.EntityFrameworkCore.Query[10100]
      An exception occurred while iterating over the results of a query for context type 'EduConnect.Infrastructure.Data.AppDbContext'.
      Microsoft.Data.SqlClient.SqlException (0x80131904): Invalid object name 'PostBookmarks'.
         at System.Threading.Tasks.ContinuationResultTaskFromResultTask`2.InnerInvoke()
         at System.Threading.ExecutionContext.RunInternal(ExecutionContext executionContext, ContextCallback callback, Object state)
      --- End of stack trace from previous location ---
         at System.Threading.ExecutionContext.RunInternal(ExecutionContext executionContext, ContextCallback callback, Object state)
         at System.Threading.Tasks.Task.ExecuteWithThreadLocal(Task& currentTaskSlot, Thread threadPoolThread)
      --- End of stack trace from previous location ---
         at Microsoft.EntityFrameworkCore.Storage.RelationalCommand.ExecuteReaderAsync(RelationalCommandParameterObject parameterObject, CancellationToken cancellationToken)
         at Microsoft.EntityFrameworkCore.Storage.RelationalCommand.ExecuteReaderAsync(RelationalCommandParameterObject parameterObject, CancellationToken cancellationToken)
         at Microsoft.EntityFrameworkCore.Query.RelationalShapedQueryCompilingExpressionVisitor.ShaperProcessingExpressionVisitor.<PopulateSplitIncludeCollectionAsync>g__InitializeReaderAsync|27_0[TIncludingEntity,TIncludedEntity](RelationalQueryContext queryContext, RelationalCommandResolver relationalCommandResolver, IReadOnlyList`1 readerColumns, Boolean detailedErrorsEnabled, CancellationToken cancellationToken)
         at Microsoft.EntityFrameworkCore.SqlServer.Storage.Internal.SqlServerExecutionStrategy.ExecuteAsync[TState,TResult](TState state, Func`4 operation, Func`4 verifySucceeded, CancellationToken cancellationToken)
         at Microsoft.EntityFrameworkCore.Query.RelationalShapedQueryCompilingExpressionVisitor.ShaperProcessingExpressionVisitor.PopulateSplitIncludeCollectionAsync[TIncludingEntity,TIncludedEntity](Int32 collectionId, RelationalQueryContext queryContext, IExecutionStrategy executionStrategy, RelationalCommandResolver relationalCommandResolver, IReadOnlyList`1 readerColumns, Boolean detailedErrorsEnabled, SplitQueryResultCoordinator resultCoordinator, Func`3 childIdentifier, IReadOnlyList`1 identifierValueComparers, Func`5 innerShaper, Func`4 relatedDataLoaders, INavigationBase inverseNavigation, Action`2 fixup, Boolean trackingQuery)
         at Microsoft.EntityFrameworkCore.Query.RelationalShapedQueryCompilingExpressionVisitor.ShaperProcessingExpressionVisitor.TaskAwaiter(Func`1[] taskFactories)
         at Microsoft.EntityFrameworkCore.Query.Internal.SplitQueryingEnumerable`1.AsyncEnumerator.MoveNextAsync()
      ClientConnectionId:8dc38f7a-1540-4184-a7d8-7d911e1eedad
      Error Number:208,State:1,Class:16
      Microsoft.Data.SqlClient.SqlException (0x80131904): Invalid object name 'PostBookmarks'.
         at System.Threading.Tasks.ContinuationResultTaskFromResultTask`2.InnerInvoke()
         at System.Threading.ExecutionContext.RunInternal(ExecutionContext executionContext, ContextCallback callback, Object state)
      --- End of stack trace from previous location ---
         at System.Threading.ExecutionContext.RunInternal(ExecutionContext executionContext, ContextCallback callback, Object state)
         at System.Threading.Tasks.Task.ExecuteWithThreadLocal(Task& currentTaskSlot, Thread threadPoolThread)
      --- End of stack trace from previous location ---
         at Microsoft.EntityFrameworkCore.Storage.RelationalCommand.ExecuteReaderAsync(RelationalCommandParameterObject parameterObject, CancellationToken cancellationToken)
         at Microsoft.EntityFrameworkCore.Storage.RelationalCommand.ExecuteReaderAsync(RelationalCommandParameterObject parameterObject, CancellationToken cancellationToken)
         at Microsoft.EntityFrameworkCore.Query.RelationalShapedQueryCompilingExpressionVisitor.ShaperProcessingExpressionVisitor.<PopulateSplitIncludeCollectionAsync>g__InitializeReaderAsync|27_0[TIncludingEntity,TIncludedEntity](RelationalQueryContext queryContext, RelationalCommandResolver relationalCommandResolver, IReadOnlyList`1 readerColumns, Boolean detailedErrorsEnabled, CancellationToken cancellationToken)
         at Microsoft.EntityFrameworkCore.SqlServer.Storage.Internal.SqlServerExecutionStrategy.ExecuteAsync[TState,TResult](TState state, Func`4 operation, Func`4 verifySucceeded, CancellationToken cancellationToken)
         at Microsoft.EntityFrameworkCore.Query.RelationalShapedQueryCompilingExpressionVisitor.ShaperProcessingExpressionVisitor.PopulateSplitIncludeCollectionAsync[TIncludingEntity,TIncludedEntity](Int32 collectionId, RelationalQueryContext queryContext, IExecutionStrategy executionStrategy, RelationalCommandResolver relationalCommandResolver, IReadOnlyList`1 readerColumns, Boolean detailedErrorsEnabled, SplitQueryResultCoordinator resultCoordinator, Func`3 childIdentifier, IReadOnlyList`1 identifierValueComparers, Func`5 innerShaper, Func`4 relatedDataLoaders, INavigationBase inverseNavigation, Action`2 fixup, Boolean trackingQuery)
         at Microsoft.EntityFrameworkCore.Query.RelationalShapedQueryCompilingExpressionVisitor.ShaperProcessingExpressionVisitor.TaskAwaiter(Func`1[] taskFactories)
         at Microsoft.EntityFrameworkCore.Query.Internal.SplitQueryingEnumerable`1.AsyncEnumerator.MoveNextAsync()
      ClientConnectionId:8dc38f7a-1540-4184-a7d8-7d911e1eedad
      Error Number:208,State:1,Class:16
dbug: Microsoft.EntityFrameworkCore.Database.Connection[20002]
      Closing connection to database 'EduConnectDb' on server 'localhost\SQLEXPRESS'.
dbug: Microsoft.EntityFrameworkCore.Database.Connection[20003]
      Closed connection to database 'EduConnectDb' on server 'localhost\SQLEXPRESS' (0ms).
info: Microsoft.AspNetCore.Mvc.Infrastructure.ControllerActionInvoker[105]
      Executed action EduConnect.Api.Controllers.PostsController.GetAll (EduConnect.Api) in 8.3495ms
info: Microsoft.AspNetCore.Routing.EndpointMiddleware[1]
      Executed endpoint 'EduConnect.Api.Controllers.PostsController.GetAll (EduConnect.Api)'
fail: EduConnect.Api.Middleware.GlobalExceptionHandler[0]
      Unhandled exception occurred while processing the request.
      Microsoft.Data.SqlClient.SqlException (0x80131904): Invalid object name 'PostBookmarks'.
         at System.Threading.Tasks.ContinuationResultTaskFromResultTask`2.InnerInvoke()
         at System.Threading.ExecutionContext.RunInternal(ExecutionContext executionContext, ContextCallback callback, Object state)
      --- End of stack trace from previous location ---
         at System.Threading.ExecutionContext.RunInternal(ExecutionContext executionContext, ContextCallback callback, Object state)
         at System.Threading.Tasks.Task.ExecuteWithThreadLocal(Task& currentTaskSlot, Thread threadPoolThread)
      --- End of stack trace from previous location ---
         at Microsoft.EntityFrameworkCore.Storage.RelationalCommand.ExecuteReaderAsync(RelationalCommandParameterObject parameterObject, CancellationToken cancellationToken)
         at Microsoft.EntityFrameworkCore.Storage.RelationalCommand.ExecuteReaderAsync(RelationalCommandParameterObject parameterObject, CancellationToken cancellationToken)
         at Microsoft.EntityFrameworkCore.Query.RelationalShapedQueryCompilingExpressionVisitor.ShaperProcessingExpressionVisitor.<PopulateSplitIncludeCollectionAsync>g__InitializeReaderAsync|27_0[TIncludingEntity,TIncludedEntity](RelationalQueryContext queryContext, RelationalCommandResolver relationalCommandResolver, IReadOnlyList`1 readerColumns, Boolean detailedErrorsEnabled, CancellationToken cancellationToken)
         at Microsoft.EntityFrameworkCore.SqlServer.Storage.Internal.SqlServerExecutionStrategy.ExecuteAsync[TState,TResult](TState state, Func`4 operation, Func`4 verifySucceeded, CancellationToken cancellationToken)
         at Microsoft.EntityFrameworkCore.Query.RelationalShapedQueryCompilingExpressionVisitor.ShaperProcessingExpressionVisitor.PopulateSplitIncludeCollectionAsync[TIncludingEntity,TIncludedEntity](Int32 collectionId, RelationalQueryContext queryContext, IExecutionStrategy executionStrategy, RelationalCommandResolver relationalCommandResolver, IReadOnlyList`1 readerColumns, Boolean detailedErrorsEnabled, SplitQueryResultCoordinator resultCoordinator, Func`3 childIdentifier, IReadOnlyList`1 identifierValueComparers, Func`5 innerShaper, Func`4 relatedDataLoaders, INavigationBase inverseNavigation, Action`2 fixup, Boolean trackingQuery)
         at Microsoft.EntityFrameworkCore.Query.RelationalShapedQueryCompilingExpressionVisitor.ShaperProcessingExpressionVisitor.TaskAwaiter(Func`1[] taskFactories)
         at Microsoft.EntityFrameworkCore.Query.Internal.SplitQueryingEnumerable`1.AsyncEnumerator.MoveNextAsync()
         at Microsoft.EntityFrameworkCore.EntityFrameworkQueryableExtensions.ToListAsync[TSource](IQueryable`1 source, CancellationToken cancellationToken)
         at Microsoft.EntityFrameworkCore.EntityFrameworkQueryableExtensions.ToListAsync[TSource](IQueryable`1 source, CancellationToken cancellationToken)
         at EduConnect.Api.Controllers.PostsController.GetAll(Int32 page, Int32 pageSize, CancellationToken cancellationToken) in C:\Users\FIRAT\Desktop\Tubitak-Tez\backend\src\EduConnect.Api\Controllers\PostsController.cs:line 34
         at lambda_method50(Closure, Object)
         at Microsoft.AspNetCore.Mvc.Infrastructure.ActionMethodExecutor.AwaitableObjectResultExecutor.Execute(ActionContext actionContext, IActionResultTypeMapper mapper, ObjectMethodExecutor executor, Object controller, Object[] arguments)
         at Microsoft.AspNetCore.Mvc.Infrastructure.ControllerActionInvoker.<InvokeActionMethodAsync>g__Awaited|12_0(ControllerActionInvoker invoker, ValueTask`1 actionResultValueTask)
         at Microsoft.AspNetCore.Mvc.Infrastructure.ControllerActionInvoker.<InvokeNextActionFilterAsync>g__Awaited|10_0(ControllerActionInvoker invoker, Task lastTask, State next, Scope scope, Object state, Boolean isCompleted)
         at Microsoft.AspNetCore.Mvc.Infrastructure.ControllerActionInvoker.Rethrow(ActionExecutedContextSealed context)
         at Microsoft.AspNetCore.Mvc.Infrastructure.ControllerActionInvoker.Next(State& next, Scope& scope, Object& state, Boolean& isCompleted)
         at Microsoft.AspNetCore.Mvc.Infrastructure.ControllerActionInvoker.<InvokeInnerFilterAsync>g__Awaited|13_0(ControllerActionInvoker invoker, Task lastTask, State next, Scope scope, Object state, Boolean isCompleted)
         at Microsoft.AspNetCore.Mvc.Infrastructure.ResourceInvoker.<InvokeFilterPipelineAsync>g__Awaited|20_0(ResourceInvoker invoker, Task lastTask, State next, Scope scope, Object state, Boolean isCompleted)
         at Microsoft.AspNetCore.Mvc.Infrastructure.ResourceInvoker.<InvokeAsync>g__Logged|17_1(ResourceInvoker invoker)
         at Microsoft.AspNetCore.Mvc.Infrastructure.ResourceInvoker.<InvokeAsync>g__Logged|17_1(ResourceInvoker invoker)
         at Microsoft.AspNetCore.Routing.EndpointMiddleware.<Invoke>g__AwaitRequestTask|7_0(Endpoint endpoint, Task requestTask, ILogger logger)
         at Microsoft.AspNetCore.Authorization.AuthorizationMiddleware.Invoke(HttpContext context)
         at Microsoft.AspNetCore.Authentication.AuthenticationMiddleware.Invoke(HttpContext context)
         at Swashbuckle.AspNetCore.SwaggerUI.SwaggerUIMiddleware.Invoke(HttpContext httpContext)
         at Swashbuckle.AspNetCore.Swagger.SwaggerMiddleware.Invoke(HttpContext httpContext, ISwaggerProvider swaggerProvider)
         at Microsoft.AspNetCore.Diagnostics.ExceptionHandlerMiddlewareImpl.<Invoke>g__Awaited|10_0(ExceptionHandlerMiddlewareImpl middleware, HttpContext context, Task task)
      ClientConnectionId:8dc38f7a-1540-4184-a7d8-7d911e1eedad
      Error Number:208,State:1,Class:16
dbug: Microsoft.EntityFrameworkCore.Infrastructure[10407]
      'AppDbContext' disposed.
dbug: Microsoft.EntityFrameworkCore.Database.Connection[20007]
      Disposing connection to database 'EduConnectDb' on server 'localhost\SQLEXPRESS'.
dbug: Microsoft.EntityFrameworkCore.Database.Connection[20008]
      Disposed connection to database '' on server '' (0ms).
info: Microsoft.AspNetCore.Hosting.Diagnostics[2]
      Request finished HTTP/1.1 GET http://localhost:5160/api/posts?page=1&pageSize=10 - 500 - application/json;+charset=utf-8 11.6056ms
info: Microsoft.AspNetCore.Hosting.Diagnostics[1]
      Request starting HTTP/1.1 OPTIONS http://localhost:5160/api/posts?page=1&pageSize=10 - - -
info: Microsoft.AspNetCore.Cors.Infrastructure.CorsService[4]
      CORS policy execution successful.
info: Microsoft.AspNetCore.Hosting.Diagnostics[2]
      Request finished HTTP/1.1 OPTIONS http://localhost:5160/api/posts?page=1&pageSize=10 - 204 - - 0.1304ms
info: Microsoft.AspNetCore.Hosting.Diagnostics[1]
      Request starting HTTP/1.1 GET http://localhost:5160/api/posts?page=1&pageSize=10 - - -
info: Microsoft.AspNetCore.Cors.Infrastructure.CorsService[4]
      CORS policy execution successful.
info: Microsoft.AspNetCore.Routing.EndpointMiddleware[0]
      Executing endpoint 'EduConnect.Api.Controllers.PostsController.GetAll (EduConnect.Api)'
info: Microsoft.AspNetCore.Mvc.Infrastructure.ControllerActionInvoker[102]
      Route matched with {action = "GetAll", controller = "Posts"}. Executing controller action with signature System.Threading.Tasks.Task`1[Microsoft.AspNetCore.Mvc.ActionResult`1[EduConnect.Application.Contracts.Common.PagedResponse`1[EduConnect.Application.Contracts.Posts.PostResponse]]] GetAll(Int32, Int32, System.Threading.CancellationToken) on controller EduConnect.Api.Controllers.PostsController (EduConnect.Api).
dbug: Microsoft.EntityFrameworkCore.Infrastructure[10403]
      Entity Framework Core 10.0.5 initialized 'AppDbContext' using provider 'Microsoft.EntityFrameworkCore.SqlServer:10.0.5' with options: MigrationsAssembly=EduConnect.Infrastructure, Version=1.0.0.0, Culture=neutral, PublicKeyToken=null EngineType=SqlServer 
dbug: Microsoft.EntityFrameworkCore.Database.Connection[20005]
      Creating DbConnection.
dbug: Microsoft.EntityFrameworkCore.Database.Connection[20006]
      Created DbConnection. (0ms).
dbug: Microsoft.EntityFrameworkCore.Database.Connection[20000]
      Opening connection to database 'EduConnectDb' on server 'localhost\SQLEXPRESS'.
dbug: Microsoft.EntityFrameworkCore.Database.Connection[20001]
      Opened connection to database 'EduConnectDb' on server 'localhost\SQLEXPRESS'.
dbug: Microsoft.EntityFrameworkCore.Database.Connection[20002]
      Closing connection to database 'EduConnectDb' on server 'localhost\SQLEXPRESS'.
dbug: Microsoft.EntityFrameworkCore.Database.Connection[20003]
      Closed connection to database 'EduConnectDb' on server 'localhost\SQLEXPRESS' (0ms).
dbug: Microsoft.EntityFrameworkCore.Database.Connection[20000]
      Opening connection to database 'EduConnectDb' on server 'localhost\SQLEXPRESS'.
dbug: Microsoft.EntityFrameworkCore.Database.Connection[20001]
      Opened connection to database 'EduConnectDb' on server 'localhost\SQLEXPRESS'.
fail: Microsoft.EntityFrameworkCore.Database.Command[20102]
      Failed executing DbCommand (1ms) [Parameters=[@p='?' (DbType = Int32), @p1='?' (DbType = Int32)], CommandType='Text', CommandTimeout='30']
      SELECT [p3].[Id], [p3].[CreatedAtUtc], [p3].[PostId], [p3].[UpdatedAtUtc], [p3].[UserId], [p0].[Id], [u].[Id], [s].[Id], [g].[Id]
      FROM (
          SELECT [p].[Id], [p].[CreatedAtUtc], [p].[GroupId], [p].[UserId]
          FROM [Posts] AS [p]
          WHERE [p].[IsDeleted] = CAST(0 AS bit)
          ORDER BY [p].[CreatedAtUtc] DESC
          OFFSET @p ROWS FETCH NEXT @p1 ROWS ONLY
      ) AS [p0]
      INNER JOIN [Users] AS [u] ON [p0].[UserId] = [u].[Id]
      LEFT JOIN [StudentProfiles] AS [s] ON [u].[Id] = [s].[UserId]
      LEFT JOIN [Groups] AS [g] ON [p0].[GroupId] = [g].[Id]
      INNER JOIN [PostBookmarks] AS [p3] ON [p0].[Id] = [p3].[PostId]
      ORDER BY [p0].[CreatedAtUtc] DESC, [p0].[Id], [u].[Id], [s].[Id], [g].[Id]
fail: Microsoft.EntityFrameworkCore.Query[10100]
      An exception occurred while iterating over the results of a query for context type 'EduConnect.Infrastructure.Data.AppDbContext'.
      Microsoft.Data.SqlClient.SqlException (0x80131904): Invalid object name 'PostBookmarks'.
         at System.Threading.Tasks.ContinuationResultTaskFromResultTask`2.InnerInvoke()
         at System.Threading.ExecutionContext.RunInternal(ExecutionContext executionContext, ContextCallback callback, Object state)
      --- End of stack trace from previous location ---
         at System.Threading.ExecutionContext.RunInternal(ExecutionContext executionContext, ContextCallback callback, Object state)
         at System.Threading.Tasks.Task.ExecuteWithThreadLocal(Task& currentTaskSlot, Thread threadPoolThread)
      --- End of stack trace from previous location ---
         at Microsoft.EntityFrameworkCore.Storage.RelationalCommand.ExecuteReaderAsync(RelationalCommandParameterObject parameterObject, CancellationToken cancellationToken)
         at Microsoft.EntityFrameworkCore.Storage.RelationalCommand.ExecuteReaderAsync(RelationalCommandParameterObject parameterObject, CancellationToken cancellationToken)
         at Microsoft.EntityFrameworkCore.Query.RelationalShapedQueryCompilingExpressionVisitor.ShaperProcessingExpressionVisitor.<PopulateSplitIncludeCollectionAsync>g__InitializeReaderAsync|27_0[TIncludingEntity,TIncludedEntity](RelationalQueryContext queryContext, RelationalCommandResolver relationalCommandResolver, IReadOnlyList`1 readerColumns, Boolean detailedErrorsEnabled, CancellationToken cancellationToken)
         at Microsoft.EntityFrameworkCore.SqlServer.Storage.Internal.SqlServerExecutionStrategy.ExecuteAsync[TState,TResult](TState state, Func`4 operation, Func`4 verifySucceeded, CancellationToken cancellationToken)
         at Microsoft.EntityFrameworkCore.Query.RelationalShapedQueryCompilingExpressionVisitor.ShaperProcessingExpressionVisitor.PopulateSplitIncludeCollectionAsync[TIncludingEntity,TIncludedEntity](Int32 collectionId, RelationalQueryContext queryContext, IExecutionStrategy executionStrategy, RelationalCommandResolver relationalCommandResolver, IReadOnlyList`1 readerColumns, Boolean detailedErrorsEnabled, SplitQueryResultCoordinator resultCoordinator, Func`3 childIdentifier, IReadOnlyList`1 identifierValueComparers, Func`5 innerShaper, Func`4 relatedDataLoaders, INavigationBase inverseNavigation, Action`2 fixup, Boolean trackingQuery)
         at Microsoft.EntityFrameworkCore.Query.RelationalShapedQueryCompilingExpressionVisitor.ShaperProcessingExpressionVisitor.TaskAwaiter(Func`1[] taskFactories)
         at Microsoft.EntityFrameworkCore.Query.Internal.SplitQueryingEnumerable`1.AsyncEnumerator.MoveNextAsync()
      ClientConnectionId:8dc38f7a-1540-4184-a7d8-7d911e1eedad
      Error Number:208,State:1,Class:16
      Microsoft.Data.SqlClient.SqlException (0x80131904): Invalid object name 'PostBookmarks'.
         at System.Threading.Tasks.ContinuationResultTaskFromResultTask`2.InnerInvoke()
         at System.Threading.ExecutionContext.RunInternal(ExecutionContext executionContext, ContextCallback callback, Object state)
      --- End of stack trace from previous location ---
         at System.Threading.ExecutionContext.RunInternal(ExecutionContext executionContext, ContextCallback callback, Object state)
         at System.Threading.Tasks.Task.ExecuteWithThreadLocal(Task& currentTaskSlot, Thread threadPoolThread)
      --- End of stack trace from previous location ---
         at Microsoft.EntityFrameworkCore.Storage.RelationalCommand.ExecuteReaderAsync(RelationalCommandParameterObject parameterObject, CancellationToken cancellationToken)
         at Microsoft.EntityFrameworkCore.Storage.RelationalCommand.ExecuteReaderAsync(RelationalCommandParameterObject parameterObject, CancellationToken cancellationToken)
         at Microsoft.EntityFrameworkCore.Query.RelationalShapedQueryCompilingExpressionVisitor.ShaperProcessingExpressionVisitor.<PopulateSplitIncludeCollectionAsync>g__InitializeReaderAsync|27_0[TIncludingEntity,TIncludedEntity](RelationalQueryContext queryContext, RelationalCommandResolver relationalCommandResolver, IReadOnlyList`1 readerColumns, Boolean detailedErrorsEnabled, CancellationToken cancellationToken)
         at Microsoft.EntityFrameworkCore.SqlServer.Storage.Internal.SqlServerExecutionStrategy.ExecuteAsync[TState,TResult](TState state, Func`4 operation, Func`4 verifySucceeded, CancellationToken cancellationToken)
         at Microsoft.EntityFrameworkCore.Query.RelationalShapedQueryCompilingExpressionVisitor.ShaperProcessingExpressionVisitor.PopulateSplitIncludeCollectionAsync[TIncludingEntity,TIncludedEntity](Int32 collectionId, RelationalQueryContext queryContext, IExecutionStrategy executionStrategy, RelationalCommandResolver relationalCommandResolver, IReadOnlyList`1 readerColumns, Boolean detailedErrorsEnabled, SplitQueryResultCoordinator resultCoordinator, Func`3 childIdentifier, IReadOnlyList`1 identifierValueComparers, Func`5 innerShaper, Func`4 relatedDataLoaders, INavigationBase inverseNavigation, Action`2 fixup, Boolean trackingQuery)
         at Microsoft.EntityFrameworkCore.Query.RelationalShapedQueryCompilingExpressionVisitor.ShaperProcessingExpressionVisitor.TaskAwaiter(Func`1[] taskFactories)
         at Microsoft.EntityFrameworkCore.Query.Internal.SplitQueryingEnumerable`1.AsyncEnumerator.MoveNextAsync()
      ClientConnectionId:8dc38f7a-1540-4184-a7d8-7d911e1eedad
      Error Number:208,State:1,Class:16
dbug: Microsoft.EntityFrameworkCore.Database.Connection[20002]
      Closing connection to database 'EduConnectDb' on server 'localhost\SQLEXPRESS'.
dbug: Microsoft.EntityFrameworkCore.Database.Connection[20003]
      Closed connection to database 'EduConnectDb' on server 'localhost\SQLEXPRESS' (0ms).
info: Microsoft.AspNetCore.Mvc.Infrastructure.ControllerActionInvoker[105]
      Executed action EduConnect.Api.Controllers.PostsController.GetAll (EduConnect.Api) in 6.6908ms
info: Microsoft.AspNetCore.Routing.EndpointMiddleware[1]
      Executed endpoint 'EduConnect.Api.Controllers.PostsController.GetAll (EduConnect.Api)'
fail: EduConnect.Api.Middleware.GlobalExceptionHandler[0]
      Unhandled exception occurred while processing the request.
      Microsoft.Data.SqlClient.SqlException (0x80131904): Invalid object name 'PostBookmarks'.
         at System.Threading.Tasks.ContinuationResultTaskFromResultTask`2.InnerInvoke()
         at System.Threading.ExecutionContext.RunInternal(ExecutionContext executionContext, ContextCallback callback, Object state)
      --- End of stack trace from previous location ---
         at System.Threading.ExecutionContext.RunInternal(ExecutionContext executionContext, ContextCallback callback, Object state)
         at System.Threading.Tasks.Task.ExecuteWithThreadLocal(Task& currentTaskSlot, Thread threadPoolThread)
      --- End of stack trace from previous location ---
         at Microsoft.EntityFrameworkCore.Storage.RelationalCommand.ExecuteReaderAsync(RelationalCommandParameterObject parameterObject, CancellationToken cancellationToken)
         at Microsoft.EntityFrameworkCore.Storage.RelationalCommand.ExecuteReaderAsync(RelationalCommandParameterObject parameterObject, CancellationToken cancellationToken)
         at Microsoft.EntityFrameworkCore.Query.RelationalShapedQueryCompilingExpressionVisitor.ShaperProcessingExpressionVisitor.<PopulateSplitIncludeCollectionAsync>g__InitializeReaderAsync|27_0[TIncludingEntity,TIncludedEntity](RelationalQueryContext queryContext, RelationalCommandResolver relationalCommandResolver, IReadOnlyList`1 readerColumns, Boolean detailedErrorsEnabled, CancellationToken cancellationToken)
         at Microsoft.EntityFrameworkCore.SqlServer.Storage.Internal.SqlServerExecutionStrategy.ExecuteAsync[TState,TResult](TState state, Func`4 operation, Func`4 verifySucceeded, CancellationToken cancellationToken)
         at Microsoft.EntityFrameworkCore.Query.RelationalShapedQueryCompilingExpressionVisitor.ShaperProcessingExpressionVisitor.PopulateSplitIncludeCollectionAsync[TIncludingEntity,TIncludedEntity](Int32 collectionId, RelationalQueryContext queryContext, IExecutionStrategy executionStrategy, RelationalCommandResolver relationalCommandResolver, IReadOnlyList`1 readerColumns, Boolean detailedErrorsEnabled, SplitQueryResultCoordinator resultCoordinator, Func`3 childIdentifier, IReadOnlyList`1 identifierValueComparers, Func`5 innerShaper, Func`4 relatedDataLoaders, INavigationBase inverseNavigation, Action`2 fixup, Boolean trackingQuery)
         at Microsoft.EntityFrameworkCore.Query.RelationalShapedQueryCompilingExpressionVisitor.ShaperProcessingExpressionVisitor.TaskAwaiter(Func`1[] taskFactories)
         at Microsoft.EntityFrameworkCore.Query.Internal.SplitQueryingEnumerable`1.AsyncEnumerator.MoveNextAsync()
         at Microsoft.EntityFrameworkCore.EntityFrameworkQueryableExtensions.ToListAsync[TSource](IQueryable`1 source, CancellationToken cancellationToken)
         at Microsoft.EntityFrameworkCore.EntityFrameworkQueryableExtensions.ToListAsync[TSource](IQueryable`1 source, CancellationToken cancellationToken)
         at EduConnect.Api.Controllers.PostsController.GetAll(Int32 page, Int32 pageSize, CancellationToken cancellationToken) in C:\Users\FIRAT\Desktop\Tubitak-Tez\backend\src\EduConnect.Api\Controllers\PostsController.cs:line 34
         at lambda_method50(Closure, Object)
         at Microsoft.AspNetCore.Mvc.Infrastructure.ActionMethodExecutor.AwaitableObjectResultExecutor.Execute(ActionContext actionContext, IActionResultTypeMapper mapper, ObjectMethodExecutor executor, Object controller, Object[] arguments)
         at Microsoft.AspNetCore.Mvc.Infrastructure.ControllerActionInvoker.<InvokeActionMethodAsync>g__Awaited|12_0(ControllerActionInvoker invoker, ValueTask`1 actionResultValueTask)
         at Microsoft.AspNetCore.Mvc.Infrastructure.ControllerActionInvoker.<InvokeNextActionFilterAsync>g__Awaited|10_0(ControllerActionInvoker invoker, Task lastTask, State next, Scope scope, Object state, Boolean isCompleted)
         at Microsoft.AspNetCore.Mvc.Infrastructure.ControllerActionInvoker.Rethrow(ActionExecutedContextSealed context)
         at Microsoft.AspNetCore.Mvc.Infrastructure.ControllerActionInvoker.Next(State& next, Scope& scope, Object& state, Boolean& isCompleted)
         at Microsoft.AspNetCore.Mvc.Infrastructure.ControllerActionInvoker.<InvokeInnerFilterAsync>g__Awaited|13_0(ControllerActionInvoker invoker, Task lastTask, State next, Scope scope, Object state, Boolean isCompleted)
         at Microsoft.AspNetCore.Mvc.Infrastructure.ResourceInvoker.<InvokeFilterPipelineAsync>g__Awaited|20_0(ResourceInvoker invoker, Task lastTask, State next, Scope scope, Object state, Boolean isCompleted)
         at Microsoft.AspNetCore.Mvc.Infrastructure.ResourceInvoker.<InvokeAsync>g__Logged|17_1(ResourceInvoker invoker)
         at Microsoft.AspNetCore.Mvc.Infrastructure.ResourceInvoker.<InvokeAsync>g__Logged|17_1(ResourceInvoker invoker)
         at Microsoft.AspNetCore.Routing.EndpointMiddleware.<Invoke>g__AwaitRequestTask|7_0(Endpoint endpoint, Task requestTask, ILogger logger)
         at Microsoft.AspNetCore.Authorization.AuthorizationMiddleware.Invoke(HttpContext context)
         at Microsoft.AspNetCore.Authentication.AuthenticationMiddleware.Invoke(HttpContext context)
         at Swashbuckle.AspNetCore.SwaggerUI.SwaggerUIMiddleware.Invoke(HttpContext httpContext)
         at Swashbuckle.AspNetCore.Swagger.SwaggerMiddleware.Invoke(HttpContext httpContext, ISwaggerProvider swaggerProvider)
         at Microsoft.AspNetCore.Diagnostics.ExceptionHandlerMiddlewareImpl.<Invoke>g__Awaited|10_0(ExceptionHandlerMiddlewareImpl middleware, HttpContext context, Task task)
      ClientConnectionId:8dc38f7a-1540-4184-a7d8-7d911e1eedad
      Error Number:208,State:1,Class:16
dbug: Microsoft.EntityFrameworkCore.Infrastructure[10407]
      'AppDbContext' disposed.
dbug: Microsoft.EntityFrameworkCore.Database.Connection[20007]
      Disposing connection to database 'EduConnectDb' on server 'localhost\SQLEXPRESS'.
dbug: Microsoft.EntityFrameworkCore.Database.Connection[20008]
      Disposed connection to database '' on server '' (0ms).
info: Microsoft.AspNetCore.Hosting.Diagnostics[2]
      Request finished HTTP/1.1 GET http://localhost:5160/api/posts?page=1&pageSize=10 - 500 - application/json;+charset=utf-8 10.3742ms
info: Microsoft.AspNetCore.Hosting.Diagnostics[1]
      Request starting HTTP/1.1 GET http://localhost:5160/api/posts?page=1&pageSize=10 - - -
info: Microsoft.AspNetCore.Cors.Infrastructure.CorsService[4]
      CORS policy execution successful.
info: Microsoft.AspNetCore.Routing.EndpointMiddleware[0]
      Executing endpoint 'EduConnect.Api.Controllers.PostsController.GetAll (EduConnect.Api)'
info: Microsoft.AspNetCore.Mvc.Infrastructure.ControllerActionInvoker[102]
      Route matched with {action = "GetAll", controller = "Posts"}. Executing controller action with signature System.Threading.Tasks.Task`1[Microsoft.AspNetCore.Mvc.ActionResult`1[EduConnect.Application.Contracts.Common.PagedResponse`1[EduConnect.Application.Contracts.Posts.PostResponse]]] GetAll(Int32, Int32, System.Threading.CancellationToken) on controller EduConnect.Api.Controllers.PostsController (EduConnect.Api).
dbug: Microsoft.EntityFrameworkCore.Infrastructure[10403]
      Entity Framework Core 10.0.5 initialized 'AppDbContext' using provider 'Microsoft.EntityFrameworkCore.SqlServer:10.0.5' with options: MigrationsAssembly=EduConnect.Infrastructure, Version=1.0.0.0, Culture=neutral, PublicKeyToken=null EngineType=SqlServer 
dbug: Microsoft.EntityFrameworkCore.Database.Connection[20005]
      Creating DbConnection.
dbug: Microsoft.EntityFrameworkCore.Database.Connection[20006]
      Created DbConnection. (0ms).
dbug: Microsoft.EntityFrameworkCore.Database.Connection[20000]
      Opening connection to database 'EduConnectDb' on server 'localhost\SQLEXPRESS'.
dbug: Microsoft.EntityFrameworkCore.Database.Connection[20001]
      Opened connection to database 'EduConnectDb' on server 'localhost\SQLEXPRESS'.
dbug: Microsoft.EntityFrameworkCore.Database.Connection[20002]
      Closing connection to database 'EduConnectDb' on server 'localhost\SQLEXPRESS'.
dbug: Microsoft.EntityFrameworkCore.Database.Connection[20003]
      Closed connection to database 'EduConnectDb' on server 'localhost\SQLEXPRESS' (0ms).
dbug: Microsoft.EntityFrameworkCore.Database.Connection[20000]
      Opening connection to database 'EduConnectDb' on server 'localhost\SQLEXPRESS'.
dbug: Microsoft.EntityFrameworkCore.Database.Connection[20001]
      Opened connection to database 'EduConnectDb' on server 'localhost\SQLEXPRESS'.
fail: Microsoft.EntityFrameworkCore.Database.Command[20102]
      Failed executing DbCommand (2ms) [Parameters=[@p='?' (DbType = Int32), @p1='?' (DbType = Int32)], CommandType='Text', CommandTimeout='30']
      SELECT [p3].[Id], [p3].[CreatedAtUtc], [p3].[PostId], [p3].[UpdatedAtUtc], [p3].[UserId], [p0].[Id], [u].[Id], [s].[Id], [g].[Id]
      FROM (
          SELECT [p].[Id], [p].[CreatedAtUtc], [p].[GroupId], [p].[UserId]
          FROM [Posts] AS [p]
          WHERE [p].[IsDeleted] = CAST(0 AS bit)
          ORDER BY [p].[CreatedAtUtc] DESC
          OFFSET @p ROWS FETCH NEXT @p1 ROWS ONLY
      ) AS [p0]
      INNER JOIN [Users] AS [u] ON [p0].[UserId] = [u].[Id]
      LEFT JOIN [StudentProfiles] AS [s] ON [u].[Id] = [s].[UserId]
      LEFT JOIN [Groups] AS [g] ON [p0].[GroupId] = [g].[Id]
      INNER JOIN [PostBookmarks] AS [p3] ON [p0].[Id] = [p3].[PostId]
      ORDER BY [p0].[CreatedAtUtc] DESC, [p0].[Id], [u].[Id], [s].[Id], [g].[Id]
fail: Microsoft.EntityFrameworkCore.Query[10100]
      An exception occurred while iterating over the results of a query for context type 'EduConnect.Infrastructure.Data.AppDbContext'.
      Microsoft.Data.SqlClient.SqlException (0x80131904): Invalid object name 'PostBookmarks'.
         at System.Threading.Tasks.ContinuationResultTaskFromResultTask`2.InnerInvoke()
         at System.Threading.ExecutionContext.RunInternal(ExecutionContext executionContext, ContextCallback callback, Object state)
      --- End of stack trace from previous location ---
         at System.Threading.ExecutionContext.RunInternal(ExecutionContext executionContext, ContextCallback callback, Object state)
         at System.Threading.Tasks.Task.ExecuteWithThreadLocal(Task& currentTaskSlot, Thread threadPoolThread)
      --- End of stack trace from previous location ---
         at Microsoft.EntityFrameworkCore.Storage.RelationalCommand.ExecuteReaderAsync(RelationalCommandParameterObject parameterObject, CancellationToken cancellationToken)
         at Microsoft.EntityFrameworkCore.Storage.RelationalCommand.ExecuteReaderAsync(RelationalCommandParameterObject parameterObject, CancellationToken cancellationToken)
         at Microsoft.EntityFrameworkCore.Query.RelationalShapedQueryCompilingExpressionVisitor.ShaperProcessingExpressionVisitor.<PopulateSplitIncludeCollectionAsync>g__InitializeReaderAsync|27_0[TIncludingEntity,TIncludedEntity](RelationalQueryContext queryContext, RelationalCommandResolver relationalCommandResolver, IReadOnlyList`1 readerColumns, Boolean detailedErrorsEnabled, CancellationToken cancellationToken)
         at Microsoft.EntityFrameworkCore.SqlServer.Storage.Internal.SqlServerExecutionStrategy.ExecuteAsync[TState,TResult](TState state, Func`4 operation, Func`4 verifySucceeded, CancellationToken cancellationToken)
         at Microsoft.EntityFrameworkCore.Query.RelationalShapedQueryCompilingExpressionVisitor.ShaperProcessingExpressionVisitor.PopulateSplitIncludeCollectionAsync[TIncludingEntity,TIncludedEntity](Int32 collectionId, RelationalQueryContext queryContext, IExecutionStrategy executionStrategy, RelationalCommandResolver relationalCommandResolver, IReadOnlyList`1 readerColumns, Boolean detailedErrorsEnabled, SplitQueryResultCoordinator resultCoordinator, Func`3 childIdentifier, IReadOnlyList`1 identifierValueComparers, Func`5 innerShaper, Func`4 relatedDataLoaders, INavigationBase inverseNavigation, Action`2 fixup, Boolean trackingQuery)
         at Microsoft.EntityFrameworkCore.Query.RelationalShapedQueryCompilingExpressionVisitor.ShaperProcessingExpressionVisitor.TaskAwaiter(Func`1[] taskFactories)
         at Microsoft.EntityFrameworkCore.Query.Internal.SplitQueryingEnumerable`1.AsyncEnumerator.MoveNextAsync()
      ClientConnectionId:8dc38f7a-1540-4184-a7d8-7d911e1eedad
      Error Number:208,State:1,Class:16
      Microsoft.Data.SqlClient.SqlException (0x80131904): Invalid object name 'PostBookmarks'.
         at System.Threading.Tasks.ContinuationResultTaskFromResultTask`2.InnerInvoke()
         at System.Threading.ExecutionContext.RunInternal(ExecutionContext executionContext, ContextCallback callback, Object state)
      --- End of stack trace from previous location ---
         at System.Threading.ExecutionContext.RunInternal(ExecutionContext executionContext, ContextCallback callback, Object state)
         at System.Threading.Tasks.Task.ExecuteWithThreadLocal(Task& currentTaskSlot, Thread threadPoolThread)
      --- End of stack trace from previous location ---
         at Microsoft.EntityFrameworkCore.Storage.RelationalCommand.ExecuteReaderAsync(RelationalCommandParameterObject parameterObject, CancellationToken cancellationToken)
         at Microsoft.EntityFrameworkCore.Storage.RelationalCommand.ExecuteReaderAsync(RelationalCommandParameterObject parameterObject, CancellationToken cancellationToken)
         at Microsoft.EntityFrameworkCore.Query.RelationalShapedQueryCompilingExpressionVisitor.ShaperProcessingExpressionVisitor.<PopulateSplitIncludeCollectionAsync>g__InitializeReaderAsync|27_0[TIncludingEntity,TIncludedEntity](RelationalQueryContext queryContext, RelationalCommandResolver relationalCommandResolver, IReadOnlyList`1 readerColumns, Boolean detailedErrorsEnabled, CancellationToken cancellationToken)
         at Microsoft.EntityFrameworkCore.SqlServer.Storage.Internal.SqlServerExecutionStrategy.ExecuteAsync[TState,TResult](TState state, Func`4 operation, Func`4 verifySucceeded, CancellationToken cancellationToken)
         at Microsoft.EntityFrameworkCore.Query.RelationalShapedQueryCompilingExpressionVisitor.ShaperProcessingExpressionVisitor.PopulateSplitIncludeCollectionAsync[TIncludingEntity,TIncludedEntity](Int32 collectionId, RelationalQueryContext queryContext, IExecutionStrategy executionStrategy, RelationalCommandResolver relationalCommandResolver, IReadOnlyList`1 readerColumns, Boolean detailedErrorsEnabled, SplitQueryResultCoordinator resultCoordinator, Func`3 childIdentifier, IReadOnlyList`1 identifierValueComparers, Func`5 innerShaper, Func`4 relatedDataLoaders, INavigationBase inverseNavigation, Action`2 fixup, Boolean trackingQuery)
         at Microsoft.EntityFrameworkCore.Query.RelationalShapedQueryCompilingExpressionVisitor.ShaperProcessingExpressionVisitor.TaskAwaiter(Func`1[] taskFactories)
         at Microsoft.EntityFrameworkCore.Query.Internal.SplitQueryingEnumerable`1.AsyncEnumerator.MoveNextAsync()
      ClientConnectionId:8dc38f7a-1540-4184-a7d8-7d911e1eedad
      Error Number:208,State:1,Class:16
dbug: Microsoft.EntityFrameworkCore.Database.Connection[20002]
      Closing connection to database 'EduConnectDb' on server 'localhost\SQLEXPRESS'.
dbug: Microsoft.EntityFrameworkCore.Database.Connection[20003]
      Closed connection to database 'EduConnectDb' on server 'localhost\SQLEXPRESS' (0ms).
info: Microsoft.AspNetCore.Mvc.Infrastructure.ControllerActionInvoker[105]
      Executed action EduConnect.Api.Controllers.PostsController.GetAll (EduConnect.Api) in 47.0039ms
info: Microsoft.AspNetCore.Routing.EndpointMiddleware[1]
      Executed endpoint 'EduConnect.Api.Controllers.PostsController.GetAll (EduConnect.Api)'
fail: EduConnect.Api.Middleware.GlobalExceptionHandler[0]
      Unhandled exception occurred while processing the request.
      Microsoft.Data.SqlClient.SqlException (0x80131904): Invalid object name 'PostBookmarks'.
         at System.Threading.Tasks.ContinuationResultTaskFromResultTask`2.InnerInvoke()
         at System.Threading.ExecutionContext.RunInternal(ExecutionContext executionContext, ContextCallback callback, Object state)
      --- End of stack trace from previous location ---
         at System.Threading.ExecutionContext.RunInternal(ExecutionContext executionContext, ContextCallback callback, Object state)
         at System.Threading.Tasks.Task.ExecuteWithThreadLocal(Task& currentTaskSlot, Thread threadPoolThread)
      --- End of stack trace from previous location ---
         at Microsoft.EntityFrameworkCore.Storage.RelationalCommand.ExecuteReaderAsync(RelationalCommandParameterObject parameterObject, CancellationToken cancellationToken)
         at Microsoft.EntityFrameworkCore.Storage.RelationalCommand.ExecuteReaderAsync(RelationalCommandParameterObject parameterObject, CancellationToken cancellationToken)
         at Microsoft.EntityFrameworkCore.Query.RelationalShapedQueryCompilingExpressionVisitor.ShaperProcessingExpressionVisitor.<PopulateSplitIncludeCollectionAsync>g__InitializeReaderAsync|27_0[TIncludingEntity,TIncludedEntity](RelationalQueryContext queryContext, RelationalCommandResolver relationalCommandResolver, IReadOnlyList`1 readerColumns, Boolean detailedErrorsEnabled, CancellationToken cancellationToken)
         at Microsoft.EntityFrameworkCore.SqlServer.Storage.Internal.SqlServerExecutionStrategy.ExecuteAsync[TState,TResult](TState state, Func`4 operation, Func`4 verifySucceeded, CancellationToken cancellationToken)
         at Microsoft.EntityFrameworkCore.Query.RelationalShapedQueryCompilingExpressionVisitor.ShaperProcessingExpressionVisitor.PopulateSplitIncludeCollectionAsync[TIncludingEntity,TIncludedEntity](Int32 collectionId, RelationalQueryContext queryContext, IExecutionStrategy executionStrategy, RelationalCommandResolver relationalCommandResolver, IReadOnlyList`1 readerColumns, Boolean detailedErrorsEnabled, SplitQueryResultCoordinator resultCoordinator, Func`3 childIdentifier, IReadOnlyList`1 identifierValueComparers, Func`5 innerShaper, Func`4 relatedDataLoaders, INavigationBase inverseNavigation, Action`2 fixup, Boolean trackingQuery)
         at Microsoft.EntityFrameworkCore.Query.RelationalShapedQueryCompilingExpressionVisitor.ShaperProcessingExpressionVisitor.TaskAwaiter(Func`1[] taskFactories)
         at Microsoft.EntityFrameworkCore.Query.Internal.SplitQueryingEnumerable`1.AsyncEnumerator.MoveNextAsync()
         at Microsoft.EntityFrameworkCore.EntityFrameworkQueryableExtensions.ToListAsync[TSource](IQueryable`1 source, CancellationToken cancellationToken)
         at Microsoft.EntityFrameworkCore.EntityFrameworkQueryableExtensions.ToListAsync[TSource](IQueryable`1 source, CancellationToken cancellationToken)
         at EduConnect.Api.Controllers.PostsController.GetAll(Int32 page, Int32 pageSize, CancellationToken cancellationToken) in C:\Users\FIRAT\Desktop\Tubitak-Tez\backend\src\EduConnect.Api\Controllers\PostsController.cs:line 34
         at lambda_method50(Closure, Object)
         at Microsoft.AspNetCore.Mvc.Infrastructure.ActionMethodExecutor.AwaitableObjectResultExecutor.Execute(ActionContext actionContext, IActionResultTypeMapper mapper, ObjectMethodExecutor executor, Object controller, Object[] arguments)
         at Microsoft.AspNetCore.Mvc.Infrastructure.ControllerActionInvoker.<InvokeActionMethodAsync>g__Awaited|12_0(ControllerActionInvoker invoker, ValueTask`1 actionResultValueTask)
         at Microsoft.AspNetCore.Mvc.Infrastructure.ControllerActionInvoker.<InvokeNextActionFilterAsync>g__Awaited|10_0(ControllerActionInvoker invoker, Task lastTask, State next, Scope scope, Object state, Boolean isCompleted)
         at Microsoft.AspNetCore.Mvc.Infrastructure.ControllerActionInvoker.Rethrow(ActionExecutedContextSealed context)
         at Microsoft.AspNetCore.Mvc.Infrastructure.ControllerActionInvoker.Next(State& next, Scope& scope, Object& state, Boolean& isCompleted)
         at Microsoft.AspNetCore.Mvc.Infrastructure.ControllerActionInvoker.<InvokeInnerFilterAsync>g__Awaited|13_0(ControllerActionInvoker invoker, Task lastTask, State next, Scope scope, Object state, Boolean isCompleted)
         at Microsoft.AspNetCore.Mvc.Infrastructure.ResourceInvoker.<InvokeFilterPipelineAsync>g__Awaited|20_0(ResourceInvoker invoker, Task lastTask, State next, Scope scope, Object state, Boolean isCompleted)
         at Microsoft.AspNetCore.Mvc.Infrastructure.ResourceInvoker.<InvokeAsync>g__Logged|17_1(ResourceInvoker invoker)
         at Microsoft.AspNetCore.Mvc.Infrastructure.ResourceInvoker.<InvokeAsync>g__Logged|17_1(ResourceInvoker invoker)
         at Microsoft.AspNetCore.Routing.EndpointMiddleware.<Invoke>g__AwaitRequestTask|7_0(Endpoint endpoint, Task requestTask, ILogger logger)
         at Microsoft.AspNetCore.Authorization.AuthorizationMiddleware.Invoke(HttpContext context)
         at Microsoft.AspNetCore.Authentication.AuthenticationMiddleware.Invoke(HttpContext context)
         at Swashbuckle.AspNetCore.SwaggerUI.SwaggerUIMiddleware.Invoke(HttpContext httpContext)
         at Swashbuckle.AspNetCore.Swagger.SwaggerMiddleware.Invoke(HttpContext httpContext, ISwaggerProvider swaggerProvider)
         at Microsoft.AspNetCore.Diagnostics.ExceptionHandlerMiddlewareImpl.<Invoke>g__Awaited|10_0(ExceptionHandlerMiddlewareImpl middleware, HttpContext context, Task task)
      ClientConnectionId:8dc38f7a-1540-4184-a7d8-7d911e1eedad
      Error Number:208,State:1,Class:16
dbug: Microsoft.EntityFrameworkCore.Infrastructure[10407]
      'AppDbContext' disposed.
dbug: Microsoft.EntityFrameworkCore.Database.Connection[20007]
      Disposing connection to database 'EduConnectDb' on server 'localhost\SQLEXPRESS'.
dbug: Microsoft.EntityFrameworkCore.Database.Connection[20008]
      Disposed connection to database '' on server '' (0ms).
info: Microsoft.AspNetCore.Hosting.Diagnostics[2]
      Request finished HTTP/1.1 GET http://localhost:5160/api/posts?page=1&pageSize=10 - 500 - application/json;+charset=utf-8 52.9927ms
info: Microsoft.AspNetCore.Hosting.Diagnostics[1]
      Request starting HTTP/1.1 OPTIONS http://localhost:5160/api/posts?page=1&pageSize=10 - - -
info: Microsoft.AspNetCore.Cors.Infrastructure.CorsService[4]
      CORS policy execution successful.
info: Microsoft.AspNetCore.Hosting.Diagnostics[2]
      Request finished HTTP/1.1 OPTIONS http://localhost:5160/api/posts?page=1&pageSize=10 - 204 - - 0.1292ms
info: Microsoft.AspNetCore.Hosting.Diagnostics[1]
      Request starting HTTP/1.1 GET http://localhost:5160/api/posts?page=1&pageSize=10 - - -
info: Microsoft.AspNetCore.Cors.Infrastructure.CorsService[4]
      CORS policy execution successful.
info: Microsoft.AspNetCore.Routing.EndpointMiddleware[0]
      Executing endpoint 'EduConnect.Api.Controllers.PostsController.GetAll (EduConnect.Api)'
info: Microsoft.AspNetCore.Mvc.Infrastructure.ControllerActionInvoker[102]
      Route matched with {action = "GetAll", controller = "Posts"}. Executing controller action with signature System.Threading.Tasks.Task`1[Microsoft.AspNetCore.Mvc.ActionResult`1[EduConnect.Application.Contracts.Common.PagedResponse`1[EduConnect.Application.Contracts.Posts.PostResponse]]] GetAll(Int32, Int32, System.Threading.CancellationToken) on controller EduConnect.Api.Controllers.PostsController (EduConnect.Api).
dbug: Microsoft.EntityFrameworkCore.Infrastructure[10403]
      Entity Framework Core 10.0.5 initialized 'AppDbContext' using provider 'Microsoft.EntityFrameworkCore.SqlServer:10.0.5' with options: MigrationsAssembly=EduConnect.Infrastructure, Version=1.0.0.0, Culture=neutral, PublicKeyToken=null EngineType=SqlServer 
dbug: Microsoft.EntityFrameworkCore.Database.Connection[20005]
      Creating DbConnection.
dbug: Microsoft.EntityFrameworkCore.Database.Connection[20006]
      Created DbConnection. (0ms).
dbug: Microsoft.EntityFrameworkCore.Database.Connection[20000]
      Opening connection to database 'EduConnectDb' on server 'localhost\SQLEXPRESS'.
dbug: Microsoft.EntityFrameworkCore.Database.Connection[20001]
      Opened connection to database 'EduConnectDb' on server 'localhost\SQLEXPRESS'.
dbug: Microsoft.EntityFrameworkCore.Database.Connection[20002]
      Closing connection to database 'EduConnectDb' on server 'localhost\SQLEXPRESS'.
dbug: Microsoft.EntityFrameworkCore.Database.Connection[20003]
      Closed connection to database 'EduConnectDb' on server 'localhost\SQLEXPRESS' (0ms).
dbug: Microsoft.EntityFrameworkCore.Database.Connection[20000]
      Opening connection to database 'EduConnectDb' on server 'localhost\SQLEXPRESS'.
dbug: Microsoft.EntityFrameworkCore.Database.Connection[20001]
      Opened connection to database 'EduConnectDb' on server 'localhost\SQLEXPRESS'.
fail: Microsoft.EntityFrameworkCore.Database.Command[20102]
      Failed executing DbCommand (2ms) [Parameters=[@p='?' (DbType = Int32), @p1='?' (DbType = Int32)], CommandType='Text', CommandTimeout='30']
      SELECT [p3].[Id], [p3].[CreatedAtUtc], [p3].[PostId], [p3].[UpdatedAtUtc], [p3].[UserId], [p0].[Id], [u].[Id], [s].[Id], [g].[Id]
      FROM (
          SELECT [p].[Id], [p].[CreatedAtUtc], [p].[GroupId], [p].[UserId]
          FROM [Posts] AS [p]
          WHERE [p].[IsDeleted] = CAST(0 AS bit)
          ORDER BY [p].[CreatedAtUtc] DESC
          OFFSET @p ROWS FETCH NEXT @p1 ROWS ONLY
      ) AS [p0]
      INNER JOIN [Users] AS [u] ON [p0].[UserId] = [u].[Id]
      LEFT JOIN [StudentProfiles] AS [s] ON [u].[Id] = [s].[UserId]
      LEFT JOIN [Groups] AS [g] ON [p0].[GroupId] = [g].[Id]
      INNER JOIN [PostBookmarks] AS [p3] ON [p0].[Id] = [p3].[PostId]
      ORDER BY [p0].[CreatedAtUtc] DESC, [p0].[Id], [u].[Id], [s].[Id], [g].[Id]
fail: Microsoft.EntityFrameworkCore.Query[10100]
      An exception occurred while iterating over the results of a query for context type 'EduConnect.Infrastructure.Data.AppDbContext'.
      Microsoft.Data.SqlClient.SqlException (0x80131904): Invalid object name 'PostBookmarks'.
         at System.Threading.Tasks.ContinuationResultTaskFromResultTask`2.InnerInvoke()
         at System.Threading.ExecutionContext.RunInternal(ExecutionContext executionContext, ContextCallback callback, Object state)
      --- End of stack trace from previous location ---
         at System.Threading.ExecutionContext.RunInternal(ExecutionContext executionContext, ContextCallback callback, Object state)
         at System.Threading.Tasks.Task.ExecuteWithThreadLocal(Task& currentTaskSlot, Thread threadPoolThread)
      --- End of stack trace from previous location ---
         at Microsoft.EntityFrameworkCore.Storage.RelationalCommand.ExecuteReaderAsync(RelationalCommandParameterObject parameterObject, CancellationToken cancellationToken)
         at Microsoft.EntityFrameworkCore.Storage.RelationalCommand.ExecuteReaderAsync(RelationalCommandParameterObject parameterObject, CancellationToken cancellationToken)
         at Microsoft.EntityFrameworkCore.Query.RelationalShapedQueryCompilingExpressionVisitor.ShaperProcessingExpressionVisitor.<PopulateSplitIncludeCollectionAsync>g__InitializeReaderAsync|27_0[TIncludingEntity,TIncludedEntity](RelationalQueryContext queryContext, RelationalCommandResolver relationalCommandResolver, IReadOnlyList`1 readerColumns, Boolean detailedErrorsEnabled, CancellationToken cancellationToken)
         at Microsoft.EntityFrameworkCore.SqlServer.Storage.Internal.SqlServerExecutionStrategy.ExecuteAsync[TState,TResult](TState state, Func`4 operation, Func`4 verifySucceeded, CancellationToken cancellationToken)
         at Microsoft.EntityFrameworkCore.Query.RelationalShapedQueryCompilingExpressionVisitor.ShaperProcessingExpressionVisitor.PopulateSplitIncludeCollectionAsync[TIncludingEntity,TIncludedEntity](Int32 collectionId, RelationalQueryContext queryContext, IExecutionStrategy executionStrategy, RelationalCommandResolver relationalCommandResolver, IReadOnlyList`1 readerColumns, Boolean detailedErrorsEnabled, SplitQueryResultCoordinator resultCoordinator, Func`3 childIdentifier, IReadOnlyList`1 identifierValueComparers, Func`5 innerShaper, Func`4 relatedDataLoaders, INavigationBase inverseNavigation, Action`2 fixup, Boolean trackingQuery)
         at Microsoft.EntityFrameworkCore.Query.RelationalShapedQueryCompilingExpressionVisitor.ShaperProcessingExpressionVisitor.TaskAwaiter(Func`1[] taskFactories)
         at Microsoft.EntityFrameworkCore.Query.Internal.SplitQueryingEnumerable`1.AsyncEnumerator.MoveNextAsync()
      ClientConnectionId:8dc38f7a-1540-4184-a7d8-7d911e1eedad
      Error Number:208,State:1,Class:16
      Microsoft.Data.SqlClient.SqlException (0x80131904): Invalid object name 'PostBookmarks'.
         at System.Threading.Tasks.ContinuationResultTaskFromResultTask`2.InnerInvoke()
         at System.Threading.ExecutionContext.RunInternal(ExecutionContext executionContext, ContextCallback callback, Object state)
      --- End of stack trace from previous location ---
         at System.Threading.ExecutionContext.RunInternal(ExecutionContext executionContext, ContextCallback callback, Object state)
         at System.Threading.Tasks.Task.ExecuteWithThreadLocal(Task& currentTaskSlot, Thread threadPoolThread)
      --- End of stack trace from previous location ---
         at Microsoft.EntityFrameworkCore.Storage.RelationalCommand.ExecuteReaderAsync(RelationalCommandParameterObject parameterObject, CancellationToken cancellationToken)
         at Microsoft.EntityFrameworkCore.Storage.RelationalCommand.ExecuteReaderAsync(RelationalCommandParameterObject parameterObject, CancellationToken cancellationToken)
         at Microsoft.EntityFrameworkCore.Query.RelationalShapedQueryCompilingExpressionVisitor.ShaperProcessingExpressionVisitor.<PopulateSplitIncludeCollectionAsync>g__InitializeReaderAsync|27_0[TIncludingEntity,TIncludedEntity](RelationalQueryContext queryContext, RelationalCommandResolver relationalCommandResolver, IReadOnlyList`1 readerColumns, Boolean detailedErrorsEnabled, CancellationToken cancellationToken)
         at Microsoft.EntityFrameworkCore.SqlServer.Storage.Internal.SqlServerExecutionStrategy.ExecuteAsync[TState,TResult](TState state, Func`4 operation, Func`4 verifySucceeded, CancellationToken cancellationToken)
         at Microsoft.EntityFrameworkCore.Query.RelationalShapedQueryCompilingExpressionVisitor.ShaperProcessingExpressionVisitor.PopulateSplitIncludeCollectionAsync[TIncludingEntity,TIncludedEntity](Int32 collectionId, RelationalQueryContext queryContext, IExecutionStrategy executionStrategy, RelationalCommandResolver relationalCommandResolver, IReadOnlyList`1 readerColumns, Boolean detailedErrorsEnabled, SplitQueryResultCoordinator resultCoordinator, Func`3 childIdentifier, IReadOnlyList`1 identifierValueComparers, Func`5 innerShaper, Func`4 relatedDataLoaders, INavigationBase inverseNavigation, Action`2 fixup, Boolean trackingQuery)
         at Microsoft.EntityFrameworkCore.Query.RelationalShapedQueryCompilingExpressionVisitor.ShaperProcessingExpressionVisitor.TaskAwaiter(Func`1[] taskFactories)
         at Microsoft.EntityFrameworkCore.Query.Internal.SplitQueryingEnumerable`1.AsyncEnumerator.MoveNextAsync()
      ClientConnectionId:8dc38f7a-1540-4184-a7d8-7d911e1eedad
      Error Number:208,State:1,Class:16
dbug: Microsoft.EntityFrameworkCore.Database.Connection[20002]
      Closing connection to database 'EduConnectDb' on server 'localhost\SQLEXPRESS'.
dbug: Microsoft.EntityFrameworkCore.Database.Connection[20003]
      Closed connection to database 'EduConnectDb' on server 'localhost\SQLEXPRESS' (0ms).
info: Microsoft.AspNetCore.Mvc.Infrastructure.ControllerActionInvoker[105]
      Executed action EduConnect.Api.Controllers.PostsController.GetAll (EduConnect.Api) in 35.9125ms
info: Microsoft.AspNetCore.Routing.EndpointMiddleware[1]
      Executed endpoint 'EduConnect.Api.Controllers.PostsController.GetAll (EduConnect.Api)'
fail: EduConnect.Api.Middleware.GlobalExceptionHandler[0]
      Unhandled exception occurred while processing the request.
      Microsoft.Data.SqlClient.SqlException (0x80131904): Invalid object name 'PostBookmarks'.
         at System.Threading.Tasks.ContinuationResultTaskFromResultTask`2.InnerInvoke()
         at System.Threading.ExecutionContext.RunInternal(ExecutionContext executionContext, ContextCallback callback, Object state)
      --- End of stack trace from previous location ---
         at System.Threading.ExecutionContext.RunInternal(ExecutionContext executionContext, ContextCallback callback, Object state)
         at System.Threading.Tasks.Task.ExecuteWithThreadLocal(Task& currentTaskSlot, Thread threadPoolThread)
      --- End of stack trace from previous location ---
         at Microsoft.EntityFrameworkCore.Storage.RelationalCommand.ExecuteReaderAsync(RelationalCommandParameterObject parameterObject, CancellationToken cancellationToken)
         at Microsoft.EntityFrameworkCore.Storage.RelationalCommand.ExecuteReaderAsync(RelationalCommandParameterObject parameterObject, CancellationToken cancellationToken)
         at Microsoft.EntityFrameworkCore.Query.RelationalShapedQueryCompilingExpressionVisitor.ShaperProcessingExpressionVisitor.<PopulateSplitIncludeCollectionAsync>g__InitializeReaderAsync|27_0[TIncludingEntity,TIncludedEntity](RelationalQueryContext queryContext, RelationalCommandResolver relationalCommandResolver, IReadOnlyList`1 readerColumns, Boolean detailedErrorsEnabled, CancellationToken cancellationToken)
         at Microsoft.EntityFrameworkCore.SqlServer.Storage.Internal.SqlServerExecutionStrategy.ExecuteAsync[TState,TResult](TState state, Func`4 operation, Func`4 verifySucceeded, CancellationToken cancellationToken)
         at Microsoft.EntityFrameworkCore.Query.RelationalShapedQueryCompilingExpressionVisitor.ShaperProcessingExpressionVisitor.PopulateSplitIncludeCollectionAsync[TIncludingEntity,TIncludedEntity](Int32 collectionId, RelationalQueryContext queryContext, IExecutionStrategy executionStrategy, RelationalCommandResolver relationalCommandResolver, IReadOnlyList`1 readerColumns, Boolean detailedErrorsEnabled, SplitQueryResultCoordinator resultCoordinator, Func`3 childIdentifier, IReadOnlyList`1 identifierValueComparers, Func`5 innerShaper, Func`4 relatedDataLoaders, INavigationBase inverseNavigation, Action`2 fixup, Boolean trackingQuery)
         at Microsoft.EntityFrameworkCore.Query.RelationalShapedQueryCompilingExpressionVisitor.ShaperProcessingExpressionVisitor.TaskAwaiter(Func`1[] taskFactories)
         at Microsoft.EntityFrameworkCore.Query.Internal.SplitQueryingEnumerable`1.AsyncEnumerator.MoveNextAsync()
         at Microsoft.EntityFrameworkCore.EntityFrameworkQueryableExtensions.ToListAsync[TSource](IQueryable`1 source, CancellationToken cancellationToken)
         at Microsoft.EntityFrameworkCore.EntityFrameworkQueryableExtensions.ToListAsync[TSource](IQueryable`1 source, CancellationToken cancellationToken)
         at EduConnect.Api.Controllers.PostsController.GetAll(Int32 page, Int32 pageSize, CancellationToken cancellationToken) in C:\Users\FIRAT\Desktop\Tubitak-Tez\backend\src\EduConnect.Api\Controllers\PostsController.cs:line 34
         at lambda_method50(Closure, Object)
         at Microsoft.AspNetCore.Mvc.Infrastructure.ActionMethodExecutor.AwaitableObjectResultExecutor.Execute(ActionContext actionContext, IActionResultTypeMapper mapper, ObjectMethodExecutor executor, Object controller, Object[] arguments)
         at Microsoft.AspNetCore.Mvc.Infrastructure.ControllerActionInvoker.<InvokeActionMethodAsync>g__Awaited|12_0(ControllerActionInvoker invoker, ValueTask`1 actionResultValueTask)
         at Microsoft.AspNetCore.Mvc.Infrastructure.ControllerActionInvoker.<InvokeNextActionFilterAsync>g__Awaited|10_0(ControllerActionInvoker invoker, Task lastTask, State next, Scope scope, Object state, Boolean isCompleted)
         at Microsoft.AspNetCore.Mvc.Infrastructure.ControllerActionInvoker.Rethrow(ActionExecutedContextSealed context)
         at Microsoft.AspNetCore.Mvc.Infrastructure.ControllerActionInvoker.Next(State& next, Scope& scope, Object& state, Boolean& isCompleted)
         at Microsoft.AspNetCore.Mvc.Infrastructure.ControllerActionInvoker.<InvokeInnerFilterAsync>g__Awaited|13_0(ControllerActionInvoker invoker, Task lastTask, State next, Scope scope, Object state, Boolean isCompleted)
         at Microsoft.AspNetCore.Mvc.Infrastructure.ResourceInvoker.<InvokeFilterPipelineAsync>g__Awaited|20_0(ResourceInvoker invoker, Task lastTask, State next, Scope scope, Object state, Boolean isCompleted)
         at Microsoft.AspNetCore.Mvc.Infrastructure.ResourceInvoker.<InvokeAsync>g__Logged|17_1(ResourceInvoker invoker)
         at Microsoft.AspNetCore.Mvc.Infrastructure.ResourceInvoker.<InvokeAsync>g__Logged|17_1(ResourceInvoker invoker)
         at Microsoft.AspNetCore.Routing.EndpointMiddleware.<Invoke>g__AwaitRequestTask|7_0(Endpoint endpoint, Task requestTask, ILogger logger)
         at Microsoft.AspNetCore.Authorization.AuthorizationMiddleware.Invoke(HttpContext context)
         at Microsoft.AspNetCore.Authentication.AuthenticationMiddleware.Invoke(HttpContext context)
         at Swashbuckle.AspNetCore.SwaggerUI.SwaggerUIMiddleware.Invoke(HttpContext httpContext)
         at Swashbuckle.AspNetCore.Swagger.SwaggerMiddleware.Invoke(HttpContext httpContext, ISwaggerProvider swaggerProvider)
         at Microsoft.AspNetCore.Diagnostics.ExceptionHandlerMiddlewareImpl.<Invoke>g__Awaited|10_0(ExceptionHandlerMiddlewareImpl middleware, HttpContext context, Task task)
      ClientConnectionId:8dc38f7a-1540-4184-a7d8-7d911e1eedad
      Error Number:208,State:1,Class:16
dbug: Microsoft.EntityFrameworkCore.Infrastructure[10407]
      'AppDbContext' disposed.
dbug: Microsoft.EntityFrameworkCore.Database.Connection[20007]
      Disposing connection to database 'EduConnectDb' on server 'localhost\SQLEXPRESS'.
dbug: Microsoft.EntityFrameworkCore.Database.Connection[20008]
      Disposed connection to database '' on server '' (0ms).
info: Microsoft.AspNetCore.Hosting.Diagnostics[2]
      Request finished HTTP/1.1 GET http://localhost:5160/api/posts?page=1&pageSize=10 - 500 - application/json;+charset=utf-8 41.1180ms
info: Microsoft.AspNetCore.Hosting.Diagnostics[1]
      Request starting HTTP/1.1 GET http://localhost:5160/api/posts?page=1&pageSize=10 - - -
info: Microsoft.AspNetCore.Cors.Infrastructure.CorsService[4]
      CORS policy execution successful.
info: Microsoft.AspNetCore.Routing.EndpointMiddleware[0]
      Executing endpoint 'EduConnect.Api.Controllers.PostsController.GetAll (EduConnect.Api)'
info: Microsoft.AspNetCore.Mvc.Infrastructure.ControllerActionInvoker[102]
      Route matched with {action = "GetAll", controller = "Posts"}. Executing controller action with signature System.Threading.Tasks.Task`1[Microsoft.AspNetCore.Mvc.ActionResult`1[EduConnect.Application.Contracts.Common.PagedResponse`1[EduConnect.Application.Contracts.Posts.PostResponse]]] GetAll(Int32, Int32, System.Threading.CancellationToken) on controller EduConnect.Api.Controllers.PostsController (EduConnect.Api).
dbug: Microsoft.EntityFrameworkCore.Infrastructure[10403]
      Entity Framework Core 10.0.5 initialized 'AppDbContext' using provider 'Microsoft.EntityFrameworkCore.SqlServer:10.0.5' with options: MigrationsAssembly=EduConnect.Infrastructure, Version=1.0.0.0, Culture=neutral, PublicKeyToken=null EngineType=SqlServer 
dbug: Microsoft.EntityFrameworkCore.Database.Connection[20005]
      Creating DbConnection.
dbug: Microsoft.EntityFrameworkCore.Database.Connection[20006]
      Created DbConnection. (0ms).
dbug: Microsoft.EntityFrameworkCore.Database.Connection[20000]
      Opening connection to database 'EduConnectDb' on server 'localhost\SQLEXPRESS'.
dbug: Microsoft.EntityFrameworkCore.Database.Connection[20001]
      Opened connection to database 'EduConnectDb' on server 'localhost\SQLEXPRESS'.
dbug: Microsoft.EntityFrameworkCore.Database.Connection[20002]
      Closing connection to database 'EduConnectDb' on server 'localhost\SQLEXPRESS'.
dbug: Microsoft.EntityFrameworkCore.Database.Connection[20003]
      Closed connection to database 'EduConnectDb' on server 'localhost\SQLEXPRESS' (0ms).
dbug: Microsoft.EntityFrameworkCore.Database.Connection[20000]
      Opening connection to database 'EduConnectDb' on server 'localhost\SQLEXPRESS'.
dbug: Microsoft.EntityFrameworkCore.Database.Connection[20001]
      Opened connection to database 'EduConnectDb' on server 'localhost\SQLEXPRESS'.
fail: Microsoft.EntityFrameworkCore.Database.Command[20102]
      Failed executing DbCommand (2ms) [Parameters=[@p='?' (DbType = Int32), @p1='?' (DbType = Int32)], CommandType='Text', CommandTimeout='30']
      SELECT [p3].[Id], [p3].[CreatedAtUtc], [p3].[PostId], [p3].[UpdatedAtUtc], [p3].[UserId], [p0].[Id], [u].[Id], [s].[Id], [g].[Id]
      FROM (
          SELECT [p].[Id], [p].[CreatedAtUtc], [p].[GroupId], [p].[UserId]
          FROM [Posts] AS [p]
          WHERE [p].[IsDeleted] = CAST(0 AS bit)
          ORDER BY [p].[CreatedAtUtc] DESC
          OFFSET @p ROWS FETCH NEXT @p1 ROWS ONLY
      ) AS [p0]
      INNER JOIN [Users] AS [u] ON [p0].[UserId] = [u].[Id]
      LEFT JOIN [StudentProfiles] AS [s] ON [u].[Id] = [s].[UserId]
      LEFT JOIN [Groups] AS [g] ON [p0].[GroupId] = [g].[Id]
      INNER JOIN [PostBookmarks] AS [p3] ON [p0].[Id] = [p3].[PostId]
      ORDER BY [p0].[CreatedAtUtc] DESC, [p0].[Id], [u].[Id], [s].[Id], [g].[Id]
fail: Microsoft.EntityFrameworkCore.Query[10100]
      An exception occurred while iterating over the results of a query for context type 'EduConnect.Infrastructure.Data.AppDbContext'.
      Microsoft.Data.SqlClient.SqlException (0x80131904): Invalid object name 'PostBookmarks'.
         at System.Threading.Tasks.ContinuationResultTaskFromResultTask`2.InnerInvoke()
         at System.Threading.ExecutionContext.RunInternal(ExecutionContext executionContext, ContextCallback callback, Object state)
      --- End of stack trace from previous location ---
         at System.Threading.ExecutionContext.RunInternal(ExecutionContext executionContext, ContextCallback callback, Object state)
         at System.Threading.Tasks.Task.ExecuteWithThreadLocal(Task& currentTaskSlot, Thread threadPoolThread)
      --- End of stack trace from previous location ---
         at Microsoft.EntityFrameworkCore.Storage.RelationalCommand.ExecuteReaderAsync(RelationalCommandParameterObject parameterObject, CancellationToken cancellationToken)
         at Microsoft.EntityFrameworkCore.Storage.RelationalCommand.ExecuteReaderAsync(RelationalCommandParameterObject parameterObject, CancellationToken cancellationToken)
         at Microsoft.EntityFrameworkCore.Query.RelationalShapedQueryCompilingExpressionVisitor.ShaperProcessingExpressionVisitor.<PopulateSplitIncludeCollectionAsync>g__InitializeReaderAsync|27_0[TIncludingEntity,TIncludedEntity](RelationalQueryContext queryContext, RelationalCommandResolver relationalCommandResolver, IReadOnlyList`1 readerColumns, Boolean detailedErrorsEnabled, CancellationToken cancellationToken)
         at Microsoft.EntityFrameworkCore.SqlServer.Storage.Internal.SqlServerExecutionStrategy.ExecuteAsync[TState,TResult](TState state, Func`4 operation, Func`4 verifySucceeded, CancellationToken cancellationToken)
         at Microsoft.EntityFrameworkCore.Query.RelationalShapedQueryCompilingExpressionVisitor.ShaperProcessingExpressionVisitor.PopulateSplitIncludeCollectionAsync[TIncludingEntity,TIncludedEntity](Int32 collectionId, RelationalQueryContext queryContext, IExecutionStrategy executionStrategy, RelationalCommandResolver relationalCommandResolver, IReadOnlyList`1 readerColumns, Boolean detailedErrorsEnabled, SplitQueryResultCoordinator resultCoordinator, Func`3 childIdentifier, IReadOnlyList`1 identifierValueComparers, Func`5 innerShaper, Func`4 relatedDataLoaders, INavigationBase inverseNavigation, Action`2 fixup, Boolean trackingQuery)
         at Microsoft.EntityFrameworkCore.Query.RelationalShapedQueryCompilingExpressionVisitor.ShaperProcessingExpressionVisitor.TaskAwaiter(Func`1[] taskFactories)
         at Microsoft.EntityFrameworkCore.Query.Internal.SplitQueryingEnumerable`1.AsyncEnumerator.MoveNextAsync()
      ClientConnectionId:8dc38f7a-1540-4184-a7d8-7d911e1eedad
      Error Number:208,State:1,Class:16
      Microsoft.Data.SqlClient.SqlException (0x80131904): Invalid object name 'PostBookmarks'.
         at System.Threading.Tasks.ContinuationResultTaskFromResultTask`2.InnerInvoke()
         at System.Threading.ExecutionContext.RunInternal(ExecutionContext executionContext, ContextCallback callback, Object state)
      --- End of stack trace from previous location ---
         at System.Threading.ExecutionContext.RunInternal(ExecutionContext executionContext, ContextCallback callback, Object state)
         at System.Threading.Tasks.Task.ExecuteWithThreadLocal(Task& currentTaskSlot, Thread threadPoolThread)
      --- End of stack trace from previous location ---
         at Microsoft.EntityFrameworkCore.Storage.RelationalCommand.ExecuteReaderAsync(RelationalCommandParameterObject parameterObject, CancellationToken cancellationToken)
         at Microsoft.EntityFrameworkCore.Storage.RelationalCommand.ExecuteReaderAsync(RelationalCommandParameterObject parameterObject, CancellationToken cancellationToken)
         at Microsoft.EntityFrameworkCore.Query.RelationalShapedQueryCompilingExpressionVisitor.ShaperProcessingExpressionVisitor.<PopulateSplitIncludeCollectionAsync>g__InitializeReaderAsync|27_0[TIncludingEntity,TIncludedEntity](RelationalQueryContext queryContext, RelationalCommandResolver relationalCommandResolver, IReadOnlyList`1 readerColumns, Boolean detailedErrorsEnabled, CancellationToken cancellationToken)
         at Microsoft.EntityFrameworkCore.SqlServer.Storage.Internal.SqlServerExecutionStrategy.ExecuteAsync[TState,TResult](TState state, Func`4 operation, Func`4 verifySucceeded, CancellationToken cancellationToken)
         at Microsoft.EntityFrameworkCore.Query.RelationalShapedQueryCompilingExpressionVisitor.ShaperProcessingExpressionVisitor.PopulateSplitIncludeCollectionAsync[TIncludingEntity,TIncludedEntity](Int32 collectionId, RelationalQueryContext queryContext, IExecutionStrategy executionStrategy, RelationalCommandResolver relationalCommandResolver, IReadOnlyList`1 readerColumns, Boolean detailedErrorsEnabled, SplitQueryResultCoordinator resultCoordinator, Func`3 childIdentifier, IReadOnlyList`1 identifierValueComparers, Func`5 innerShaper, Func`4 relatedDataLoaders, INavigationBase inverseNavigation, Action`2 fixup, Boolean trackingQuery)
         at Microsoft.EntityFrameworkCore.Query.RelationalShapedQueryCompilingExpressionVisitor.ShaperProcessingExpressionVisitor.TaskAwaiter(Func`1[] taskFactories)
         at Microsoft.EntityFrameworkCore.Query.Internal.SplitQueryingEnumerable`1.AsyncEnumerator.MoveNextAsync()
      ClientConnectionId:8dc38f7a-1540-4184-a7d8-7d911e1eedad
      Error Number:208,State:1,Class:16
dbug: Microsoft.EntityFrameworkCore.Database.Connection[20002]
      Closing connection to database 'EduConnectDb' on server 'localhost\SQLEXPRESS'.
dbug: Microsoft.EntityFrameworkCore.Database.Connection[20003]
      Closed connection to database 'EduConnectDb' on server 'localhost\SQLEXPRESS' (0ms).
info: Microsoft.AspNetCore.Mvc.Infrastructure.ControllerActionInvoker[105]
      Executed action EduConnect.Api.Controllers.PostsController.GetAll (EduConnect.Api) in 35.0153ms
info: Microsoft.AspNetCore.Routing.EndpointMiddleware[1]
      Executed endpoint 'EduConnect.Api.Controllers.PostsController.GetAll (EduConnect.Api)'
fail: EduConnect.Api.Middleware.GlobalExceptionHandler[0]
      Unhandled exception occurred while processing the request.
      Microsoft.Data.SqlClient.SqlException (0x80131904): Invalid object name 'PostBookmarks'.
         at System.Threading.Tasks.ContinuationResultTaskFromResultTask`2.InnerInvoke()
         at System.Threading.ExecutionContext.RunInternal(ExecutionContext executionContext, ContextCallback callback, Object state)
      --- End of stack trace from previous location ---
         at System.Threading.ExecutionContext.RunInternal(ExecutionContext executionContext, ContextCallback callback, Object state)
         at System.Threading.Tasks.Task.ExecuteWithThreadLocal(Task& currentTaskSlot, Thread threadPoolThread)
      --- End of stack trace from previous location ---
         at Microsoft.EntityFrameworkCore.Storage.RelationalCommand.ExecuteReaderAsync(RelationalCommandParameterObject parameterObject, CancellationToken cancellationToken)
         at Microsoft.EntityFrameworkCore.Storage.RelationalCommand.ExecuteReaderAsync(RelationalCommandParameterObject parameterObject, CancellationToken cancellationToken)
         at Microsoft.EntityFrameworkCore.Query.RelationalShapedQueryCompilingExpressionVisitor.ShaperProcessingExpressionVisitor.<PopulateSplitIncludeCollectionAsync>g__InitializeReaderAsync|27_0[TIncludingEntity,TIncludedEntity](RelationalQueryContext queryContext, RelationalCommandResolver relationalCommandResolver, IReadOnlyList`1 readerColumns, Boolean detailedErrorsEnabled, CancellationToken cancellationToken)
         at Microsoft.EntityFrameworkCore.SqlServer.Storage.Internal.SqlServerExecutionStrategy.ExecuteAsync[TState,TResult](TState state, Func`4 operation, Func`4 verifySucceeded, CancellationToken cancellationToken)
         at Microsoft.EntityFrameworkCore.Query.RelationalShapedQueryCompilingExpressionVisitor.ShaperProcessingExpressionVisitor.PopulateSplitIncludeCollectionAsync[TIncludingEntity,TIncludedEntity](Int32 collectionId, RelationalQueryContext queryContext, IExecutionStrategy executionStrategy, RelationalCommandResolver relationalCommandResolver, IReadOnlyList`1 readerColumns, Boolean detailedErrorsEnabled, SplitQueryResultCoordinator resultCoordinator, Func`3 childIdentifier, IReadOnlyList`1 identifierValueComparers, Func`5 innerShaper, Func`4 relatedDataLoaders, INavigationBase inverseNavigation, Action`2 fixup, Boolean trackingQuery)
         at Microsoft.EntityFrameworkCore.Query.RelationalShapedQueryCompilingExpressionVisitor.ShaperProcessingExpressionVisitor.TaskAwaiter(Func`1[] taskFactories)
         at Microsoft.EntityFrameworkCore.Query.Internal.SplitQueryingEnumerable`1.AsyncEnumerator.MoveNextAsync()
         at Microsoft.EntityFrameworkCore.EntityFrameworkQueryableExtensions.ToListAsync[TSource](IQueryable`1 source, CancellationToken cancellationToken)
         at Microsoft.EntityFrameworkCore.EntityFrameworkQueryableExtensions.ToListAsync[TSource](IQueryable`1 source, CancellationToken cancellationToken)
         at EduConnect.Api.Controllers.PostsController.GetAll(Int32 page, Int32 pageSize, CancellationToken cancellationToken) in C:\Users\FIRAT\Desktop\Tubitak-Tez\backend\src\EduConnect.Api\Controllers\PostsController.cs:line 34
         at lambda_method50(Closure, Object)
         at Microsoft.AspNetCore.Mvc.Infrastructure.ActionMethodExecutor.AwaitableObjectResultExecutor.Execute(ActionContext actionContext, IActionResultTypeMapper mapper, ObjectMethodExecutor executor, Object controller, Object[] arguments)
         at Microsoft.AspNetCore.Mvc.Infrastructure.ControllerActionInvoker.<InvokeActionMethodAsync>g__Awaited|12_0(ControllerActionInvoker invoker, ValueTask`1 actionResultValueTask)
         at Microsoft.AspNetCore.Mvc.Infrastructure.ControllerActionInvoker.<InvokeNextActionFilterAsync>g__Awaited|10_0(ControllerActionInvoker invoker, Task lastTask, State next, Scope scope, Object state, Boolean isCompleted)
         at Microsoft.AspNetCore.Mvc.Infrastructure.ControllerActionInvoker.Rethrow(ActionExecutedContextSealed context)
         at Microsoft.AspNetCore.Mvc.Infrastructure.ControllerActionInvoker.Next(State& next, Scope& scope, Object& state, Boolean& isCompleted)
         at Microsoft.AspNetCore.Mvc.Infrastructure.ControllerActionInvoker.<InvokeInnerFilterAsync>g__Awaited|13_0(ControllerActionInvoker invoker, Task lastTask, State next, Scope scope, Object state, Boolean isCompleted)
         at Microsoft.AspNetCore.Mvc.Infrastructure.ResourceInvoker.<InvokeFilterPipelineAsync>g__Awaited|20_0(ResourceInvoker invoker, Task lastTask, State next, Scope scope, Object state, Boolean isCompleted)
         at Microsoft.AspNetCore.Mvc.Infrastructure.ResourceInvoker.<InvokeAsync>g__Logged|17_1(ResourceInvoker invoker)
         at Microsoft.AspNetCore.Mvc.Infrastructure.ResourceInvoker.<InvokeAsync>g__Logged|17_1(ResourceInvoker invoker)
         at Microsoft.AspNetCore.Routing.EndpointMiddleware.<Invoke>g__AwaitRequestTask|7_0(Endpoint endpoint, Task requestTask, ILogger logger)
         at Microsoft.AspNetCore.Authorization.AuthorizationMiddleware.Invoke(HttpContext context)
         at Microsoft.AspNetCore.Authentication.AuthenticationMiddleware.Invoke(HttpContext context)
         at Swashbuckle.AspNetCore.SwaggerUI.SwaggerUIMiddleware.Invoke(HttpContext httpContext)
         at Swashbuckle.AspNetCore.Swagger.SwaggerMiddleware.Invoke(HttpContext httpContext, ISwaggerProvider swaggerProvider)
         at Microsoft.AspNetCore.Diagnostics.ExceptionHandlerMiddlewareImpl.<Invoke>g__Awaited|10_0(ExceptionHandlerMiddlewareImpl middleware, HttpContext context, Task task)
      ClientConnectionId:8dc38f7a-1540-4184-a7d8-7d911e1eedad
      Error Number:208,State:1,Class:16
dbug: Microsoft.EntityFrameworkCore.Infrastructure[10407]
      'AppDbContext' disposed.
dbug: Microsoft.EntityFrameworkCore.Database.Connection[20007]
      Disposing connection to database 'EduConnectDb' on server 'localhost\SQLEXPRESS'.
dbug: Microsoft.EntityFrameworkCore.Database.Connection[20008]
      Disposed connection to database '' on server '' (0ms).
info: Microsoft.AspNetCore.Hosting.Diagnostics[2]
      Request finished HTTP/1.1 GET http://localhost:5160/api/posts?page=1&pageSize=10 - 500 - application/json;+charset=utf-8 39.8027ms
info: Microsoft.AspNetCore.Hosting.Diagnostics[1]
      Request starting HTTP/1.1 GET http://localhost:5160/api/posts?page=1&pageSize=10 - - -
info: Microsoft.AspNetCore.Cors.Infrastructure.CorsService[4]
      CORS policy execution successful.
info: Microsoft.AspNetCore.Routing.EndpointMiddleware[0]
      Executing endpoint 'EduConnect.Api.Controllers.PostsController.GetAll (EduConnect.Api)'
info: Microsoft.AspNetCore.Mvc.Infrastructure.ControllerActionInvoker[102]
      Route matched with {action = "GetAll", controller = "Posts"}. Executing controller action with signature System.Threading.Tasks.Task`1[Microsoft.AspNetCore.Mvc.ActionResult`1[EduConnect.Application.Contracts.Common.PagedResponse`1[EduConnect.Application.Contracts.Posts.PostResponse]]] GetAll(Int32, Int32, System.Threading.CancellationToken) on controller EduConnect.Api.Controllers.PostsController (EduConnect.Api).
dbug: Microsoft.EntityFrameworkCore.Infrastructure[10403]
      Entity Framework Core 10.0.5 initialized 'AppDbContext' using provider 'Microsoft.EntityFrameworkCore.SqlServer:10.0.5' with options: MigrationsAssembly=EduConnect.Infrastructure, Version=1.0.0.0, Culture=neutral, PublicKeyToken=null EngineType=SqlServer 
dbug: Microsoft.EntityFrameworkCore.Database.Connection[20005]
      Creating DbConnection.
dbug: Microsoft.EntityFrameworkCore.Database.Connection[20006]
      Created DbConnection. (0ms).
dbug: Microsoft.EntityFrameworkCore.Database.Connection[20000]
      Opening connection to database 'EduConnectDb' on server 'localhost\SQLEXPRESS'.
dbug: Microsoft.EntityFrameworkCore.Database.Connection[20001]
      Opened connection to database 'EduConnectDb' on server 'localhost\SQLEXPRESS'.
dbug: Microsoft.EntityFrameworkCore.Database.Connection[20002]
      Closing connection to database 'EduConnectDb' on server 'localhost\SQLEXPRESS'.
dbug: Microsoft.EntityFrameworkCore.Database.Connection[20003]
      Closed connection to database 'EduConnectDb' on server 'localhost\SQLEXPRESS' (0ms).
dbug: Microsoft.EntityFrameworkCore.Database.Connection[20000]
      Opening connection to database 'EduConnectDb' on server 'localhost\SQLEXPRESS'.
dbug: Microsoft.EntityFrameworkCore.Database.Connection[20001]
      Opened connection to database 'EduConnectDb' on server 'localhost\SQLEXPRESS'.
fail: Microsoft.EntityFrameworkCore.Database.Command[20102]
      Failed executing DbCommand (1ms) [Parameters=[@p='?' (DbType = Int32), @p1='?' (DbType = Int32)], CommandType='Text', CommandTimeout='30']
      SELECT [p3].[Id], [p3].[CreatedAtUtc], [p3].[PostId], [p3].[UpdatedAtUtc], [p3].[UserId], [p0].[Id], [u].[Id], [s].[Id], [g].[Id]
      FROM (
          SELECT [p].[Id], [p].[CreatedAtUtc], [p].[GroupId], [p].[UserId]
          FROM [Posts] AS [p]
          WHERE [p].[IsDeleted] = CAST(0 AS bit)
          ORDER BY [p].[CreatedAtUtc] DESC
          OFFSET @p ROWS FETCH NEXT @p1 ROWS ONLY
      ) AS [p0]
      INNER JOIN [Users] AS [u] ON [p0].[UserId] = [u].[Id]
      LEFT JOIN [StudentProfiles] AS [s] ON [u].[Id] = [s].[UserId]
      LEFT JOIN [Groups] AS [g] ON [p0].[GroupId] = [g].[Id]
      INNER JOIN [PostBookmarks] AS [p3] ON [p0].[Id] = [p3].[PostId]
      ORDER BY [p0].[CreatedAtUtc] DESC, [p0].[Id], [u].[Id], [s].[Id], [g].[Id]
fail: Microsoft.EntityFrameworkCore.Query[10100]
      An exception occurred while iterating over the results of a query for context type 'EduConnect.Infrastructure.Data.AppDbContext'.
      Microsoft.Data.SqlClient.SqlException (0x80131904): Invalid object name 'PostBookmarks'.
         at System.Threading.Tasks.ContinuationResultTaskFromResultTask`2.InnerInvoke()
         at System.Threading.ExecutionContext.RunInternal(ExecutionContext executionContext, ContextCallback callback, Object state)
      --- End of stack trace from previous location ---
         at System.Threading.ExecutionContext.RunInternal(ExecutionContext executionContext, ContextCallback callback, Object state)
         at System.Threading.Tasks.Task.ExecuteWithThreadLocal(Task& currentTaskSlot, Thread threadPoolThread)
      --- End of stack trace from previous location ---
         at Microsoft.EntityFrameworkCore.Storage.RelationalCommand.ExecuteReaderAsync(RelationalCommandParameterObject parameterObject, CancellationToken cancellationToken)
         at Microsoft.EntityFrameworkCore.Storage.RelationalCommand.ExecuteReaderAsync(RelationalCommandParameterObject parameterObject, CancellationToken cancellationToken)
         at Microsoft.EntityFrameworkCore.Query.RelationalShapedQueryCompilingExpressionVisitor.ShaperProcessingExpressionVisitor.<PopulateSplitIncludeCollectionAsync>g__InitializeReaderAsync|27_0[TIncludingEntity,TIncludedEntity](RelationalQueryContext queryContext, RelationalCommandResolver relationalCommandResolver, IReadOnlyList`1 readerColumns, Boolean detailedErrorsEnabled, CancellationToken cancellationToken)
         at Microsoft.EntityFrameworkCore.SqlServer.Storage.Internal.SqlServerExecutionStrategy.ExecuteAsync[TState,TResult](TState state, Func`4 operation, Func`4 verifySucceeded, CancellationToken cancellationToken)
         at Microsoft.EntityFrameworkCore.Query.RelationalShapedQueryCompilingExpressionVisitor.ShaperProcessingExpressionVisitor.PopulateSplitIncludeCollectionAsync[TIncludingEntity,TIncludedEntity](Int32 collectionId, RelationalQueryContext queryContext, IExecutionStrategy executionStrategy, RelationalCommandResolver relationalCommandResolver, IReadOnlyList`1 readerColumns, Boolean detailedErrorsEnabled, SplitQueryResultCoordinator resultCoordinator, Func`3 childIdentifier, IReadOnlyList`1 identifierValueComparers, Func`5 innerShaper, Func`4 relatedDataLoaders, INavigationBase inverseNavigation, Action`2 fixup, Boolean trackingQuery)
         at Microsoft.EntityFrameworkCore.Query.RelationalShapedQueryCompilingExpressionVisitor.ShaperProcessingExpressionVisitor.TaskAwaiter(Func`1[] taskFactories)
         at Microsoft.EntityFrameworkCore.Query.Internal.SplitQueryingEnumerable`1.AsyncEnumerator.MoveNextAsync()
      ClientConnectionId:8dc38f7a-1540-4184-a7d8-7d911e1eedad
      Error Number:208,State:1,Class:16
      Microsoft.Data.SqlClient.SqlException (0x80131904): Invalid object name 'PostBookmarks'.
         at System.Threading.Tasks.ContinuationResultTaskFromResultTask`2.InnerInvoke()
         at System.Threading.ExecutionContext.RunInternal(ExecutionContext executionContext, ContextCallback callback, Object state)
      --- End of stack trace from previous location ---
         at System.Threading.ExecutionContext.RunInternal(ExecutionContext executionContext, ContextCallback callback, Object state)
         at System.Threading.Tasks.Task.ExecuteWithThreadLocal(Task& currentTaskSlot, Thread threadPoolThread)
      --- End of stack trace from previous location ---
         at Microsoft.EntityFrameworkCore.Storage.RelationalCommand.ExecuteReaderAsync(RelationalCommandParameterObject parameterObject, CancellationToken cancellationToken)
         at Microsoft.EntityFrameworkCore.Storage.RelationalCommand.ExecuteReaderAsync(RelationalCommandParameterObject parameterObject, CancellationToken cancellationToken)
         at Microsoft.EntityFrameworkCore.Query.RelationalShapedQueryCompilingExpressionVisitor.ShaperProcessingExpressionVisitor.<PopulateSplitIncludeCollectionAsync>g__InitializeReaderAsync|27_0[TIncludingEntity,TIncludedEntity](RelationalQueryContext queryContext, RelationalCommandResolver relationalCommandResolver, IReadOnlyList`1 readerColumns, Boolean detailedErrorsEnabled, CancellationToken cancellationToken)
         at Microsoft.EntityFrameworkCore.SqlServer.Storage.Internal.SqlServerExecutionStrategy.ExecuteAsync[TState,TResult](TState state, Func`4 operation, Func`4 verifySucceeded, CancellationToken cancellationToken)
         at Microsoft.EntityFrameworkCore.Query.RelationalShapedQueryCompilingExpressionVisitor.ShaperProcessingExpressionVisitor.PopulateSplitIncludeCollectionAsync[TIncludingEntity,TIncludedEntity](Int32 collectionId, RelationalQueryContext queryContext, IExecutionStrategy executionStrategy, RelationalCommandResolver relationalCommandResolver, IReadOnlyList`1 readerColumns, Boolean detailedErrorsEnabled, SplitQueryResultCoordinator resultCoordinator, Func`3 childIdentifier, IReadOnlyList`1 identifierValueComparers, Func`5 innerShaper, Func`4 relatedDataLoaders, INavigationBase inverseNavigation, Action`2 fixup, Boolean trackingQuery)
         at Microsoft.EntityFrameworkCore.Query.RelationalShapedQueryCompilingExpressionVisitor.ShaperProcessingExpressionVisitor.TaskAwaiter(Func`1[] taskFactories)
         at Microsoft.EntityFrameworkCore.Query.Internal.SplitQueryingEnumerable`1.AsyncEnumerator.MoveNextAsync()
      ClientConnectionId:8dc38f7a-1540-4184-a7d8-7d911e1eedad
      Error Number:208,State:1,Class:16
dbug: Microsoft.EntityFrameworkCore.Database.Connection[20002]
      Closing connection to database 'EduConnectDb' on server 'localhost\SQLEXPRESS'.
dbug: Microsoft.EntityFrameworkCore.Database.Connection[20003]
      Closed connection to database 'EduConnectDb' on server 'localhost\SQLEXPRESS' (0ms).
info: Microsoft.AspNetCore.Mvc.Infrastructure.ControllerActionInvoker[105]
      Executed action EduConnect.Api.Controllers.PostsController.GetAll (EduConnect.Api) in 32.5124ms
info: Microsoft.AspNetCore.Routing.EndpointMiddleware[1]
      Executed endpoint 'EduConnect.Api.Controllers.PostsController.GetAll (EduConnect.Api)'
fail: EduConnect.Api.Middleware.GlobalExceptionHandler[0]
      Unhandled exception occurred while processing the request.
      Microsoft.Data.SqlClient.SqlException (0x80131904): Invalid object name 'PostBookmarks'.
         at System.Threading.Tasks.ContinuationResultTaskFromResultTask`2.InnerInvoke()
         at System.Threading.ExecutionContext.RunInternal(ExecutionContext executionContext, ContextCallback callback, Object state)
      --- End of stack trace from previous location ---
         at System.Threading.ExecutionContext.RunInternal(ExecutionContext executionContext, ContextCallback callback, Object state)
         at System.Threading.Tasks.Task.ExecuteWithThreadLocal(Task& currentTaskSlot, Thread threadPoolThread)
      --- End of stack trace from previous location ---
         at Microsoft.EntityFrameworkCore.Storage.RelationalCommand.ExecuteReaderAsync(RelationalCommandParameterObject parameterObject, CancellationToken cancellationToken)
         at Microsoft.EntityFrameworkCore.Storage.RelationalCommand.ExecuteReaderAsync(RelationalCommandParameterObject parameterObject, CancellationToken cancellationToken)
         at Microsoft.EntityFrameworkCore.Query.RelationalShapedQueryCompilingExpressionVisitor.ShaperProcessingExpressionVisitor.<PopulateSplitIncludeCollectionAsync>g__InitializeReaderAsync|27_0[TIncludingEntity,TIncludedEntity](RelationalQueryContext queryContext, RelationalCommandResolver relationalCommandResolver, IReadOnlyList`1 readerColumns, Boolean detailedErrorsEnabled, CancellationToken cancellationToken)
         at Microsoft.EntityFrameworkCore.SqlServer.Storage.Internal.SqlServerExecutionStrategy.ExecuteAsync[TState,TResult](TState state, Func`4 operation, Func`4 verifySucceeded, CancellationToken cancellationToken)
         at Microsoft.EntityFrameworkCore.Query.RelationalShapedQueryCompilingExpressionVisitor.ShaperProcessingExpressionVisitor.PopulateSplitIncludeCollectionAsync[TIncludingEntity,TIncludedEntity](Int32 collectionId, RelationalQueryContext queryContext, IExecutionStrategy executionStrategy, RelationalCommandResolver relationalCommandResolver, IReadOnlyList`1 readerColumns, Boolean detailedErrorsEnabled, SplitQueryResultCoordinator resultCoordinator, Func`3 childIdentifier, IReadOnlyList`1 identifierValueComparers, Func`5 innerShaper, Func`4 relatedDataLoaders, INavigationBase inverseNavigation, Action`2 fixup, Boolean trackingQuery)
         at Microsoft.EntityFrameworkCore.Query.RelationalShapedQueryCompilingExpressionVisitor.ShaperProcessingExpressionVisitor.TaskAwaiter(Func`1[] taskFactories)
         at Microsoft.EntityFrameworkCore.Query.Internal.SplitQueryingEnumerable`1.AsyncEnumerator.MoveNextAsync()
         at Microsoft.EntityFrameworkCore.EntityFrameworkQueryableExtensions.ToListAsync[TSource](IQueryable`1 source, CancellationToken cancellationToken)
         at Microsoft.EntityFrameworkCore.EntityFrameworkQueryableExtensions.ToListAsync[TSource](IQueryable`1 source, CancellationToken cancellationToken)
         at EduConnect.Api.Controllers.PostsController.GetAll(Int32 page, Int32 pageSize, CancellationToken cancellationToken) in C:\Users\FIRAT\Desktop\Tubitak-Tez\backend\src\EduConnect.Api\Controllers\PostsController.cs:line 34
         at lambda_method50(Closure, Object)
         at Microsoft.AspNetCore.Mvc.Infrastructure.ActionMethodExecutor.AwaitableObjectResultExecutor.Execute(ActionContext actionContext, IActionResultTypeMapper mapper, ObjectMethodExecutor executor, Object controller, Object[] arguments)
         at Microsoft.AspNetCore.Mvc.Infrastructure.ControllerActionInvoker.<InvokeActionMethodAsync>g__Awaited|12_0(ControllerActionInvoker invoker, ValueTask`1 actionResultValueTask)
         at Microsoft.AspNetCore.Mvc.Infrastructure.ControllerActionInvoker.<InvokeNextActionFilterAsync>g__Awaited|10_0(ControllerActionInvoker invoker, Task lastTask, State next, Scope scope, Object state, Boolean isCompleted)
         at Microsoft.AspNetCore.Mvc.Infrastructure.ControllerActionInvoker.Rethrow(ActionExecutedContextSealed context)
         at Microsoft.AspNetCore.Mvc.Infrastructure.ControllerActionInvoker.Next(State& next, Scope& scope, Object& state, Boolean& isCompleted)
         at Microsoft.AspNetCore.Mvc.Infrastructure.ControllerActionInvoker.<InvokeInnerFilterAsync>g__Awaited|13_0(ControllerActionInvoker invoker, Task lastTask, State next, Scope scope, Object state, Boolean isCompleted)
         at Microsoft.AspNetCore.Mvc.Infrastructure.ResourceInvoker.<InvokeFilterPipelineAsync>g__Awaited|20_0(ResourceInvoker invoker, Task lastTask, State next, Scope scope, Object state, Boolean isCompleted)
         at Microsoft.AspNetCore.Mvc.Infrastructure.ResourceInvoker.<InvokeAsync>g__Logged|17_1(ResourceInvoker invoker)
         at Microsoft.AspNetCore.Mvc.Infrastructure.ResourceInvoker.<InvokeAsync>g__Logged|17_1(ResourceInvoker invoker)
         at Microsoft.AspNetCore.Routing.EndpointMiddleware.<Invoke>g__AwaitRequestTask|7_0(Endpoint endpoint, Task requestTask, ILogger logger)
         at Microsoft.AspNetCore.Authorization.AuthorizationMiddleware.Invoke(HttpContext context)
         at Microsoft.AspNetCore.Authentication.AuthenticationMiddleware.Invoke(HttpContext context)
         at Swashbuckle.AspNetCore.SwaggerUI.SwaggerUIMiddleware.Invoke(HttpContext httpContext)
         at Swashbuckle.AspNetCore.Swagger.SwaggerMiddleware.Invoke(HttpContext httpContext, ISwaggerProvider swaggerProvider)
         at Microsoft.AspNetCore.Diagnostics.ExceptionHandlerMiddlewareImpl.<Invoke>g__Awaited|10_0(ExceptionHandlerMiddlewareImpl middleware, HttpContext context, Task task)
      ClientConnectionId:8dc38f7a-1540-4184-a7d8-7d911e1eedad
      Error Number:208,State:1,Class:16
dbug: Microsoft.EntityFrameworkCore.Infrastructure[10407]
      'AppDbContext' disposed.
dbug: Microsoft.EntityFrameworkCore.Database.Connection[20007]
      Disposing connection to database 'EduConnectDb' on server 'localhost\SQLEXPRESS'.
dbug: Microsoft.EntityFrameworkCore.Database.Connection[20008]
      Disposed connection to database '' on server '' (0ms).
info: Microsoft.AspNetCore.Hosting.Diagnostics[2]
      Request finished HTTP/1.1 GET http://localhost:5160/api/posts?page=1&pageSize=10 - 500 - application/json;+charset=utf-8 36.4440ms
info: Microsoft.AspNetCore.Hosting.Diagnostics[1]
      Request starting HTTP/1.1 GET http://localhost:5160/api/posts?page=1&pageSize=10 - - -
info: Microsoft.AspNetCore.Cors.Infrastructure.CorsService[4]
      CORS policy execution successful.
info: Microsoft.AspNetCore.Routing.EndpointMiddleware[0]
      Executing endpoint 'EduConnect.Api.Controllers.PostsController.GetAll (EduConnect.Api)'
info: Microsoft.AspNetCore.Mvc.Infrastructure.ControllerActionInvoker[102]
      Route matched with {action = "GetAll", controller = "Posts"}. Executing controller action with signature System.Threading.Tasks.Task`1[Microsoft.AspNetCore.Mvc.ActionResult`1[EduConnect.Application.Contracts.Common.PagedResponse`1[EduConnect.Application.Contracts.Posts.PostResponse]]] GetAll(Int32, Int32, System.Threading.CancellationToken) on controller EduConnect.Api.Controllers.PostsController (EduConnect.Api).
dbug: Microsoft.EntityFrameworkCore.Infrastructure[10403]
      Entity Framework Core 10.0.5 initialized 'AppDbContext' using provider 'Microsoft.EntityFrameworkCore.SqlServer:10.0.5' with options: MigrationsAssembly=EduConnect.Infrastructure, Version=1.0.0.0, Culture=neutral, PublicKeyToken=null EngineType=SqlServer 
dbug: Microsoft.EntityFrameworkCore.Database.Connection[20005]
      Creating DbConnection.
dbug: Microsoft.EntityFrameworkCore.Database.Connection[20006]
      Created DbConnection. (0ms).
dbug: Microsoft.EntityFrameworkCore.Database.Connection[20000]
      Opening connection to database 'EduConnectDb' on server 'localhost\SQLEXPRESS'.
dbug: Microsoft.EntityFrameworkCore.Database.Connection[20001]
      Opened connection to database 'EduConnectDb' on server 'localhost\SQLEXPRESS'.
dbug: Microsoft.EntityFrameworkCore.Database.Connection[20002]
      Closing connection to database 'EduConnectDb' on server 'localhost\SQLEXPRESS'.
dbug: Microsoft.EntityFrameworkCore.Database.Connection[20003]
      Closed connection to database 'EduConnectDb' on server 'localhost\SQLEXPRESS' (0ms).
dbug: Microsoft.EntityFrameworkCore.Database.Connection[20000]
      Opening connection to database 'EduConnectDb' on server 'localhost\SQLEXPRESS'.
dbug: Microsoft.EntityFrameworkCore.Database.Connection[20001]
      Opened connection to database 'EduConnectDb' on server 'localhost\SQLEXPRESS'.
fail: Microsoft.EntityFrameworkCore.Database.Command[20102]
      Failed executing DbCommand (1ms) [Parameters=[@p='?' (DbType = Int32), @p1='?' (DbType = Int32)], CommandType='Text', CommandTimeout='30']
      SELECT [p3].[Id], [p3].[CreatedAtUtc], [p3].[PostId], [p3].[UpdatedAtUtc], [p3].[UserId], [p0].[Id], [u].[Id], [s].[Id], [g].[Id]
      FROM (
          SELECT [p].[Id], [p].[CreatedAtUtc], [p].[GroupId], [p].[UserId]
          FROM [Posts] AS [p]
          WHERE [p].[IsDeleted] = CAST(0 AS bit)
          ORDER BY [p].[CreatedAtUtc] DESC
          OFFSET @p ROWS FETCH NEXT @p1 ROWS ONLY
      ) AS [p0]
      INNER JOIN [Users] AS [u] ON [p0].[UserId] = [u].[Id]
      LEFT JOIN [StudentProfiles] AS [s] ON [u].[Id] = [s].[UserId]
      LEFT JOIN [Groups] AS [g] ON [p0].[GroupId] = [g].[Id]
      INNER JOIN [PostBookmarks] AS [p3] ON [p0].[Id] = [p3].[PostId]
      ORDER BY [p0].[CreatedAtUtc] DESC, [p0].[Id], [u].[Id], [s].[Id], [g].[Id]
fail: Microsoft.EntityFrameworkCore.Query[10100]
      An exception occurred while iterating over the results of a query for context type 'EduConnect.Infrastructure.Data.AppDbContext'.
      Microsoft.Data.SqlClient.SqlException (0x80131904): Invalid object name 'PostBookmarks'.
         at System.Threading.Tasks.ContinuationResultTaskFromResultTask`2.InnerInvoke()
         at System.Threading.ExecutionContext.RunInternal(ExecutionContext executionContext, ContextCallback callback, Object state)
      --- End of stack trace from previous location ---
         at System.Threading.ExecutionContext.RunInternal(ExecutionContext executionContext, ContextCallback callback, Object state)
         at System.Threading.Tasks.Task.ExecuteWithThreadLocal(Task& currentTaskSlot, Thread threadPoolThread)
      --- End of stack trace from previous location ---
         at Microsoft.EntityFrameworkCore.Storage.RelationalCommand.ExecuteReaderAsync(RelationalCommandParameterObject parameterObject, CancellationToken cancellationToken)
         at Microsoft.EntityFrameworkCore.Storage.RelationalCommand.ExecuteReaderAsync(RelationalCommandParameterObject parameterObject, CancellationToken cancellationToken)
         at Microsoft.EntityFrameworkCore.Query.RelationalShapedQueryCompilingExpressionVisitor.ShaperProcessingExpressionVisitor.<PopulateSplitIncludeCollectionAsync>g__InitializeReaderAsync|27_0[TIncludingEntity,TIncludedEntity](RelationalQueryContext queryContext, RelationalCommandResolver relationalCommandResolver, IReadOnlyList`1 readerColumns, Boolean detailedErrorsEnabled, CancellationToken cancellationToken)
         at Microsoft.EntityFrameworkCore.SqlServer.Storage.Internal.SqlServerExecutionStrategy.ExecuteAsync[TState,TResult](TState state, Func`4 operation, Func`4 verifySucceeded, CancellationToken cancellationToken)
         at Microsoft.EntityFrameworkCore.Query.RelationalShapedQueryCompilingExpressionVisitor.ShaperProcessingExpressionVisitor.PopulateSplitIncludeCollectionAsync[TIncludingEntity,TIncludedEntity](Int32 collectionId, RelationalQueryContext queryContext, IExecutionStrategy executionStrategy, RelationalCommandResolver relationalCommandResolver, IReadOnlyList`1 readerColumns, Boolean detailedErrorsEnabled, SplitQueryResultCoordinator resultCoordinator, Func`3 childIdentifier, IReadOnlyList`1 identifierValueComparers, Func`5 innerShaper, Func`4 relatedDataLoaders, INavigationBase inverseNavigation, Action`2 fixup, Boolean trackingQuery)
         at Microsoft.EntityFrameworkCore.Query.RelationalShapedQueryCompilingExpressionVisitor.ShaperProcessingExpressionVisitor.TaskAwaiter(Func`1[] taskFactories)
         at Microsoft.EntityFrameworkCore.Query.Internal.SplitQueryingEnumerable`1.AsyncEnumerator.MoveNextAsync()
      ClientConnectionId:8dc38f7a-1540-4184-a7d8-7d911e1eedad
      Error Number:208,State:1,Class:16
      Microsoft.Data.SqlClient.SqlException (0x80131904): Invalid object name 'PostBookmarks'.
         at System.Threading.Tasks.ContinuationResultTaskFromResultTask`2.InnerInvoke()
         at System.Threading.ExecutionContext.RunInternal(ExecutionContext executionContext, ContextCallback callback, Object state)
      --- End of stack trace from previous location ---
         at System.Threading.ExecutionContext.RunInternal(ExecutionContext executionContext, ContextCallback callback, Object state)
         at System.Threading.Tasks.Task.ExecuteWithThreadLocal(Task& currentTaskSlot, Thread threadPoolThread)
      --- End of stack trace from previous location ---
         at Microsoft.EntityFrameworkCore.Storage.RelationalCommand.ExecuteReaderAsync(RelationalCommandParameterObject parameterObject, CancellationToken cancellationToken)
         at Microsoft.EntityFrameworkCore.Storage.RelationalCommand.ExecuteReaderAsync(RelationalCommandParameterObject parameterObject, CancellationToken cancellationToken)
         at Microsoft.EntityFrameworkCore.Query.RelationalShapedQueryCompilingExpressionVisitor.ShaperProcessingExpressionVisitor.<PopulateSplitIncludeCollectionAsync>g__InitializeReaderAsync|27_0[TIncludingEntity,TIncludedEntity](RelationalQueryContext queryContext, RelationalCommandResolver relationalCommandResolver, IReadOnlyList`1 readerColumns, Boolean detailedErrorsEnabled, CancellationToken cancellationToken)
         at Microsoft.EntityFrameworkCore.SqlServer.Storage.Internal.SqlServerExecutionStrategy.ExecuteAsync[TState,TResult](TState state, Func`4 operation, Func`4 verifySucceeded, CancellationToken cancellationToken)
         at Microsoft.EntityFrameworkCore.Query.RelationalShapedQueryCompilingExpressionVisitor.ShaperProcessingExpressionVisitor.PopulateSplitIncludeCollectionAsync[TIncludingEntity,TIncludedEntity](Int32 collectionId, RelationalQueryContext queryContext, IExecutionStrategy executionStrategy, RelationalCommandResolver relationalCommandResolver, IReadOnlyList`1 readerColumns, Boolean detailedErrorsEnabled, SplitQueryResultCoordinator resultCoordinator, Func`3 childIdentifier, IReadOnlyList`1 identifierValueComparers, Func`5 innerShaper, Func`4 relatedDataLoaders, INavigationBase inverseNavigation, Action`2 fixup, Boolean trackingQuery)
         at Microsoft.EntityFrameworkCore.Query.RelationalShapedQueryCompilingExpressionVisitor.ShaperProcessingExpressionVisitor.TaskAwaiter(Func`1[] taskFactories)
         at Microsoft.EntityFrameworkCore.Query.Internal.SplitQueryingEnumerable`1.AsyncEnumerator.MoveNextAsync()
      ClientConnectionId:8dc38f7a-1540-4184-a7d8-7d911e1eedad
      Error Number:208,State:1,Class:16
dbug: Microsoft.EntityFrameworkCore.Database.Connection[20002]
      Closing connection to database 'EduConnectDb' on server 'localhost\SQLEXPRESS'.
dbug: Microsoft.EntityFrameworkCore.Database.Connection[20003]
      Closed connection to database 'EduConnectDb' on server 'localhost\SQLEXPRESS' (0ms).
info: Microsoft.AspNetCore.Mvc.Infrastructure.ControllerActionInvoker[105]
      Executed action EduConnect.Api.Controllers.PostsController.GetAll (EduConnect.Api) in 10.1871ms
info: Microsoft.AspNetCore.Routing.EndpointMiddleware[1]
      Executed endpoint 'EduConnect.Api.Controllers.PostsController.GetAll (EduConnect.Api)'
fail: EduConnect.Api.Middleware.GlobalExceptionHandler[0]
      Unhandled exception occurred while processing the request.
      Microsoft.Data.SqlClient.SqlException (0x80131904): Invalid object name 'PostBookmarks'.
         at System.Threading.Tasks.ContinuationResultTaskFromResultTask`2.InnerInvoke()
         at System.Threading.ExecutionContext.RunInternal(ExecutionContext executionContext, ContextCallback callback, Object state)
      --- End of stack trace from previous location ---
         at System.Threading.ExecutionContext.RunInternal(ExecutionContext executionContext, ContextCallback callback, Object state)
         at System.Threading.Tasks.Task.ExecuteWithThreadLocal(Task& currentTaskSlot, Thread threadPoolThread)
      --- End of stack trace from previous location ---
         at Microsoft.EntityFrameworkCore.Storage.RelationalCommand.ExecuteReaderAsync(RelationalCommandParameterObject parameterObject, CancellationToken cancellationToken)
         at Microsoft.EntityFrameworkCore.Storage.RelationalCommand.ExecuteReaderAsync(RelationalCommandParameterObject parameterObject, CancellationToken cancellationToken)
         at Microsoft.EntityFrameworkCore.Query.RelationalShapedQueryCompilingExpressionVisitor.ShaperProcessingExpressionVisitor.<PopulateSplitIncludeCollectionAsync>g__InitializeReaderAsync|27_0[TIncludingEntity,TIncludedEntity](RelationalQueryContext queryContext, RelationalCommandResolver relationalCommandResolver, IReadOnlyList`1 readerColumns, Boolean detailedErrorsEnabled, CancellationToken cancellationToken)
         at Microsoft.EntityFrameworkCore.SqlServer.Storage.Internal.SqlServerExecutionStrategy.ExecuteAsync[TState,TResult](TState state, Func`4 operation, Func`4 verifySucceeded, CancellationToken cancellationToken)
         at Microsoft.EntityFrameworkCore.Query.RelationalShapedQueryCompilingExpressionVisitor.ShaperProcessingExpressionVisitor.PopulateSplitIncludeCollectionAsync[TIncludingEntity,TIncludedEntity](Int32 collectionId, RelationalQueryContext queryContext, IExecutionStrategy executionStrategy, RelationalCommandResolver relationalCommandResolver, IReadOnlyList`1 readerColumns, Boolean detailedErrorsEnabled, SplitQueryResultCoordinator resultCoordinator, Func`3 childIdentifier, IReadOnlyList`1 identifierValueComparers, Func`5 innerShaper, Func`4 relatedDataLoaders, INavigationBase inverseNavigation, Action`2 fixup, Boolean trackingQuery)
         at Microsoft.EntityFrameworkCore.Query.RelationalShapedQueryCompilingExpressionVisitor.ShaperProcessingExpressionVisitor.TaskAwaiter(Func`1[] taskFactories)
         at Microsoft.EntityFrameworkCore.Query.Internal.SplitQueryingEnumerable`1.AsyncEnumerator.MoveNextAsync()
         at Microsoft.EntityFrameworkCore.EntityFrameworkQueryableExtensions.ToListAsync[TSource](IQueryable`1 source, CancellationToken cancellationToken)
         at Microsoft.EntityFrameworkCore.EntityFrameworkQueryableExtensions.ToListAsync[TSource](IQueryable`1 source, CancellationToken cancellationToken)
         at EduConnect.Api.Controllers.PostsController.GetAll(Int32 page, Int32 pageSize, CancellationToken cancellationToken) in C:\Users\FIRAT\Desktop\Tubitak-Tez\backend\src\EduConnect.Api\Controllers\PostsController.cs:line 34
         at lambda_method50(Closure, Object)
         at Microsoft.AspNetCore.Mvc.Infrastructure.ActionMethodExecutor.AwaitableObjectResultExecutor.Execute(ActionContext actionContext, IActionResultTypeMapper mapper, ObjectMethodExecutor executor, Object controller, Object[] arguments)
         at Microsoft.AspNetCore.Mvc.Infrastructure.ControllerActionInvoker.<InvokeActionMethodAsync>g__Awaited|12_0(ControllerActionInvoker invoker, ValueTask`1 actionResultValueTask)
         at Microsoft.AspNetCore.Mvc.Infrastructure.ControllerActionInvoker.<InvokeNextActionFilterAsync>g__Awaited|10_0(ControllerActionInvoker invoker, Task lastTask, State next, Scope scope, Object state, Boolean isCompleted)
         at Microsoft.AspNetCore.Mvc.Infrastructure.ControllerActionInvoker.Rethrow(ActionExecutedContextSealed context)
         at Microsoft.AspNetCore.Mvc.Infrastructure.ControllerActionInvoker.Next(State& next, Scope& scope, Object& state, Boolean& isCompleted)
         at Microsoft.AspNetCore.Mvc.Infrastructure.ControllerActionInvoker.<InvokeInnerFilterAsync>g__Awaited|13_0(ControllerActionInvoker invoker, Task lastTask, State next, Scope scope, Object state, Boolean isCompleted)
         at Microsoft.AspNetCore.Mvc.Infrastructure.ResourceInvoker.<InvokeFilterPipelineAsync>g__Awaited|20_0(ResourceInvoker invoker, Task lastTask, State next, Scope scope, Object state, Boolean isCompleted)
         at Microsoft.AspNetCore.Mvc.Infrastructure.ResourceInvoker.<InvokeAsync>g__Logged|17_1(ResourceInvoker invoker)
         at Microsoft.AspNetCore.Mvc.Infrastructure.ResourceInvoker.<InvokeAsync>g__Logged|17_1(ResourceInvoker invoker)
         at Microsoft.AspNetCore.Routing.EndpointMiddleware.<Invoke>g__AwaitRequestTask|7_0(Endpoint endpoint, Task requestTask, ILogger logger)
         at Microsoft.AspNetCore.Authorization.AuthorizationMiddleware.Invoke(HttpContext context)
         at Microsoft.AspNetCore.Authentication.AuthenticationMiddleware.Invoke(HttpContext context)
         at Swashbuckle.AspNetCore.SwaggerUI.SwaggerUIMiddleware.Invoke(HttpContext httpContext)
         at Swashbuckle.AspNetCore.Swagger.SwaggerMiddleware.Invoke(HttpContext httpContext, ISwaggerProvider swaggerProvider)
         at Microsoft.AspNetCore.Diagnostics.ExceptionHandlerMiddlewareImpl.<Invoke>g__Awaited|10_0(ExceptionHandlerMiddlewareImpl middleware, HttpContext context, Task task)
      ClientConnectionId:8dc38f7a-1540-4184-a7d8-7d911e1eedad
      Error Number:208,State:1,Class:16
dbug: Microsoft.EntityFrameworkCore.Infrastructure[10407]
      'AppDbContext' disposed.
dbug: Microsoft.EntityFrameworkCore.Database.Connection[20007]
      Disposing connection to database 'EduConnectDb' on server 'localhost\SQLEXPRESS'.
dbug: Microsoft.EntityFrameworkCore.Database.Connection[20008]
      Disposed connection to database '' on server '' (0ms).
info: Microsoft.AspNetCore.Hosting.Diagnostics[2]
      Request finished HTTP/1.1 GET http://localhost:5160/api/posts?page=1&pageSize=10 - 500 - application/json;+charset=utf-8 12.2134ms
info: Microsoft.AspNetCore.Hosting.Diagnostics[1]
      Request starting HTTP/1.1 OPTIONS http://localhost:5160/api/posts?page=1&pageSize=10 - - -
info: Microsoft.AspNetCore.Cors.Infrastructure.CorsService[4]
      CORS policy execution successful.
info: Microsoft.AspNetCore.Hosting.Diagnostics[2]
      Request finished HTTP/1.1 OPTIONS http://localhost:5160/api/posts?page=1&pageSize=10 - 204 - - 0.1540ms
info: Microsoft.AspNetCore.Hosting.Diagnostics[1]
      Request starting HTTP/1.1 GET http://localhost:5160/api/posts?page=1&pageSize=10 - - -
info: Microsoft.AspNetCore.Cors.Infrastructure.CorsService[4]
      CORS policy execution successful.
info: Microsoft.AspNetCore.Routing.EndpointMiddleware[0]
      Executing endpoint 'EduConnect.Api.Controllers.PostsController.GetAll (EduConnect.Api)'
info: Microsoft.AspNetCore.Mvc.Infrastructure.ControllerActionInvoker[102]
      Route matched with {action = "GetAll", controller = "Posts"}. Executing controller action with signature System.Threading.Tasks.Task`1[Microsoft.AspNetCore.Mvc.ActionResult`1[EduConnect.Application.Contracts.Common.PagedResponse`1[EduConnect.Application.Contracts.Posts.PostResponse]]] GetAll(Int32, Int32, System.Threading.CancellationToken) on controller EduConnect.Api.Controllers.PostsController (EduConnect.Api).
dbug: Microsoft.EntityFrameworkCore.Infrastructure[10403]
      Entity Framework Core 10.0.5 initialized 'AppDbContext' using provider 'Microsoft.EntityFrameworkCore.SqlServer:10.0.5' with options: MigrationsAssembly=EduConnect.Infrastructure, Version=1.0.0.0, Culture=neutral, PublicKeyToken=null EngineType=SqlServer 
dbug: Microsoft.EntityFrameworkCore.Database.Connection[20005]
      Creating DbConnection.
dbug: Microsoft.EntityFrameworkCore.Database.Connection[20006]
      Created DbConnection. (0ms).
dbug: Microsoft.EntityFrameworkCore.Database.Connection[20000]
      Opening connection to database 'EduConnectDb' on server 'localhost\SQLEXPRESS'.
dbug: Microsoft.EntityFrameworkCore.Database.Connection[20001]
      Opened connection to database 'EduConnectDb' on server 'localhost\SQLEXPRESS'.
dbug: Microsoft.EntityFrameworkCore.Database.Connection[20002]
      Closing connection to database 'EduConnectDb' on server 'localhost\SQLEXPRESS'.
dbug: Microsoft.EntityFrameworkCore.Database.Connection[20003]
      Closed connection to database 'EduConnectDb' on server 'localhost\SQLEXPRESS' (0ms).
dbug: Microsoft.EntityFrameworkCore.Database.Connection[20000]
      Opening connection to database 'EduConnectDb' on server 'localhost\SQLEXPRESS'.
dbug: Microsoft.EntityFrameworkCore.Database.Connection[20001]
      Opened connection to database 'EduConnectDb' on server 'localhost\SQLEXPRESS'.
fail: Microsoft.EntityFrameworkCore.Database.Command[20102]
      Failed executing DbCommand (1ms) [Parameters=[@p='?' (DbType = Int32), @p1='?' (DbType = Int32)], CommandType='Text', CommandTimeout='30']
      SELECT [p3].[Id], [p3].[CreatedAtUtc], [p3].[PostId], [p3].[UpdatedAtUtc], [p3].[UserId], [p0].[Id], [u].[Id], [s].[Id], [g].[Id]
      FROM (
          SELECT [p].[Id], [p].[CreatedAtUtc], [p].[GroupId], [p].[UserId]
          FROM [Posts] AS [p]
          WHERE [p].[IsDeleted] = CAST(0 AS bit)
          ORDER BY [p].[CreatedAtUtc] DESC
          OFFSET @p ROWS FETCH NEXT @p1 ROWS ONLY
      ) AS [p0]
      INNER JOIN [Users] AS [u] ON [p0].[UserId] = [u].[Id]
      LEFT JOIN [StudentProfiles] AS [s] ON [u].[Id] = [s].[UserId]
      LEFT JOIN [Groups] AS [g] ON [p0].[GroupId] = [g].[Id]
      INNER JOIN [PostBookmarks] AS [p3] ON [p0].[Id] = [p3].[PostId]
      ORDER BY [p0].[CreatedAtUtc] DESC, [p0].[Id], [u].[Id], [s].[Id], [g].[Id]
fail: Microsoft.EntityFrameworkCore.Query[10100]
      An exception occurred while iterating over the results of a query for context type 'EduConnect.Infrastructure.Data.AppDbContext'.
      Microsoft.Data.SqlClient.SqlException (0x80131904): Invalid object name 'PostBookmarks'.
         at System.Threading.Tasks.ContinuationResultTaskFromResultTask`2.InnerInvoke()
         at System.Threading.ExecutionContext.RunInternal(ExecutionContext executionContext, ContextCallback callback, Object state)
      --- End of stack trace from previous location ---
         at System.Threading.ExecutionContext.RunInternal(ExecutionContext executionContext, ContextCallback callback, Object state)
         at System.Threading.Tasks.Task.ExecuteWithThreadLocal(Task& currentTaskSlot, Thread threadPoolThread)
      --- End of stack trace from previous location ---
         at Microsoft.EntityFrameworkCore.Storage.RelationalCommand.ExecuteReaderAsync(RelationalCommandParameterObject parameterObject, CancellationToken cancellationToken)
         at Microsoft.EntityFrameworkCore.Storage.RelationalCommand.ExecuteReaderAsync(RelationalCommandParameterObject parameterObject, CancellationToken cancellationToken)
         at Microsoft.EntityFrameworkCore.Query.RelationalShapedQueryCompilingExpressionVisitor.ShaperProcessingExpressionVisitor.<PopulateSplitIncludeCollectionAsync>g__InitializeReaderAsync|27_0[TIncludingEntity,TIncludedEntity](RelationalQueryContext queryContext, RelationalCommandResolver relationalCommandResolver, IReadOnlyList`1 readerColumns, Boolean detailedErrorsEnabled, CancellationToken cancellationToken)
         at Microsoft.EntityFrameworkCore.SqlServer.Storage.Internal.SqlServerExecutionStrategy.ExecuteAsync[TState,TResult](TState state, Func`4 operation, Func`4 verifySucceeded, CancellationToken cancellationToken)
         at Microsoft.EntityFrameworkCore.Query.RelationalShapedQueryCompilingExpressionVisitor.ShaperProcessingExpressionVisitor.PopulateSplitIncludeCollectionAsync[TIncludingEntity,TIncludedEntity](Int32 collectionId, RelationalQueryContext queryContext, IExecutionStrategy executionStrategy, RelationalCommandResolver relationalCommandResolver, IReadOnlyList`1 readerColumns, Boolean detailedErrorsEnabled, SplitQueryResultCoordinator resultCoordinator, Func`3 childIdentifier, IReadOnlyList`1 identifierValueComparers, Func`5 innerShaper, Func`4 relatedDataLoaders, INavigationBase inverseNavigation, Action`2 fixup, Boolean trackingQuery)
         at Microsoft.EntityFrameworkCore.Query.RelationalShapedQueryCompilingExpressionVisitor.ShaperProcessingExpressionVisitor.TaskAwaiter(Func`1[] taskFactories)
         at Microsoft.EntityFrameworkCore.Query.Internal.SplitQueryingEnumerable`1.AsyncEnumerator.MoveNextAsync()
      ClientConnectionId:8dc38f7a-1540-4184-a7d8-7d911e1eedad
      Error Number:208,State:1,Class:16
      Microsoft.Data.SqlClient.SqlException (0x80131904): Invalid object name 'PostBookmarks'.
         at System.Threading.Tasks.ContinuationResultTaskFromResultTask`2.InnerInvoke()
         at System.Threading.ExecutionContext.RunInternal(ExecutionContext executionContext, ContextCallback callback, Object state)
      --- End of stack trace from previous location ---
         at System.Threading.ExecutionContext.RunInternal(ExecutionContext executionContext, ContextCallback callback, Object state)
         at System.Threading.Tasks.Task.ExecuteWithThreadLocal(Task& currentTaskSlot, Thread threadPoolThread)
      --- End of stack trace from previous location ---
         at Microsoft.EntityFrameworkCore.Storage.RelationalCommand.ExecuteReaderAsync(RelationalCommandParameterObject parameterObject, CancellationToken cancellationToken)
         at Microsoft.EntityFrameworkCore.Storage.RelationalCommand.ExecuteReaderAsync(RelationalCommandParameterObject parameterObject, CancellationToken cancellationToken)
         at Microsoft.EntityFrameworkCore.Query.RelationalShapedQueryCompilingExpressionVisitor.ShaperProcessingExpressionVisitor.<PopulateSplitIncludeCollectionAsync>g__InitializeReaderAsync|27_0[TIncludingEntity,TIncludedEntity](RelationalQueryContext queryContext, RelationalCommandResolver relationalCommandResolver, IReadOnlyList`1 readerColumns, Boolean detailedErrorsEnabled, CancellationToken cancellationToken)
         at Microsoft.EntityFrameworkCore.SqlServer.Storage.Internal.SqlServerExecutionStrategy.ExecuteAsync[TState,TResult](TState state, Func`4 operation, Func`4 verifySucceeded, CancellationToken cancellationToken)
         at Microsoft.EntityFrameworkCore.Query.RelationalShapedQueryCompilingExpressionVisitor.ShaperProcessingExpressionVisitor.PopulateSplitIncludeCollectionAsync[TIncludingEntity,TIncludedEntity](Int32 collectionId, RelationalQueryContext queryContext, IExecutionStrategy executionStrategy, RelationalCommandResolver relationalCommandResolver, IReadOnlyList`1 readerColumns, Boolean detailedErrorsEnabled, SplitQueryResultCoordinator resultCoordinator, Func`3 childIdentifier, IReadOnlyList`1 identifierValueComparers, Func`5 innerShaper, Func`4 relatedDataLoaders, INavigationBase inverseNavigation, Action`2 fixup, Boolean trackingQuery)
         at Microsoft.EntityFrameworkCore.Query.RelationalShapedQueryCompilingExpressionVisitor.ShaperProcessingExpressionVisitor.TaskAwaiter(Func`1[] taskFactories)
         at Microsoft.EntityFrameworkCore.Query.Internal.SplitQueryingEnumerable`1.AsyncEnumerator.MoveNextAsync()
      ClientConnectionId:8dc38f7a-1540-4184-a7d8-7d911e1eedad
      Error Number:208,State:1,Class:16
dbug: Microsoft.EntityFrameworkCore.Database.Connection[20002]
      Closing connection to database 'EduConnectDb' on server 'localhost\SQLEXPRESS'.
dbug: Microsoft.EntityFrameworkCore.Database.Connection[20003]
      Closed connection to database 'EduConnectDb' on server 'localhost\SQLEXPRESS' (0ms).
info: Microsoft.AspNetCore.Mvc.Infrastructure.ControllerActionInvoker[105]
      Executed action EduConnect.Api.Controllers.PostsController.GetAll (EduConnect.Api) in 8.1453ms
info: Microsoft.AspNetCore.Routing.EndpointMiddleware[1]
      Executed endpoint 'EduConnect.Api.Controllers.PostsController.GetAll (EduConnect.Api)'
fail: EduConnect.Api.Middleware.GlobalExceptionHandler[0]
      Unhandled exception occurred while processing the request.
      Microsoft.Data.SqlClient.SqlException (0x80131904): Invalid object name 'PostBookmarks'.
         at System.Threading.Tasks.ContinuationResultTaskFromResultTask`2.InnerInvoke()
         at System.Threading.ExecutionContext.RunInternal(ExecutionContext executionContext, ContextCallback callback, Object state)
      --- End of stack trace from previous location ---
         at System.Threading.ExecutionContext.RunInternal(ExecutionContext executionContext, ContextCallback callback, Object state)
         at System.Threading.Tasks.Task.ExecuteWithThreadLocal(Task& currentTaskSlot, Thread threadPoolThread)
      --- End of stack trace from previous location ---
         at Microsoft.EntityFrameworkCore.Storage.RelationalCommand.ExecuteReaderAsync(RelationalCommandParameterObject parameterObject, CancellationToken cancellationToken)
         at Microsoft.EntityFrameworkCore.Storage.RelationalCommand.ExecuteReaderAsync(RelationalCommandParameterObject parameterObject, CancellationToken cancellationToken)
         at Microsoft.EntityFrameworkCore.Query.RelationalShapedQueryCompilingExpressionVisitor.ShaperProcessingExpressionVisitor.<PopulateSplitIncludeCollectionAsync>g__InitializeReaderAsync|27_0[TIncludingEntity,TIncludedEntity](RelationalQueryContext queryContext, RelationalCommandResolver relationalCommandResolver, IReadOnlyList`1 readerColumns, Boolean detailedErrorsEnabled, CancellationToken cancellationToken)
         at Microsoft.EntityFrameworkCore.SqlServer.Storage.Internal.SqlServerExecutionStrategy.ExecuteAsync[TState,TResult](TState state, Func`4 operation, Func`4 verifySucceeded, CancellationToken cancellationToken)
         at Microsoft.EntityFrameworkCore.Query.RelationalShapedQueryCompilingExpressionVisitor.ShaperProcessingExpressionVisitor.PopulateSplitIncludeCollectionAsync[TIncludingEntity,TIncludedEntity](Int32 collectionId, RelationalQueryContext queryContext, IExecutionStrategy executionStrategy, RelationalCommandResolver relationalCommandResolver, IReadOnlyList`1 readerColumns, Boolean detailedErrorsEnabled, SplitQueryResultCoordinator resultCoordinator, Func`3 childIdentifier, IReadOnlyList`1 identifierValueComparers, Func`5 innerShaper, Func`4 relatedDataLoaders, INavigationBase inverseNavigation, Action`2 fixup, Boolean trackingQuery)
         at Microsoft.EntityFrameworkCore.Query.RelationalShapedQueryCompilingExpressionVisitor.ShaperProcessingExpressionVisitor.TaskAwaiter(Func`1[] taskFactories)
         at Microsoft.EntityFrameworkCore.Query.Internal.SplitQueryingEnumerable`1.AsyncEnumerator.MoveNextAsync()
         at Microsoft.EntityFrameworkCore.EntityFrameworkQueryableExtensions.ToListAsync[TSource](IQueryable`1 source, CancellationToken cancellationToken)
         at Microsoft.EntityFrameworkCore.EntityFrameworkQueryableExtensions.ToListAsync[TSource](IQueryable`1 source, CancellationToken cancellationToken)
         at EduConnect.Api.Controllers.PostsController.GetAll(Int32 page, Int32 pageSize, CancellationToken cancellationToken) in C:\Users\FIRAT\Desktop\Tubitak-Tez\backend\src\EduConnect.Api\Controllers\PostsController.cs:line 34
         at lambda_method50(Closure, Object)
         at Microsoft.AspNetCore.Mvc.Infrastructure.ActionMethodExecutor.AwaitableObjectResultExecutor.Execute(ActionContext actionContext, IActionResultTypeMapper mapper, ObjectMethodExecutor executor, Object controller, Object[] arguments)
         at Microsoft.AspNetCore.Mvc.Infrastructure.ControllerActionInvoker.<InvokeActionMethodAsync>g__Awaited|12_0(ControllerActionInvoker invoker, ValueTask`1 actionResultValueTask)
         at Microsoft.AspNetCore.Mvc.Infrastructure.ControllerActionInvoker.<InvokeNextActionFilterAsync>g__Awaited|10_0(ControllerActionInvoker invoker, Task lastTask, State next, Scope scope, Object state, Boolean isCompleted)
         at Microsoft.AspNetCore.Mvc.Infrastructure.ControllerActionInvoker.Rethrow(ActionExecutedContextSealed context)
         at Microsoft.AspNetCore.Mvc.Infrastructure.ControllerActionInvoker.Next(State& next, Scope& scope, Object& state, Boolean& isCompleted)
         at Microsoft.AspNetCore.Mvc.Infrastructure.ControllerActionInvoker.<InvokeInnerFilterAsync>g__Awaited|13_0(ControllerActionInvoker invoker, Task lastTask, State next, Scope scope, Object state, Boolean isCompleted)
         at Microsoft.AspNetCore.Mvc.Infrastructure.ResourceInvoker.<InvokeFilterPipelineAsync>g__Awaited|20_0(ResourceInvoker invoker, Task lastTask, State next, Scope scope, Object state, Boolean isCompleted)
         at Microsoft.AspNetCore.Mvc.Infrastructure.ResourceInvoker.<InvokeAsync>g__Logged|17_1(ResourceInvoker invoker)
         at Microsoft.AspNetCore.Mvc.Infrastructure.ResourceInvoker.<InvokeAsync>g__Logged|17_1(ResourceInvoker invoker)
         at Microsoft.AspNetCore.Routing.EndpointMiddleware.<Invoke>g__AwaitRequestTask|7_0(Endpoint endpoint, Task requestTask, ILogger logger)
         at Microsoft.AspNetCore.Authorization.AuthorizationMiddleware.Invoke(HttpContext context)
         at Microsoft.AspNetCore.Authentication.AuthenticationMiddleware.Invoke(HttpContext context)
         at Swashbuckle.AspNetCore.SwaggerUI.SwaggerUIMiddleware.Invoke(HttpContext httpContext)
         at Swashbuckle.AspNetCore.Swagger.SwaggerMiddleware.Invoke(HttpContext httpContext, ISwaggerProvider swaggerProvider)
         at Microsoft.AspNetCore.Diagnostics.ExceptionHandlerMiddlewareImpl.<Invoke>g__Awaited|10_0(ExceptionHandlerMiddlewareImpl middleware, HttpContext context, Task task)
      ClientConnectionId:8dc38f7a-1540-4184-a7d8-7d911e1eedad
      Error Number:208,State:1,Class:16
dbug: Microsoft.EntityFrameworkCore.Infrastructure[10407]
      'AppDbContext' disposed.
dbug: Microsoft.EntityFrameworkCore.Database.Connection[20007]
      Disposing connection to database 'EduConnectDb' on server 'localhost\SQLEXPRESS'.
dbug: Microsoft.EntityFrameworkCore.Database.Connection[20008]
      Disposed connection to database '' on server '' (0ms).
info: Microsoft.AspNetCore.Hosting.Diagnostics[2]
      Request finished HTTP/1.1 GET http://localhost:5160/api/posts?page=1&pageSize=10 - 500 - application/json;+charset=utf-8 12.7205ms
info: Microsoft.AspNetCore.Hosting.Diagnostics[1]
      Request starting HTTP/1.1 OPTIONS http://localhost:5160/api/posts?page=1&pageSize=10 - - -
info: Microsoft.AspNetCore.Cors.Infrastructure.CorsService[4]
      CORS policy execution successful.
info: Microsoft.AspNetCore.Hosting.Diagnostics[2]
      Request finished HTTP/1.1 OPTIONS http://localhost:5160/api/posts?page=1&pageSize=10 - 204 - - 0.1922ms
info: Microsoft.AspNetCore.Hosting.Diagnostics[1]
      Request starting HTTP/1.1 GET http://localhost:5160/api/posts?page=1&pageSize=10 - - -
info: Microsoft.AspNetCore.Cors.Infrastructure.CorsService[4]
      CORS policy execution successful.
info: Microsoft.AspNetCore.Routing.EndpointMiddleware[0]
      Executing endpoint 'EduConnect.Api.Controllers.PostsController.GetAll (EduConnect.Api)'
info: Microsoft.AspNetCore.Mvc.Infrastructure.ControllerActionInvoker[102]
      Route matched with {action = "GetAll", controller = "Posts"}. Executing controller action with signature System.Threading.Tasks.Task`1[Microsoft.AspNetCore.Mvc.ActionResult`1[EduConnect.Application.Contracts.Common.PagedResponse`1[EduConnect.Application.Contracts.Posts.PostResponse]]] GetAll(Int32, Int32, System.Threading.CancellationToken) on controller EduConnect.Api.Controllers.PostsController (EduConnect.Api).
dbug: Microsoft.EntityFrameworkCore.Infrastructure[10403]
      Entity Framework Core 10.0.5 initialized 'AppDbContext' using provider 'Microsoft.EntityFrameworkCore.SqlServer:10.0.5' with options: MigrationsAssembly=EduConnect.Infrastructure, Version=1.0.0.0, Culture=neutral, PublicKeyToken=null EngineType=SqlServer 
dbug: Microsoft.EntityFrameworkCore.Database.Connection[20005]
      Creating DbConnection.
dbug: Microsoft.EntityFrameworkCore.Database.Connection[20006]
      Created DbConnection. (0ms).
dbug: Microsoft.EntityFrameworkCore.Database.Connection[20000]
      Opening connection to database 'EduConnectDb' on server 'localhost\SQLEXPRESS'.
dbug: Microsoft.EntityFrameworkCore.Database.Connection[20001]
      Opened connection to database 'EduConnectDb' on server 'localhost\SQLEXPRESS'.
dbug: Microsoft.EntityFrameworkCore.Database.Connection[20002]
      Closing connection to database 'EduConnectDb' on server 'localhost\SQLEXPRESS'.
dbug: Microsoft.EntityFrameworkCore.Database.Connection[20003]
      Closed connection to database 'EduConnectDb' on server 'localhost\SQLEXPRESS' (0ms).
dbug: Microsoft.EntityFrameworkCore.Database.Connection[20000]
      Opening connection to database 'EduConnectDb' on server 'localhost\SQLEXPRESS'.
dbug: Microsoft.EntityFrameworkCore.Database.Connection[20001]
      Opened connection to database 'EduConnectDb' on server 'localhost\SQLEXPRESS'.
dbug: Microsoft.EntityFrameworkCore.Database.Connection[20002]
      Closing connection to database 'EduConnectDb' on server 'localhost\SQLEXPRESS'.
dbug: Microsoft.EntityFrameworkCore.Database.Connection[20003]
      Closed connection to database 'EduConnectDb' on server 'localhost\SQLEXPRESS' (0ms).
info: Microsoft.AspNetCore.Mvc.Infrastructure.ObjectResultExecutor[1]
      Executing OkObjectResult, writing value of type 'EduConnect.Application.Contracts.Common.PagedResponse`1[[EduConnect.Application.Contracts.Posts.PostResponse, EduConnect.Application, Version=1.0.0.0, Culture=neutral, PublicKeyToken=null]]'.
info: Microsoft.AspNetCore.Mvc.Infrastructure.ControllerActionInvoker[105]
      Executed action EduConnect.Api.Controllers.PostsController.GetAll (EduConnect.Api) in 67.39ms
info: Microsoft.AspNetCore.Routing.EndpointMiddleware[1]
      Executed endpoint 'EduConnect.Api.Controllers.PostsController.GetAll (EduConnect.Api)'
dbug: Microsoft.EntityFrameworkCore.Infrastructure[10407]
      'AppDbContext' disposed.
dbug: Microsoft.EntityFrameworkCore.Database.Connection[20007]
      Disposing connection to database 'EduConnectDb' on server 'localhost\SQLEXPRESS'.
dbug: Microsoft.EntityFrameworkCore.Database.Connection[20008]
      Disposed connection to database '' on server '' (0ms).
info: Microsoft.AspNetCore.Hosting.Diagnostics[2]
      Request finished HTTP/1.1 GET http://localhost:5160/api/posts?page=1&pageSize=10 - 200 - application/json;+charset=utf-8 67.8571ms
info: Microsoft.AspNetCore.Hosting.Diagnostics[1]
      Request starting HTTP/1.1 OPTIONS http://localhost:5160/api/posts - - -
info: Microsoft.AspNetCore.Cors.Infrastructure.CorsService[4]
      CORS policy execution successful.
info: Microsoft.AspNetCore.Hosting.Diagnostics[2]
      Request finished HTTP/1.1 OPTIONS http://localhost:5160/api/posts - 204 - - 0.1194ms
info: Microsoft.AspNetCore.Hosting.Diagnostics[1]
      Request starting HTTP/1.1 POST http://localhost:5160/api/posts - multipart/form-data;+boundary=----WebKitFormBoundarys68kc8IE1zAXH8WF 144
info: Microsoft.AspNetCore.Cors.Infrastructure.CorsService[4]
      CORS policy execution successful.
info: Microsoft.AspNetCore.Routing.EndpointMiddleware[0]
      Executing endpoint 'EduConnect.Api.Controllers.PostsController.Create (EduConnect.Api)'
info: Microsoft.AspNetCore.Mvc.Infrastructure.ControllerActionInvoker[102]
      Route matched with {action = "Create", controller = "Posts"}. Executing controller action with signature System.Threading.Tasks.Task`1[Microsoft.AspNetCore.Mvc.ActionResult`1[EduConnect.Application.Contracts.Posts.PostResponse]] Create(EduConnect.Application.Contracts.Posts.CreatePostRequest, Microsoft.AspNetCore.Http.IFormFile, System.Threading.CancellationToken) on controller EduConnect.Api.Controllers.PostsController (EduConnect.Api).
dbug: Microsoft.EntityFrameworkCore.Infrastructure[10403]
      Entity Framework Core 10.0.5 initialized 'AppDbContext' using provider 'Microsoft.EntityFrameworkCore.SqlServer:10.0.5' with options: MigrationsAssembly=EduConnect.Infrastructure, Version=1.0.0.0, Culture=neutral, PublicKeyToken=null EngineType=SqlServer 
dbug: Microsoft.EntityFrameworkCore.ChangeTracking[10806]
      Context 'AppDbContext' started tracking 'Post' entity. Consider using 'DbContextOptionsBuilder.EnableSensitiveDataLogging' to see key values.
dbug: Microsoft.EntityFrameworkCore.ChangeTracking[10800]
      DetectChanges starting for 'AppDbContext'.
dbug: Microsoft.EntityFrameworkCore.ChangeTracking[10801]
      DetectChanges completed for 'AppDbContext'.
dbug: Microsoft.EntityFrameworkCore.Update[10004]
      SaveChanges starting for 'AppDbContext'.
dbug: Microsoft.EntityFrameworkCore.ChangeTracking[10800]
      DetectChanges starting for 'AppDbContext'.
dbug: Microsoft.EntityFrameworkCore.ChangeTracking[10802]
      The unchanged property 'Post.CreatedAtUtc' was detected as changed and will be marked as modified. Consider using 'DbContextOptionsBuilder.EnableSensitiveDataLogging' to see property values.
dbug: Microsoft.EntityFrameworkCore.ChangeTracking[10801]
      DetectChanges completed for 'AppDbContext'.
dbug: Microsoft.EntityFrameworkCore.Database.Connection[20005]
      Creating DbConnection.
dbug: Microsoft.EntityFrameworkCore.Database.Connection[20006]
      Created DbConnection. (0ms).
dbug: Microsoft.EntityFrameworkCore.Database.Connection[20000]
      Opening connection to database 'EduConnectDb' on server 'localhost\SQLEXPRESS'.
dbug: Microsoft.EntityFrameworkCore.Database.Connection[20001]
      Opened connection to database 'EduConnectDb' on server 'localhost\SQLEXPRESS'.
dbug: Microsoft.EntityFrameworkCore.Database.Connection[20002]
      Closing connection to database 'EduConnectDb' on server 'localhost\SQLEXPRESS'.
dbug: Microsoft.EntityFrameworkCore.Database.Connection[20003]
      Closed connection to database 'EduConnectDb' on server 'localhost\SQLEXPRESS' (0ms).
dbug: Microsoft.EntityFrameworkCore.ChangeTracking[10807]
      An entity of type 'Post' tracked by 'AppDbContext' changed state from 'Added' to 'Unchanged'. Consider using 'DbContextOptionsBuilder.EnableSensitiveDataLogging' to see key values.
dbug: Microsoft.EntityFrameworkCore.Update[10005]
      SaveChanges completed for 'AppDbContext' with 1 entities written to the database.
dbug: Microsoft.EntityFrameworkCore.Database.Connection[20000]
      Opening connection to database 'EduConnectDb' on server 'localhost\SQLEXPRESS'.
dbug: Microsoft.EntityFrameworkCore.Database.Connection[20001]
      Opened connection to database 'EduConnectDb' on server 'localhost\SQLEXPRESS'.
dbug: Microsoft.EntityFrameworkCore.Database.Connection[20002]
      Closing connection to database 'EduConnectDb' on server 'localhost\SQLEXPRESS'.
dbug: Microsoft.EntityFrameworkCore.Database.Connection[20003]
      Closed connection to database 'EduConnectDb' on server 'localhost\SQLEXPRESS' (0ms).
info: Microsoft.AspNetCore.Mvc.Infrastructure.ObjectResultExecutor[1]
      Executing CreatedAtActionResult, writing value of type 'EduConnect.Application.Contracts.Posts.PostResponse'.
info: Microsoft.AspNetCore.Mvc.Infrastructure.ControllerActionInvoker[105]
      Executed action EduConnect.Api.Controllers.PostsController.Create (EduConnect.Api) in 64.4021ms
info: Microsoft.AspNetCore.Routing.EndpointMiddleware[1]
      Executed endpoint 'EduConnect.Api.Controllers.PostsController.Create (EduConnect.Api)'
dbug: Microsoft.EntityFrameworkCore.Infrastructure[10407]
      'AppDbContext' disposed.
dbug: Microsoft.EntityFrameworkCore.Database.Connection[20007]
      Disposing connection to database 'EduConnectDb' on server 'localhost\SQLEXPRESS'.
dbug: Microsoft.EntityFrameworkCore.Database.Connection[20008]
      Disposed connection to database '' on server '' (0ms).
info: Microsoft.AspNetCore.Hosting.Diagnostics[2]
      Request finished HTTP/1.1 POST http://localhost:5160/api/posts - 201 - application/json;+charset=utf-8 64.9353ms
info: Microsoft.AspNetCore.Hosting.Diagnostics[1]
      Request starting HTTP/1.1 OPTIONS http://localhost:5160/api/posts?page=1&pageSize=10 - - -
info: Microsoft.AspNetCore.Cors.Infrastructure.CorsService[4]
      CORS policy execution successful.
info: Microsoft.AspNetCore.Hosting.Diagnostics[2]
      Request finished HTTP/1.1 OPTIONS http://localhost:5160/api/posts?page=1&pageSize=10 - 204 - - 0.1195ms
info: Microsoft.AspNetCore.Hosting.Diagnostics[1]
      Request starting HTTP/1.1 GET http://localhost:5160/api/posts?page=1&pageSize=10 - - -
info: Microsoft.AspNetCore.Cors.Infrastructure.CorsService[4]
      CORS policy execution successful.
info: Microsoft.AspNetCore.Routing.EndpointMiddleware[0]
      Executing endpoint 'EduConnect.Api.Controllers.PostsController.GetAll (EduConnect.Api)'
info: Microsoft.AspNetCore.Mvc.Infrastructure.ControllerActionInvoker[102]
      Route matched with {action = "GetAll", controller = "Posts"}. Executing controller action with signature System.Threading.Tasks.Task`1[Microsoft.AspNetCore.Mvc.ActionResult`1[EduConnect.Application.Contracts.Common.PagedResponse`1[EduConnect.Application.Contracts.Posts.PostResponse]]] GetAll(Int32, Int32, System.Threading.CancellationToken) on controller EduConnect.Api.Controllers.PostsController (EduConnect.Api).
dbug: Microsoft.EntityFrameworkCore.Infrastructure[10403]
      Entity Framework Core 10.0.5 initialized 'AppDbContext' using provider 'Microsoft.EntityFrameworkCore.SqlServer:10.0.5' with options: MigrationsAssembly=EduConnect.Infrastructure, Version=1.0.0.0, Culture=neutral, PublicKeyToken=null EngineType=SqlServer 
dbug: Microsoft.EntityFrameworkCore.Database.Connection[20005]
      Creating DbConnection.
dbug: Microsoft.EntityFrameworkCore.Database.Connection[20006]
      Created DbConnection. (0ms).
dbug: Microsoft.EntityFrameworkCore.Database.Connection[20000]
      Opening connection to database 'EduConnectDb' on server 'localhost\SQLEXPRESS'.
dbug: Microsoft.EntityFrameworkCore.Database.Connection[20001]
      Opened connection to database 'EduConnectDb' on server 'localhost\SQLEXPRESS'.
dbug: Microsoft.EntityFrameworkCore.Database.Connection[20002]
      Closing connection to database 'EduConnectDb' on server 'localhost\SQLEXPRESS'.
dbug: Microsoft.EntityFrameworkCore.Database.Connection[20003]
      Closed connection to database 'EduConnectDb' on server 'localhost\SQLEXPRESS' (0ms).
dbug: Microsoft.EntityFrameworkCore.Database.Connection[20000]
      Opening connection to database 'EduConnectDb' on server 'localhost\SQLEXPRESS'.
dbug: Microsoft.EntityFrameworkCore.Database.Connection[20001]
      Opened connection to database 'EduConnectDb' on server 'localhost\SQLEXPRESS'.
dbug: Microsoft.EntityFrameworkCore.Database.Connection[20002]
      Closing connection to database 'EduConnectDb' on server 'localhost\SQLEXPRESS'.
dbug: Microsoft.EntityFrameworkCore.Database.Connection[20003]
      Closed connection to database 'EduConnectDb' on server 'localhost\SQLEXPRESS' (0ms).
info: Microsoft.AspNetCore.Mvc.Infrastructure.ObjectResultExecutor[1]
      Executing OkObjectResult, writing value of type 'EduConnect.Application.Contracts.Common.PagedResponse`1[[EduConnect.Application.Contracts.Posts.PostResponse, EduConnect.Application, Version=1.0.0.0, Culture=neutral, PublicKeyToken=null]]'.
info: Microsoft.AspNetCore.Mvc.Infrastructure.ControllerActionInvoker[105]
      Executed action EduConnect.Api.Controllers.PostsController.GetAll (EduConnect.Api) in 5.4577ms
info: Microsoft.AspNetCore.Routing.EndpointMiddleware[1]
      Executed endpoint 'EduConnect.Api.Controllers.PostsController.GetAll (EduConnect.Api)'
dbug: Microsoft.EntityFrameworkCore.Infrastructure[10407]
      'AppDbContext' disposed.
dbug: Microsoft.EntityFrameworkCore.Database.Connection[20007]
      Disposing connection to database 'EduConnectDb' on server 'localhost\SQLEXPRESS'.
dbug: Microsoft.EntityFrameworkCore.Database.Connection[20008]
      Disposed connection to database '' on server '' (0ms).
info: Microsoft.AspNetCore.Hosting.Diagnostics[2]
      Request finished HTTP/1.1 GET http://localhost:5160/api/posts?page=1&pageSize=10 - 200 - application/json;+charset=utf-8 5.9968ms
