Using launch settings from src\EduConnect.Api\Properties\launchSettings.json...
Building...
dbug: Microsoft.EntityFrameworkCore.Infrastructure[10401]
      An 'IServiceProvider' was created for internal use by Entity Framework.
dbug: Microsoft.EntityFrameworkCore.Model[10601]
      The index {'EventId'} was not created on entity type 'EventParticipant' as the properties are already covered by the index {'EventId', 'UserId'}.
dbug: Microsoft.EntityFrameworkCore.Model[10601]
      The index {'GroupId'} was not created on entity type 'GroupMember' as the properties are already covered by the index {'GroupId', 'UserId'}.
dbug: Microsoft.EntityFrameworkCore.Model[10601]
      The index {'PostId'} was not created on entity type 'PostBookmark' as the properties are already covered by the index {'PostId', 'UserId'}.
dbug: Microsoft.EntityFrameworkCore.Model[10601]
      The index {'PostId'} was not created on entity type 'PostLike' as the properties are already covered by the index {'PostId', 'UserId'}.
dbug: Microsoft.EntityFrameworkCore.Model[10601]
      The index {'PostId'} was not created on entity type 'PostView' as the properties are already covered by the index {'PostId', 'UserId'}.
dbug: Microsoft.EntityFrameworkCore.Infrastructure[10403]
      Entity Framework Core 10.0.5 initialized 'AppDbContext' using provider 'Microsoft.EntityFrameworkCore.SqlServer:10.0.5' with options: MigrationsAssembly=EduConnect.Infrastructure, Version=1.0.0.0, Culture=neutral, PublicKeyToken=null EngineType=SqlServer 
dbug: Microsoft.EntityFrameworkCore.Database.Connection[20005]
      Creating DbConnection.
dbug: Microsoft.EntityFrameworkCore.Database.Connection[20006]
      Created DbConnection. (19ms).
dbug: Microsoft.EntityFrameworkCore.Migrations[20400]
      Migrating using database 'EduConnectDb' on server 'localhost\SQLEXPRESS'.
dbug: Microsoft.EntityFrameworkCore.Database.Connection[20000]
      Opening connection to database 'EduConnectDb' on server 'localhost\SQLEXPRESS'.
dbug: Microsoft.EntityFrameworkCore.Database.Connection[20001]
      Opened connection to database 'EduConnectDb' on server 'localhost\SQLEXPRESS'.
dbug: Microsoft.EntityFrameworkCore.Database.Connection[20002]
      Closing connection to database 'EduConnectDb' on server 'localhost\SQLEXPRESS'.
dbug: Microsoft.EntityFrameworkCore.Database.Connection[20003]
      Closed connection to database 'EduConnectDb' on server 'localhost\SQLEXPRESS' (2ms).
dbug: Microsoft.EntityFrameworkCore.Database.Connection[20000]
      Opening connection to database 'EduConnectDb' on server 'localhost\SQLEXPRESS'.
dbug: Microsoft.EntityFrameworkCore.Database.Connection[20001]
      Opened connection to database 'EduConnectDb' on server 'localhost\SQLEXPRESS'.
info: Microsoft.EntityFrameworkCore.Migrations[20411]
      Acquiring an exclusive lock for migration application. See https://aka.ms/efcore-docs-migrations-lock for more information if this takes too long.
dbug: Microsoft.EntityFrameworkCore.Database.Transaction[20209]
      Beginning transaction with isolation level 'Unspecified'.
dbug: Microsoft.EntityFrameworkCore.Database.Transaction[20200]
      Began transaction with isolation level 'ReadCommitted'.
dbug: Microsoft.EntityFrameworkCore.Database.Transaction[20210]
      Committing transaction.
dbug: Microsoft.EntityFrameworkCore.Database.Transaction[20202]
      Committed transaction.
dbug: Microsoft.EntityFrameworkCore.Database.Transaction[20204]
      Disposing transaction.
dbug: Microsoft.EntityFrameworkCore.Database.Transaction[20209]
      Beginning transaction with isolation level 'Unspecified'.
dbug: Microsoft.EntityFrameworkCore.Database.Transaction[20200]
      Began transaction with isolation level 'ReadCommitted'.
info: Microsoft.EntityFrameworkCore.Migrations[20405]
      No migrations were applied. The database is already up to date.
dbug: Microsoft.EntityFrameworkCore.Database.Transaction[20210]
      Committing transaction.
dbug: Microsoft.EntityFrameworkCore.Database.Transaction[20202]
      Committed transaction.
dbug: Microsoft.EntityFrameworkCore.Database.Transaction[20204]
      Disposing transaction.
dbug: Microsoft.EntityFrameworkCore.Database.Connection[20002]
      Closing connection to database 'EduConnectDb' on server 'localhost\SQLEXPRESS'.
dbug: Microsoft.EntityFrameworkCore.Database.Connection[20003]
      Closed connection to database 'EduConnectDb' on server 'localhost\SQLEXPRESS' (0ms).
dbug: Microsoft.EntityFrameworkCore.Query[10111]
      Compiling query expression: 
      'DbSet<University>()
          .Any()'
dbug: Microsoft.EntityFrameworkCore.Query[10107]
      Generated query execution expression: 
      'queryContext => ShapedQueryCompilingExpressionVisitor.SingleAsync<bool>(
          asyncEnumerable: SingleQueryingEnumerable.Create<bool>(
              relationalQueryContext: (RelationalQueryContext)queryContext, 
              relationalCommandResolver: parameters => [LIFTABLE Constant: RelationalCommandCache.QueryExpression(
                  Projection Mapping:
                      EmptyProjectionMember -> 0
                  SELECT EXISTS (
                      SELECT 1
                      FROM Universities AS u)) | Resolver: c => new RelationalCommandCache(
                  c.Dependencies.MemoryCache, 
                  c.RelationalDependencies.QuerySqlGeneratorFactory, 
                  c.RelationalDependencies.RelationalParameterBasedSqlProcessorFactory, 
                  Projection Mapping:
                      EmptyProjectionMember -> 0
                  SELECT EXISTS (
                      SELECT 1
                      FROM Universities AS u), 
                  False, 
                  MultipleParameters
              )].GetRelationalCommandTemplate(parameters), 
              readerColumns: null, 
              shaper: (queryContext, dataReader, resultContext, resultCoordinator) => 
              {
                  bool? value1;
                  value1 = dataReader.IsDBNull(0) ? default(bool?) : (bool?)dataReader.GetBoolean(0);
                  return (bool)value1;
              }, 
              contextType: EduConnect.Infrastructure.Data.AppDbContext, 
              standAloneStateManager: False, 
              detailedErrorsEnabled: False, 
              threadSafetyChecksEnabled: True), 
          cancellationToken: queryContext.CancellationToken)'
dbug: Microsoft.EntityFrameworkCore.Database.Connection[20000]
      Opening connection to database 'EduConnectDb' on server 'localhost\SQLEXPRESS'.
dbug: Microsoft.EntityFrameworkCore.Database.Connection[20001]
      Opened connection to database 'EduConnectDb' on server 'localhost\SQLEXPRESS'.
dbug: Microsoft.EntityFrameworkCore.Database.Connection[20002]
      Closing connection to database 'EduConnectDb' on server 'localhost\SQLEXPRESS'.
dbug: Microsoft.EntityFrameworkCore.Database.Connection[20003]
      Closed connection to database 'EduConnectDb' on server 'localhost\SQLEXPRESS' (0ms).
dbug: Microsoft.EntityFrameworkCore.Query[10111]
      Compiling query expression: 
      'DbSet<Category>()
          .Any()'
dbug: Microsoft.EntityFrameworkCore.Query[10107]
      Generated query execution expression: 
      'queryContext => ShapedQueryCompilingExpressionVisitor.SingleAsync<bool>(
          asyncEnumerable: SingleQueryingEnumerable.Create<bool>(
              relationalQueryContext: (RelationalQueryContext)queryContext, 
              relationalCommandResolver: parameters => [LIFTABLE Constant: RelationalCommandCache.QueryExpression(
                  Projection Mapping:
                      EmptyProjectionMember -> 0
                  SELECT EXISTS (
                      SELECT 1
                      FROM Categories AS c)) | Resolver: c => new RelationalCommandCache(
                  c.Dependencies.MemoryCache, 
                  c.RelationalDependencies.QuerySqlGeneratorFactory, 
                  c.RelationalDependencies.RelationalParameterBasedSqlProcessorFactory, 
                  Projection Mapping:
                      EmptyProjectionMember -> 0
                  SELECT EXISTS (
                      SELECT 1
                      FROM Categories AS c), 
                  False, 
                  MultipleParameters
              )].GetRelationalCommandTemplate(parameters), 
              readerColumns: null, 
              shaper: (queryContext, dataReader, resultContext, resultCoordinator) => 
              {
                  bool? value1;
                  value1 = dataReader.IsDBNull(0) ? default(bool?) : (bool?)dataReader.GetBoolean(0);
                  return (bool)value1;
              }, 
              contextType: EduConnect.Infrastructure.Data.AppDbContext, 
              standAloneStateManager: False, 
              detailedErrorsEnabled: False, 
              threadSafetyChecksEnabled: True), 
          cancellationToken: queryContext.CancellationToken)'
dbug: Microsoft.EntityFrameworkCore.Database.Connection[20000]
      Opening connection to database 'EduConnectDb' on server 'localhost\SQLEXPRESS'.
dbug: Microsoft.EntityFrameworkCore.Database.Connection[20001]
      Opened connection to database 'EduConnectDb' on server 'localhost\SQLEXPRESS'.
dbug: Microsoft.EntityFrameworkCore.Database.Connection[20002]
      Closing connection to database 'EduConnectDb' on server 'localhost\SQLEXPRESS'.
dbug: Microsoft.EntityFrameworkCore.Database.Connection[20003]
      Closed connection to database 'EduConnectDb' on server 'localhost\SQLEXPRESS' (0ms).
dbug: Microsoft.EntityFrameworkCore.Query[10111]
      Compiling query expression: 
      'DbSet<User>()
          .Any(x => (int)x.Role == 2)'
dbug: Microsoft.EntityFrameworkCore.Query[10107]
      Generated query execution expression: 
      'queryContext => ShapedQueryCompilingExpressionVisitor.SingleAsync<bool>(
          asyncEnumerable: SingleQueryingEnumerable.Create<bool>(
              relationalQueryContext: (RelationalQueryContext)queryContext, 
              relationalCommandResolver: parameters => [LIFTABLE Constant: RelationalCommandCache.QueryExpression(
                  Projection Mapping:
                      EmptyProjectionMember -> 0
                  SELECT EXISTS (
                      SELECT 1
                      FROM Users AS u
                      WHERE u.Role == 2)) | Resolver: c => new RelationalCommandCache(
                  c.Dependencies.MemoryCache, 
                  c.RelationalDependencies.QuerySqlGeneratorFactory, 
                  c.RelationalDependencies.RelationalParameterBasedSqlProcessorFactory, 
                  Projection Mapping:
                      EmptyProjectionMember -> 0
                  SELECT EXISTS (
                      SELECT 1
                      FROM Users AS u
                      WHERE u.Role == 2), 
                  False, 
                  MultipleParameters
              )].GetRelationalCommandTemplate(parameters), 
              readerColumns: null, 
              shaper: (queryContext, dataReader, resultContext, resultCoordinator) => 
              {
                  bool? value1;
                  value1 = dataReader.IsDBNull(0) ? default(bool?) : (bool?)dataReader.GetBoolean(0);
                  return (bool)value1;
              }, 
              contextType: EduConnect.Infrastructure.Data.AppDbContext, 
              standAloneStateManager: False, 
              detailedErrorsEnabled: False, 
              threadSafetyChecksEnabled: True), 
          cancellationToken: queryContext.CancellationToken)'
dbug: Microsoft.EntityFrameworkCore.Database.Connection[20000]
      Opening connection to database 'EduConnectDb' on server 'localhost\SQLEXPRESS'.
dbug: Microsoft.EntityFrameworkCore.Database.Connection[20001]
      Opened connection to database 'EduConnectDb' on server 'localhost\SQLEXPRESS'.
dbug: Microsoft.EntityFrameworkCore.Database.Connection[20002]
      Closing connection to database 'EduConnectDb' on server 'localhost\SQLEXPRESS'.
dbug: Microsoft.EntityFrameworkCore.Database.Connection[20003]
      Closed connection to database 'EduConnectDb' on server 'localhost\SQLEXPRESS' (0ms).
dbug: Microsoft.EntityFrameworkCore.Query[10111]
      Compiling query expression: 
      'DbSet<Discount>()
          .Any()'
dbug: Microsoft.EntityFrameworkCore.Query[10107]
      Generated query execution expression: 
      'queryContext => ShapedQueryCompilingExpressionVisitor.SingleAsync<bool>(
          asyncEnumerable: SingleQueryingEnumerable.Create<bool>(
              relationalQueryContext: (RelationalQueryContext)queryContext, 
              relationalCommandResolver: parameters => [LIFTABLE Constant: RelationalCommandCache.QueryExpression(
                  Projection Mapping:
                      EmptyProjectionMember -> 0
                  SELECT EXISTS (
                      SELECT 1
                      FROM Discounts AS d)) | Resolver: c => new RelationalCommandCache(
                  c.Dependencies.MemoryCache, 
                  c.RelationalDependencies.QuerySqlGeneratorFactory, 
                  c.RelationalDependencies.RelationalParameterBasedSqlProcessorFactory, 
                  Projection Mapping:
                      EmptyProjectionMember -> 0
                  SELECT EXISTS (
                      SELECT 1
                      FROM Discounts AS d), 
                  False, 
                  MultipleParameters
              )].GetRelationalCommandTemplate(parameters), 
              readerColumns: null, 
              shaper: (queryContext, dataReader, resultContext, resultCoordinator) => 
              {
                  bool? value1;
                  value1 = dataReader.IsDBNull(0) ? default(bool?) : (bool?)dataReader.GetBoolean(0);
                  return (bool)value1;
              }, 
              contextType: EduConnect.Infrastructure.Data.AppDbContext, 
              standAloneStateManager: False, 
              detailedErrorsEnabled: False, 
              threadSafetyChecksEnabled: True), 
          cancellationToken: queryContext.CancellationToken)'
dbug: Microsoft.EntityFrameworkCore.Database.Connection[20000]
      Opening connection to database 'EduConnectDb' on server 'localhost\SQLEXPRESS'.
dbug: Microsoft.EntityFrameworkCore.Database.Connection[20001]
      Opened connection to database 'EduConnectDb' on server 'localhost\SQLEXPRESS'.
dbug: Microsoft.EntityFrameworkCore.Database.Connection[20002]
      Closing connection to database 'EduConnectDb' on server 'localhost\SQLEXPRESS'.
dbug: Microsoft.EntityFrameworkCore.Database.Connection[20003]
      Closed connection to database 'EduConnectDb' on server 'localhost\SQLEXPRESS' (0ms).
dbug: Microsoft.EntityFrameworkCore.ChangeTracking[10800]
      DetectChanges starting for 'AppDbContext'.
dbug: Microsoft.EntityFrameworkCore.ChangeTracking[10801]
      DetectChanges completed for 'AppDbContext'.
dbug: Microsoft.EntityFrameworkCore.Update[10004]
      SaveChanges starting for 'AppDbContext'.
dbug: Microsoft.EntityFrameworkCore.ChangeTracking[10800]
      DetectChanges starting for 'AppDbContext'.
dbug: Microsoft.EntityFrameworkCore.ChangeTracking[10801]
      DetectChanges completed for 'AppDbContext'.
dbug: Microsoft.EntityFrameworkCore.Update[10005]
      SaveChanges completed for 'AppDbContext' with 0 entities written to the database.
dbug: Microsoft.EntityFrameworkCore.Infrastructure[10407]
      'AppDbContext' disposed.
dbug: Microsoft.EntityFrameworkCore.Database.Connection[20007]
      Disposing connection to database 'EduConnectDb' on server 'localhost\SQLEXPRESS'.
dbug: Microsoft.EntityFrameworkCore.Database.Connection[20008]
      Disposed connection to database '' on server '' (0ms).
dbug: Microsoft.Extensions.Hosting.Internal.Host[1]
      Hosting starting
info: Microsoft.AspNetCore.DataProtection.KeyManagement.XmlKeyManager[63]
      User profile is available. Using 'C:\Users\FIRAT\AppData\Local\ASP.NET\DataProtection-Keys' as key repository and Windows DPAPI to encrypt keys at rest.
info: Microsoft.Hosting.Lifetime[14]
      Now listening on: http://localhost:5160
info: Microsoft.Hosting.Lifetime[0]
      Application started. Press Ctrl+C to shut down.
info: Microsoft.Hosting.Lifetime[0]
      Hosting environment: Development
info: Microsoft.Hosting.Lifetime[0]
      Content root path: C:\Users\FIRAT\Desktop\Tubitak-Tez\backend\src\EduConnect.Api
dbug: Microsoft.Extensions.Hosting.Internal.Host[2]
      Hosting started
info: Microsoft.AspNetCore.Hosting.Diagnostics[1]
      Request starting HTTP/1.1 OPTIONS http://localhost:5160/api/posts/cc3ff76d-b167-495a-b69a-30997149e8d8 - - -
info: Microsoft.AspNetCore.Cors.Infrastructure.CorsService[4]
      CORS policy execution successful.
info: Microsoft.AspNetCore.Hosting.Diagnostics[1]
      Request starting HTTP/1.1 GET http://localhost:5160/api/posts/cc3ff76d-b167-495a-b69a-30997149e8d8 - - -
info: Microsoft.AspNetCore.Hosting.Diagnostics[2]
      Request finished HTTP/1.1 OPTIONS http://localhost:5160/api/posts/cc3ff76d-b167-495a-b69a-30997149e8d8 - 204 - - 76.0466ms
info: Microsoft.AspNetCore.Cors.Infrastructure.CorsService[4]
      CORS policy execution successful.
info: Microsoft.AspNetCore.Routing.EndpointMiddleware[0]
      Executing endpoint 'EduConnect.Api.Controllers.PostsController.GetById (EduConnect.Api)'
info: Microsoft.AspNetCore.Mvc.Infrastructure.ControllerActionInvoker[102]
      Route matched with {action = "GetById", controller = "Posts"}. Executing controller action with signature System.Threading.Tasks.Task`1[Microsoft.AspNetCore.Mvc.ActionResult`1[EduConnect.Application.Contracts.Posts.PostDetailResponse]] GetById(System.Guid, System.Threading.CancellationToken) on controller EduConnect.Api.Controllers.PostsController (EduConnect.Api).
dbug: Microsoft.EntityFrameworkCore.Infrastructure[10403]
      Entity Framework Core 10.0.5 initialized 'AppDbContext' using provider 'Microsoft.EntityFrameworkCore.SqlServer:10.0.5' with options: MigrationsAssembly=EduConnect.Infrastructure, Version=1.0.0.0, Culture=neutral, PublicKeyToken=null EngineType=SqlServer 
dbug: Microsoft.EntityFrameworkCore.Query[10111]
      Compiling query expression: 
      'DbSet<Post>()
          .AsNoTracking()
          .AsSplitQuery()
          .Where(x => !(x.IsDeleted))
          .Include(x => x.User)
          .ThenInclude(x => x.StudentProfile)
          .Include(x => x.Group)
          .Include(x => x.Likes)
          .Include(x => x.Comments)
          .Include(x => x.Bookmarks)
          .Include(x => x.Views)
          .Include(x => x.Comments)
          .ThenInclude(x => x.User)
          .ThenInclude(x => x.StudentProfile)
          .FirstOrDefault(x => x.Id == @id)'
dbug: Microsoft.EntityFrameworkCore.Query[10112]
      Including navigation: 'Post.User'.
dbug: Microsoft.EntityFrameworkCore.Query[10112]
      Including navigation: 'User.StudentProfile'.
dbug: Microsoft.EntityFrameworkCore.Query[10112]
      Including navigation: 'Post.Group'.
dbug: Microsoft.EntityFrameworkCore.Query[10112]
      Including navigation: 'Post.Likes'.
dbug: Microsoft.EntityFrameworkCore.Query[10112]
      Including navigation: 'Post.Comments'.
dbug: Microsoft.EntityFrameworkCore.Query[10112]
      Including navigation: 'Post.Bookmarks'.
dbug: Microsoft.EntityFrameworkCore.Query[10112]
      Including navigation: 'Post.Views'.
dbug: Microsoft.EntityFrameworkCore.Query[10112]
      Including navigation: 'PostComment.User'.
dbug: Microsoft.EntityFrameworkCore.Query[10112]
      Including navigation: 'User.StudentProfile'.
dbug: Microsoft.EntityFrameworkCore.Query[10107]
      Generated query execution expression: 
      'queryContext => ShapedQueryCompilingExpressionVisitor.SingleOrDefaultAsync<Post>(
          asyncEnumerable: SplitQueryingEnumerable.Create<Post>(
              relationalQueryContext: (RelationalQueryContext)queryContext, 
              relationalCommandResolver: parameters => [LIFTABLE Constant: RelationalCommandCache.QueryExpression(
                  Client Projections:
                      0 -> Dictionary<IPropertyBase, int> { [Property: Post.Id (Guid) Required PK AfterSave:Throw ValueGenerated.OnAdd, 0], [Property: Post.Content (string) Required MaxLength(1500), 1], [Property: Post.CreatedAtUtc (DateTime) Required, 2], [Property: Post.GroupId (Guid?) FK Index, 3], [Property: Post.ImageUrl (string) MaxLength(500), 4], [Property: Post.IsDeleted (bool) Required, 5], [Property: Post.UpdatedAtUtc (DateTime?), 6], [Property: Post.UserId (Guid) Required FK Index, 7] }
                      1 -> Dictionary<IPropertyBase, int> { [Property: User.Id (Guid) Required PK AfterSave:Throw ValueGenerated.OnAdd, 8], [Property: User.CreatedAtUtc (DateTime) Required, 9], [Property: User.Email (string) Required Index MaxLength(200), 10], [Property: User.EmailVerificationAttemptCount (int) Required, 11], [Property: User.EmailVerificationCodeHash (string) MaxLength(500), 12], [Property: User.EmailVerificationExpiresAtUtc (DateTime?), 13], [Property: User.EmailVerificationSentAtUtc (DateTime?), 14], [Property: User.EmailVerifiedAtUtc (DateTime?), 15], [Property: User.FullName (string) Required MaxLength(150), 16], [Property: User.IsActive (bool) Required, 17], [Property: User.PasswordHash (string) Required MaxLength(1000), 18], [Property: User.Role (UserRole) Required, 19], [Property: User.TwoFactorEnabled (bool) Required, 20], [Property: User.UniversityId (Guid?) FK Index, 21], [Property: User.UpdatedAtUtc (DateTime?), 22] }
                      2 -> Dictionary<IPropertyBase, int> { [Property: StudentProfile.Id (Guid) Required PK AfterSave:Throw ValueGenerated.OnAdd, 23], [Property: StudentProfile.AvatarUrl (string) MaxLength(500), 24], [Property: StudentProfile.Bio (string) MaxLength(500), 25], [Property: StudentProfile.CoverImageUrl (string) MaxLength(500), 26], [Property: StudentProfile.CreatedAtUtc (DateTime) Required, 27], [Property: StudentProfile.Department (string) Required MaxLength(150), 28], [Property: StudentProfile.UpdatedAtUtc (DateTime?), 29], [Property: StudentProfile.UserId (Guid) Required FK Index, 30], [Property: StudentProfile.Year (int) Required, 31] }
                      3 -> Dictionary<IPropertyBase, int> { [Property: Group.Id (Guid) Required PK AfterSave:Throw ValueGenerated.OnAdd, 32], [Property: Group.AvatarUrl (string) MaxLength(500), 33], [Property: Group.BannerUrl (string) MaxLength(500), 34], [Property: Group.Category (string) Required MaxLength(100), 35], [Property: Group.CreatedAtUtc (DateTime) Required, 36], [Property: Group.CreatorUserId (Guid) Required FK Index, 37], [Property: Group.Description (string) Required MaxLength(1000), 38], [Property: Group.Name (string) Required MaxLength(150), 39], [Property: Group.ShortDescription (string) Required MaxLength(220), 40], [Property: Group.Slug (string) Required Index MaxLength(160), 41], [Property: Group.UpdatedAtUtc (DateTime?), 42] }
                      4 -> 0
                      5 -> 8
                      6 -> 23
                      7 -> 32
                  SELECT TOP(1) p.Id, p.Content, p.CreatedAtUtc, p.GroupId, p.ImageUrl, p.IsDeleted, p.UpdatedAtUtc, p.UserId, u.Id, u.CreatedAtUtc, u.Email, u.EmailVerificationAttemptCount, u.EmailVerificationCodeHash, u.EmailVerificationExpiresAtUtc, u.EmailVerificationSentAtUtc, u.EmailVerifiedAtUtc, u.FullName, u.IsActive, u.PasswordHash, u.Role, u.TwoFactorEnabled, u.UniversityId, u.UpdatedAtUtc, s.Id, s.AvatarUrl, s.Bio, s.CoverImageUrl, s.CreatedAtUtc, s.Department, s.UpdatedAtUtc, s.UserId, s.Year, g.Id, g.AvatarUrl, g.BannerUrl, g.Category, g.CreatedAtUtc, g.CreatorUserId, g.Description, g.Name, g.ShortDescription, g.Slug, g.UpdatedAtUtc
                  FROM Posts AS p
                  INNER JOIN Users AS u ON p.UserId == u.Id
                  LEFT JOIN StudentProfiles AS s ON u.Id == s.UserId
                  LEFT JOIN Groups AS g ON p.GroupId == g.Id
                  WHERE Not(p.IsDeleted) && (p.Id == @id)
                  ORDER BY p.Id ASC, u.Id ASC, s.Id ASC, g.Id ASC) | Resolver: c => new RelationalCommandCache(
                  c.Dependencies.MemoryCache, 
                  c.RelationalDependencies.QuerySqlGeneratorFactory, 
                  c.RelationalDependencies.RelationalParameterBasedSqlProcessorFactory, 
                  Client Projections:
                      0 -> Dictionary<IPropertyBase, int> { [Property: Post.Id (Guid) Required PK AfterSave:Throw ValueGenerated.OnAdd, 0], [Property: Post.Content (string) Required MaxLength(1500), 1], [Property: Post.CreatedAtUtc (DateTime) Required, 2], [Property: Post.GroupId (Guid?) FK Index, 3], [Property: Post.ImageUrl (string) MaxLength(500), 4], [Property: Post.IsDeleted (bool) Required, 5], [Property: Post.UpdatedAtUtc (DateTime?), 6], [Property: Post.UserId (Guid) Required FK Index, 7] }
                      1 -> Dictionary<IPropertyBase, int> { [Property: User.Id (Guid) Required PK AfterSave:Throw ValueGenerated.OnAdd, 8], [Property: User.CreatedAtUtc (DateTime) Required, 9], [Property: User.Email (string) Required Index MaxLength(200), 10], [Property: User.EmailVerificationAttemptCount (int) Required, 11], [Property: User.EmailVerificationCodeHash (string) MaxLength(500), 12], [Property: User.EmailVerificationExpiresAtUtc (DateTime?), 13], [Property: User.EmailVerificationSentAtUtc (DateTime?), 14], [Property: User.EmailVerifiedAtUtc (DateTime?), 15], [Property: User.FullName (string) Required MaxLength(150), 16], [Property: User.IsActive (bool) Required, 17], [Property: User.PasswordHash (string) Required MaxLength(1000), 18], [Property: User.Role (UserRole) Required, 19], [Property: User.TwoFactorEnabled (bool) Required, 20], [Property: User.UniversityId (Guid?) FK Index, 21], [Property: User.UpdatedAtUtc (DateTime?), 22] }
                      2 -> Dictionary<IPropertyBase, int> { [Property: StudentProfile.Id (Guid) Required PK AfterSave:Throw ValueGenerated.OnAdd, 23], [Property: StudentProfile.AvatarUrl (string) MaxLength(500), 24], [Property: StudentProfile.Bio (string) MaxLength(500), 25], [Property: StudentProfile.CoverImageUrl (string) MaxLength(500), 26], [Property: StudentProfile.CreatedAtUtc (DateTime) Required, 27], [Property: StudentProfile.Department (string) Required MaxLength(150), 28], [Property: StudentProfile.UpdatedAtUtc (DateTime?), 29], [Property: StudentProfile.UserId (Guid) Required FK Index, 30], [Property: StudentProfile.Year (int) Required, 31] }
                      3 -> Dictionary<IPropertyBase, int> { [Property: Group.Id (Guid) Required PK AfterSave:Throw ValueGenerated.OnAdd, 32], [Property: Group.AvatarUrl (string) MaxLength(500), 33], [Property: Group.BannerUrl (string) MaxLength(500), 34], [Property: Group.Category (string) Required MaxLength(100), 35], [Property: Group.CreatedAtUtc (DateTime) Required, 36], [Property: Group.CreatorUserId (Guid) Required FK Index, 37], [Property: Group.Description (string) Required MaxLength(1000), 38], [Property: Group.Name (string) Required MaxLength(150), 39], [Property: Group.ShortDescription (string) Required MaxLength(220), 40], [Property: Group.Slug (string) Required Index MaxLength(160), 41], [Property: Group.UpdatedAtUtc (DateTime?), 42] }
                      4 -> 0
                      5 -> 8
                      6 -> 23
                      7 -> 32
                  SELECT TOP(1) p.Id, p.Content, p.CreatedAtUtc, p.GroupId, p.ImageUrl, p.IsDeleted, p.UpdatedAtUtc, p.UserId, u.Id, u.CreatedAtUtc, u.Email, u.EmailVerificationAttemptCount, u.EmailVerificationCodeHash, u.EmailVerificationExpiresAtUtc, u.EmailVerificationSentAtUtc, u.EmailVerifiedAtUtc, u.FullName, u.IsActive, u.PasswordHash, u.Role, u.TwoFactorEnabled, u.UniversityId, u.UpdatedAtUtc, s.Id, s.AvatarUrl, s.Bio, s.CoverImageUrl, s.CreatedAtUtc, s.Department, s.UpdatedAtUtc, s.UserId, s.Year, g.Id, g.AvatarUrl, g.BannerUrl, g.Category, g.CreatedAtUtc, g.CreatorUserId, g.Description, g.Name, g.ShortDescription, g.Slug, g.UpdatedAtUtc
                  FROM Posts AS p
                  INNER JOIN Users AS u ON p.UserId == u.Id
                  LEFT JOIN StudentProfiles AS s ON u.Id == s.UserId
                  LEFT JOIN Groups AS g ON p.GroupId == g.Id
                  WHERE Not(p.IsDeleted) && (p.Id == @id)
                  ORDER BY p.Id ASC, u.Id ASC, s.Id ASC, g.Id ASC, 
                  False, 
                  MultipleParameters
              )].GetRelationalCommandTemplate(parameters), 
              readerColumns: [LIFTABLE Constant: ReaderColumn[] { ReaderColumn<Guid>, ReaderColumn<object>, ReaderColumn<DateTime>, ReaderColumn<Guid>, ReaderColumn<object>, ReaderColumn<bool>, ReaderColumn<DateTime>, ReaderColumn<Guid>, ReaderColumn<Guid>, ReaderColumn<DateTime>, ReaderColumn<object>, ReaderColumn<int>, ReaderColumn<object>, ReaderColumn<DateTime>, ReaderColumn<DateTime>, ReaderColumn<DateTime>, ReaderColumn<object>, ReaderColumn<bool>, ReaderColumn<object>, ReaderColumn<int>, ReaderColumn<bool>, ReaderColumn<Guid>, ReaderColumn<DateTime>, ReaderColumn<Guid>, ReaderColumn<object>, ReaderColumn<object>, ReaderColumn<object>, ReaderColumn<DateTime>, ReaderColumn<object>, ReaderColumn<DateTime>, ReaderColumn<Guid>, ReaderColumn<int>, ReaderColumn<Guid>, ReaderColumn<object>, ReaderColumn<object>, ReaderColumn<object>, ReaderColumn<DateTime>, ReaderColumn<Guid>, ReaderColumn<object>, ReaderColumn<object>, ReaderColumn<object>, ReaderColumn<object>, ReaderColumn<DateTime> } | Resolver: namelessParameter{0} => new ReaderColumn[]
              { 
                  new ReaderColumn<Guid>(
                      False, 
                      null, 
                      namelessParameter{0}.Dependencies.Model.FindEntityType("EduConnect.Domain.Entities.Post").FindProperty("Id"), 
                      (dataReader, indexMap) => dataReader.GetGuid(0)
                  ), 
                  new ReaderColumn<object>(
                      False, 
                      null, 
                      namelessParameter{0}.Dependencies.Model.FindEntityType("EduConnect.Domain.Entities.Post").FindProperty("Content"), 
                      (dataReader, indexMap) => (object)dataReader.GetString(1)
                  ), 
                  new ReaderColumn<DateTime>(
                      False, 
                      null, 
                      namelessParameter{0}.Dependencies.Model.FindEntityType("EduConnect.Domain.Entities.Post").FindProperty("CreatedAtUtc"), 
                      (dataReader, indexMap) => dataReader.GetDateTime(2)
                  ), 
                  new ReaderColumn<Guid>(
                      True, 
                      null, 
                      namelessParameter{0}.Dependencies.Model.FindEntityType("EduConnect.Domain.Entities.Post").FindProperty("GroupId"), 
                      (dataReader, indexMap) => dataReader.GetGuid(3)
                  ), 
                  new ReaderColumn<object>(
                      True, 
                      null, 
                      namelessParameter{0}.Dependencies.Model.FindEntityType("EduConnect.Domain.Entities.Post").FindProperty("ImageUrl"), 
                      (dataReader, indexMap) => (object)dataReader.GetString(4)
                  ), 
                  new ReaderColumn<bool>(
                      False, 
                      null, 
                      namelessParameter{0}.Dependencies.Model.FindEntityType("EduConnect.Domain.Entities.Post").FindProperty("IsDeleted"), 
                      (dataReader, indexMap) => dataReader.GetBoolean(5)
                  ), 
                  new ReaderColumn<DateTime>(
                      True, 
                      null, 
                      namelessParameter{0}.Dependencies.Model.FindEntityType("EduConnect.Domain.Entities.Post").FindProperty("UpdatedAtUtc"), 
                      (dataReader, indexMap) => dataReader.GetDateTime(6)
                  ), 
                  new ReaderColumn<Guid>(
                      False, 
                      null, 
                      namelessParameter{0}.Dependencies.Model.FindEntityType("EduConnect.Domain.Entities.Post").FindProperty("UserId"), 
                      (dataReader, indexMap) => dataReader.GetGuid(7)
                  ), 
                  new ReaderColumn<Guid>(
                      False, 
                      null, 
                      namelessParameter{0}.Dependencies.Model.FindEntityType("EduConnect.Domain.Entities.User").FindProperty("Id"), 
                      (dataReader, indexMap) => dataReader.GetGuid(8)
                  ), 
                  new ReaderColumn<DateTime>(
                      False, 
                      null, 
                      namelessParameter{0}.Dependencies.Model.FindEntityType("EduConnect.Domain.Entities.User").FindProperty("CreatedAtUtc"), 
                      (dataReader, indexMap) => dataReader.GetDateTime(9)
                  ), 
                  new ReaderColumn<object>(
                      False, 
                      null, 
                      namelessParameter{0}.Dependencies.Model.FindEntityType("EduConnect.Domain.Entities.User").FindProperty("Email"), 
                      (dataReader, indexMap) => (object)dataReader.GetString(10)
                  ), 
                  new ReaderColumn<int>(
                      False, 
                      null, 
                      namelessParameter{0}.Dependencies.Model.FindEntityType("EduConnect.Domain.Entities.User").FindProperty("EmailVerificationAttemptCount"), 
                      (dataReader, indexMap) => dataReader.GetInt32(11)
                  ), 
                  new ReaderColumn<object>(
                      True, 
                      null, 
                      namelessParameter{0}.Dependencies.Model.FindEntityType("EduConnect.Domain.Entities.User").FindProperty("EmailVerificationCodeHash"), 
                      (dataReader, indexMap) => (object)dataReader.GetString(12)
                  ), 
                  new ReaderColumn<DateTime>(
                      True, 
                      null, 
                      namelessParameter{0}.Dependencies.Model.FindEntityType("EduConnect.Domain.Entities.User").FindProperty("EmailVerificationExpiresAtUtc"), 
                      (dataReader, indexMap) => dataReader.GetDateTime(13)
                  ), 
                  new ReaderColumn<DateTime>(
                      True, 
                      null, 
                      namelessParameter{0}.Dependencies.Model.FindEntityType("EduConnect.Domain.Entities.User").FindProperty("EmailVerificationSentAtUtc"), 
                      (dataReader, indexMap) => dataReader.GetDateTime(14)
                  ), 
                  new ReaderColumn<DateTime>(
                      True, 
                      null, 
                      namelessParameter{0}.Dependencies.Model.FindEntityType("EduConnect.Domain.Entities.User").FindProperty("EmailVerifiedAtUtc"), 
                      (dataReader, indexMap) => dataReader.GetDateTime(15)
                  ), 
                  new ReaderColumn<object>(
                      False, 
                      null, 
                      namelessParameter{0}.Dependencies.Model.FindEntityType("EduConnect.Domain.Entities.User").FindProperty("FullName"), 
                      (dataReader, indexMap) => (object)dataReader.GetString(16)
                  ), 
                  new ReaderColumn<bool>(
                      False, 
                      null, 
                      namelessParameter{0}.Dependencies.Model.FindEntityType("EduConnect.Domain.Entities.User").FindProperty("IsActive"), 
                      (dataReader, indexMap) => dataReader.GetBoolean(17)
                  ), 
                  new ReaderColumn<object>(
                      False, 
                      null, 
                      namelessParameter{0}.Dependencies.Model.FindEntityType("EduConnect.Domain.Entities.User").FindProperty("PasswordHash"), 
                      (dataReader, indexMap) => (object)dataReader.GetString(18)
                  ), 
                  new ReaderColumn<int>(
                      False, 
                      null, 
                      namelessParameter{0}.Dependencies.Model.FindEntityType("EduConnect.Domain.Entities.User").FindProperty("Role"), 
                      (dataReader, indexMap) => dataReader.GetInt32(19)
                  ), 
                  new ReaderColumn<bool>(
                      False, 
                      null, 
                      namelessParameter{0}.Dependencies.Model.FindEntityType("EduConnect.Domain.Entities.User").FindProperty("TwoFactorEnabled"), 
                      (dataReader, indexMap) => dataReader.GetBoolean(20)
                  ), 
                  new ReaderColumn<Guid>(
                      True, 
                      null, 
                      namelessParameter{0}.Dependencies.Model.FindEntityType("EduConnect.Domain.Entities.User").FindProperty("UniversityId"), 
                      (dataReader, indexMap) => dataReader.GetGuid(21)
                  ), 
                  new ReaderColumn<DateTime>(
                      True, 
                      null, 
                      namelessParameter{0}.Dependencies.Model.FindEntityType("EduConnect.Domain.Entities.User").FindProperty("UpdatedAtUtc"), 
                      (dataReader, indexMap) => dataReader.GetDateTime(22)
                  ), 
                  new ReaderColumn<Guid>(
                      True, 
                      null, 
                      namelessParameter{0}.Dependencies.Model.FindEntityType("EduConnect.Domain.Entities.StudentProfile").FindProperty("Id"), 
                      (dataReader, indexMap) => dataReader.GetGuid(23)
                  ), 
                  new ReaderColumn<object>(
                      True, 
                      null, 
                      namelessParameter{0}.Dependencies.Model.FindEntityType("EduConnect.Domain.Entities.StudentProfile").FindProperty("AvatarUrl"), 
                      (dataReader, indexMap) => (object)dataReader.GetString(24)
                  ), 
                  new ReaderColumn<object>(
                      True, 
                      null, 
                      namelessParameter{0}.Dependencies.Model.FindEntityType("EduConnect.Domain.Entities.StudentProfile").FindProperty("Bio"), 
                      (dataReader, indexMap) => (object)dataReader.GetString(25)
                  ), 
                  new ReaderColumn<object>(
                      True, 
                      null, 
                      namelessParameter{0}.Dependencies.Model.FindEntityType("EduConnect.Domain.Entities.StudentProfile").FindProperty("CoverImageUrl"), 
                      (dataReader, indexMap) => (object)dataReader.GetString(26)
                  ), 
                  new ReaderColumn<DateTime>(
                      True, 
                      null, 
                      namelessParameter{0}.Dependencies.Model.FindEntityType("EduConnect.Domain.Entities.StudentProfile").FindProperty("CreatedAtUtc"), 
                      (dataReader, indexMap) => dataReader.GetDateTime(27)
                  ), 
                  new ReaderColumn<object>(
                      True, 
                      null, 
                      namelessParameter{0}.Dependencies.Model.FindEntityType("EduConnect.Domain.Entities.StudentProfile").FindProperty("Department"), 
                      (dataReader, indexMap) => (object)dataReader.GetString(28)
                  ), 
                  new ReaderColumn<DateTime>(
                      True, 
                      null, 
                      namelessParameter{0}.Dependencies.Model.FindEntityType("EduConnect.Domain.Entities.StudentProfile").FindProperty("UpdatedAtUtc"), 
                      (dataReader, indexMap) => dataReader.GetDateTime(29)
                  ), 
                  new ReaderColumn<Guid>(
                      True, 
                      null, 
                      namelessParameter{0}.Dependencies.Model.FindEntityType("EduConnect.Domain.Entities.StudentProfile").FindProperty("UserId"), 
                      (dataReader, indexMap) => dataReader.GetGuid(30)
                  ), 
                  new ReaderColumn<int>(
                      True, 
                      null, 
                      namelessParameter{0}.Dependencies.Model.FindEntityType("EduConnect.Domain.Entities.StudentProfile").FindProperty("Year"), 
                      (dataReader, indexMap) => dataReader.GetInt32(31)
                  ), 
                  new ReaderColumn<Guid>(
                      True, 
                      null, 
                      namelessParameter{0}.Dependencies.Model.FindEntityType("EduConnect.Domain.Entities.Group").FindProperty("Id"), 
                      (dataReader, indexMap) => dataReader.GetGuid(32)
                  ), 
                  new ReaderColumn<object>(
                      True, 
                      null, 
                      namelessParameter{0}.Dependencies.Model.FindEntityType("EduConnect.Domain.Entities.Group").FindProperty("AvatarUrl"), 
                      (dataReader, indexMap) => (object)dataReader.GetString(33)
                  ), 
                  new ReaderColumn<object>(
                      True, 
                      null, 
                      namelessParameter{0}.Dependencies.Model.FindEntityType("EduConnect.Domain.Entities.Group").FindProperty("BannerUrl"), 
                      (dataReader, indexMap) => (object)dataReader.GetString(34)
                  ), 
                  new ReaderColumn<object>(
                      True, 
                      null, 
                      namelessParameter{0}.Dependencies.Model.FindEntityType("EduConnect.Domain.Entities.Group").FindProperty("Category"), 
                      (dataReader, indexMap) => (object)dataReader.GetString(35)
                  ), 
                  new ReaderColumn<DateTime>(
                      True, 
                      null, 
                      namelessParameter{0}.Dependencies.Model.FindEntityType("EduConnect.Domain.Entities.Group").FindProperty("CreatedAtUtc"), 
                      (dataReader, indexMap) => dataReader.GetDateTime(36)
                  ), 
                  new ReaderColumn<Guid>(
                      True, 
                      null, 
                      namelessParameter{0}.Dependencies.Model.FindEntityType("EduConnect.Domain.Entities.Group").FindProperty("CreatorUserId"), 
                      (dataReader, indexMap) => dataReader.GetGuid(37)
                  ), 
                  new ReaderColumn<object>(
                      True, 
                      null, 
                      namelessParameter{0}.Dependencies.Model.FindEntityType("EduConnect.Domain.Entities.Group").FindProperty("Description"), 
                      (dataReader, indexMap) => (object)dataReader.GetString(38)
                  ), 
                  new ReaderColumn<object>(
                      True, 
                      null, 
                      namelessParameter{0}.Dependencies.Model.FindEntityType("EduConnect.Domain.Entities.Group").FindProperty("Name"), 
                      (dataReader, indexMap) => (object)dataReader.GetString(39)
                  ), 
                  new ReaderColumn<object>(
                      True, 
                      null, 
                      namelessParameter{0}.Dependencies.Model.FindEntityType("EduConnect.Domain.Entities.Group").FindProperty("ShortDescription"), 
                      (dataReader, indexMap) => (object)dataReader.GetString(40)
                  ), 
                  new ReaderColumn<object>(
                      True, 
                      null, 
                      namelessParameter{0}.Dependencies.Model.FindEntityType("EduConnect.Domain.Entities.Group").FindProperty("Slug"), 
                      (dataReader, indexMap) => (object)dataReader.GetString(41)
                  ), 
                  new ReaderColumn<DateTime>(
                      True, 
                      null, 
                      namelessParameter{0}.Dependencies.Model.FindEntityType("EduConnect.Domain.Entities.Group").FindProperty("UpdatedAtUtc"), 
                      (dataReader, indexMap) => dataReader.GetDateTime(42)
                  ) 
              }], 
              shaper: (queryContext, dataReader, resultContext, resultCoordinator) => resultContext.Values == null ? 
              {
                  Post entity;
                  User entity;
                  StudentProfile entity;
                  Group entity;
                  entity = 
                  {
                      MaterializationContext materializationContext1;
                      IEntityType entityType1;
                      Post instance1;
                      materializationContext1 = new MaterializationContext(
                          [LIFTABLE Constant: ValueBuffer | Resolver: _ => (object)ValueBuffer.Empty], 
                          queryContext.Context
                      );
                      instance1 = default(Post);
                      (object)dataReader.GetGuid(0) != null ? 
                      {
                          ISnapshot shadowSnapshot1;
                          shadowSnapshot1 = [LIFTABLE Constant: Snapshot | Resolver: _ => Snapshot.Empty];
                          entityType1 = [LIFTABLE Constant: EntityType: Post | Resolver: namelessParameter{1} => namelessParameter{1}.Dependencies.Model.FindEntityType("EduConnect.Domain.Entities.Post")];
                          instance1 = switch (entityType1)
                          {
                              case [LIFTABLE Constant: EntityType: Post | Resolver: namelessParameter{2} => namelessParameter{2}.Dependencies.Model.FindEntityType("EduConnect.Domain.Entities.Post")]: 
                                  {
                                      return 
                                      {
                                          Post instance;
                                          instance = new Post();
                                          instance.<Id>k__BackingField = dataReader.GetGuid(0);
                                          instance.<Content>k__BackingField = (string)dataReader.GetFieldValue<object>(1);
                                          instance.<CreatedAtUtc>k__BackingField = dataReader.GetDateTime(2);
                                          instance.<GroupId>k__BackingField = dataReader.IsDBNull(3) ? default(Guid?) : (Guid?)dataReader.GetGuid(3);
                                          instance.<ImageUrl>k__BackingField = dataReader.IsDBNull(4) ? default(string) : (string)dataReader.GetFieldValue<object>(4);
                                          instance.<IsDeleted>k__BackingField = dataReader.GetBoolean(5);
                                          instance.<UpdatedAtUtc>k__BackingField = dataReader.IsDBNull(6) ? default(DateTime?) : (DateTime?)dataReader.GetDateTime(6);
                                          instance.<UserId>k__BackingField = dataReader.GetGuid(7);
                                          (instance is IInjectableService) ? ((IInjectableService)instance).Injected(
                                              context: materializationContext1.Context, 
                                              entity: instance, 
                                              queryTrackingBehavior: NoTracking, 
                                              structuralType: [LIFTABLE Constant: EntityType: Post | Resolver: namelessParameter{3} => namelessParameter{3}.Dependencies.Model.FindEntityType("EduConnect.Domain.Entities.Post")]) : default(void);
                                          return instance;
                                      }}
                              default: 
                                  default(Post)
                          }
                          ;
                          return instance1;
                      } : 
                      {
                          object[] keyValues1;
                          keyValues1 = new object[]{ (object)dataReader.GetGuid(0) };
                          return ShapedQueryCompilingExpressionVisitor.CreateNullKeyValueInNoTrackingQuery(
                              entityType: [LIFTABLE Constant: EntityType: Post | Resolver: namelessParameter{4} => namelessParameter{4}.Dependencies.Model.FindEntityType("EduConnect.Domain.Entities.Post")], 
                              properties: [LIFTABLE Constant: List<RuntimeProperty> { Property: Post.Id (Guid) Required PK AfterSave:Throw ValueGenerated.OnAdd } | Resolver: c => c.Dependencies.Model.FindEntityType("EduConnect.Domain.Entities.Post").FindPrimaryKey().Properties], 
                              keyValues: keyValues1);
                      };
                      return instance1;
                  };
                  entity = 
                  {
                      MaterializationContext materializationContext2;
                      IEntityType entityType2;
                      User instance2;
                      materializationContext2 = new MaterializationContext(
                          [LIFTABLE Constant: ValueBuffer | Resolver: _ => (object)ValueBuffer.Empty], 
                          queryContext.Context
                      );
                      instance2 = default(User);
                      (object)dataReader.GetGuid(8) != null ? 
                      {
                          ISnapshot shadowSnapshot2;
                          shadowSnapshot2 = [LIFTABLE Constant: Snapshot | Resolver: _ => Snapshot.Empty];
                          entityType2 = [LIFTABLE Constant: EntityType: User | Resolver: namelessParameter{5} => namelessParameter{5}.Dependencies.Model.FindEntityType("EduConnect.Domain.Entities.User")];
                          instance2 = switch (entityType2)
                          {
                              case [LIFTABLE Constant: EntityType: User | Resolver: namelessParameter{6} => namelessParameter{6}.Dependencies.Model.FindEntityType("EduConnect.Domain.Entities.User")]: 
                                  {
                                      return 
                                      {
                                          User instance;
                                          instance = new User();
                                          instance.<Id>k__BackingField = dataReader.GetGuid(8);
                                          instance.<CreatedAtUtc>k__BackingField = dataReader.GetDateTime(9);
                                          instance.<Email>k__BackingField = (string)dataReader.GetFieldValue<object>(10);
                                          instance.<EmailVerificationAttemptCount>k__BackingField = dataReader.GetInt32(11);
                                          instance.<EmailVerificationCodeHash>k__BackingField = dataReader.IsDBNull(12) ? default(string) : (string)dataReader.GetFieldValue<object>(12);
                                          instance.<EmailVerificationExpiresAtUtc>k__BackingField = dataReader.IsDBNull(13) ? default(DateTime?) : (DateTime?)dataReader.GetDateTime(13);
                                          instance.<EmailVerificationSentAtUtc>k__BackingField = dataReader.IsDBNull(14) ? default(DateTime?) : (DateTime?)dataReader.GetDateTime(14);
                                          instance.<EmailVerifiedAtUtc>k__BackingField = dataReader.IsDBNull(15) ? default(DateTime?) : (DateTime?)dataReader.GetDateTime(15);
                                          instance.<FullName>k__BackingField = (string)dataReader.GetFieldValue<object>(16);
                                          instance.<IsActive>k__BackingField = dataReader.GetBoolean(17);
                                          instance.<PasswordHash>k__BackingField = (string)dataReader.GetFieldValue<object>(18);
                                          instance.<Role>k__BackingField = Invoke(((EnumToNumberConverter<UserRole, int>)((IReadOnlyProperty)[LIFTABLE Constant: Property: User.Role (UserRole) Required | Resolver: namelessParameter{7} => namelessParameter{7}.Dependencies.Model.FindEntityType("EduConnect.Domain.Entities.User").FindProperty("Role")]).GetTypeMapping().Converter).ConvertFromProviderTyped, dataReader.GetInt32(19));
                                          instance.<TwoFactorEnabled>k__BackingField = dataReader.GetBoolean(20);
                                          instance.<UniversityId>k__BackingField = dataReader.IsDBNull(21) ? default(Guid?) : (Guid?)dataReader.GetGuid(21);
                                          instance.<UpdatedAtUtc>k__BackingField = dataReader.IsDBNull(22) ? default(DateTime?) : (DateTime?)dataReader.GetDateTime(22);
                                          (instance is IInjectableService) ? ((IInjectableService)instance).Injected(
                                              context: materializationContext2.Context, 
                                              entity: instance, 
                                              queryTrackingBehavior: NoTracking, 
                                              structuralType: [LIFTABLE Constant: EntityType: User | Resolver: namelessParameter{8} => namelessParameter{8}.Dependencies.Model.FindEntityType("EduConnect.Domain.Entities.User")]) : default(void);
                                          return instance;
                                      }}
                              default: 
                                  default(User)
                          }
                          ;
                          return instance2;
                      } : 
                      {
                          object[] keyValues2;
                          keyValues2 = new object[]{ (object)dataReader.GetGuid(8) };
                          return ShapedQueryCompilingExpressionVisitor.CreateNullKeyValueInNoTrackingQuery(
                              entityType: [LIFTABLE Constant: EntityType: User | Resolver: namelessParameter{9} => namelessParameter{9}.Dependencies.Model.FindEntityType("EduConnect.Domain.Entities.User")], 
                              properties: [LIFTABLE Constant: List<RuntimeProperty> { Property: User.Id (Guid) Required PK AfterSave:Throw ValueGenerated.OnAdd } | Resolver: c => c.Dependencies.Model.FindEntityType("EduConnect.Domain.Entities.User").FindPrimaryKey().Properties], 
                              keyValues: keyValues2);
                      };
                      return instance2;
                  };
                  entity = 
                  {
                      MaterializationContext materializationContext3;
                      IEntityType entityType3;
                      StudentProfile instance3;
                      materializationContext3 = new MaterializationContext(
                          [LIFTABLE Constant: ValueBuffer | Resolver: _ => (object)ValueBuffer.Empty], 
                          queryContext.Context
                      );
                      instance3 = default(StudentProfile);
                      dataReader.IsDBNull(23) ? default(object) : (object)dataReader.GetGuid(23) != null ? 
                      {
                          ISnapshot shadowSnapshot3;
                          shadowSnapshot3 = [LIFTABLE Constant: Snapshot | Resolver: _ => Snapshot.Empty];
                          entityType3 = [LIFTABLE Constant: EntityType: StudentProfile | Resolver: namelessParameter{10} => namelessParameter{10}.Dependencies.Model.FindEntityType("EduConnect.Domain.Entities.StudentProfile")];
                          instance3 = switch (entityType3)
                          {
                              case [LIFTABLE Constant: EntityType: StudentProfile | Resolver: namelessParameter{11} => namelessParameter{11}.Dependencies.Model.FindEntityType("EduConnect.Domain.Entities.StudentProfile")]: 
                                  {
                                      return 
                                      {
                                          StudentProfile instance;
                                          instance = new StudentProfile();
                                          instance.<Id>k__BackingField = dataReader.IsDBNull(23) ? default(Guid) : dataReader.GetGuid(23);
                                          instance.<AvatarUrl>k__BackingField = dataReader.IsDBNull(24) ? default(string) : (string)dataReader.GetFieldValue<object>(24);
                                          instance.<Bio>k__BackingField = dataReader.IsDBNull(25) ? default(string) : (string)dataReader.GetFieldValue<object>(25);
                                          instance.<CoverImageUrl>k__BackingField = dataReader.IsDBNull(26) ? default(string) : (string)dataReader.GetFieldValue<object>(26);
                                          instance.<CreatedAtUtc>k__BackingField = dataReader.IsDBNull(27) ? default(DateTime) : dataReader.GetDateTime(27);
                                          instance.<Department>k__BackingField = dataReader.IsDBNull(28) ? default(string) : (string)dataReader.GetFieldValue<object>(28);
                                          instance.<UpdatedAtUtc>k__BackingField = dataReader.IsDBNull(29) ? default(DateTime?) : (DateTime?)dataReader.GetDateTime(29);
                                          instance.<UserId>k__BackingField = dataReader.IsDBNull(30) ? default(Guid) : dataReader.GetGuid(30);
                                          instance.<Year>k__BackingField = dataReader.IsDBNull(31) ? default(int) : dataReader.GetInt32(31);
                                          (instance is IInjectableService) ? ((IInjectableService)instance).Injected(
                                              context: materializationContext3.Context, 
                                              entity: instance, 
                                              queryTrackingBehavior: NoTracking, 
                                              structuralType: [LIFTABLE Constant: EntityType: StudentProfile | Resolver: namelessParameter{12} => namelessParameter{12}.Dependencies.Model.FindEntityType("EduConnect.Domain.Entities.StudentProfile")]) : default(void);
                                          return instance;
                                      }}
                              default: 
                                  default(StudentProfile)
                          }
                          ;
                          return instance3;
                      } : default(void);
                      return instance3;
                  };
                  entity = 
                  {
                      MaterializationContext materializationContext4;
                      IEntityType entityType4;
                      Group instance4;
                      materializationContext4 = new MaterializationContext(
                          [LIFTABLE Constant: ValueBuffer | Resolver: _ => (object)ValueBuffer.Empty], 
                          queryContext.Context
                      );
                      instance4 = default(Group);
                      dataReader.IsDBNull(32) ? default(object) : (object)dataReader.GetGuid(32) != null ? 
                      {
                          ISnapshot shadowSnapshot4;
                          shadowSnapshot4 = [LIFTABLE Constant: Snapshot | Resolver: _ => Snapshot.Empty];
                          entityType4 = [LIFTABLE Constant: EntityType: Group | Resolver: namelessParameter{13} => namelessParameter{13}.Dependencies.Model.FindEntityType("EduConnect.Domain.Entities.Group")];
                          instance4 = switch (entityType4)
                          {
                              case [LIFTABLE Constant: EntityType: Group | Resolver: namelessParameter{14} => namelessParameter{14}.Dependencies.Model.FindEntityType("EduConnect.Domain.Entities.Group")]: 
                                  {
                                      return 
                                      {
                                          Group instance;
                                          instance = new Group();
                                          instance.<Id>k__BackingField = dataReader.IsDBNull(32) ? default(Guid) : dataReader.GetGuid(32);
                                          instance.<AvatarUrl>k__BackingField = dataReader.IsDBNull(33) ? default(string) : (string)dataReader.GetFieldValue<object>(33);
                                          instance.<BannerUrl>k__BackingField = dataReader.IsDBNull(34) ? default(string) : (string)dataReader.GetFieldValue<object>(34);
                                          instance.<Category>k__BackingField = dataReader.IsDBNull(35) ? default(string) : (string)dataReader.GetFieldValue<object>(35);
                                          instance.<CreatedAtUtc>k__BackingField = dataReader.IsDBNull(36) ? default(DateTime) : dataReader.GetDateTime(36);
                                          instance.<CreatorUserId>k__BackingField = dataReader.IsDBNull(37) ? default(Guid) : dataReader.GetGuid(37);
                                          instance.<Description>k__BackingField = dataReader.IsDBNull(38) ? default(string) : (string)dataReader.GetFieldValue<object>(38);
                                          instance.<Name>k__BackingField = dataReader.IsDBNull(39) ? default(string) : (string)dataReader.GetFieldValue<object>(39);
                                          instance.<ShortDescription>k__BackingField = dataReader.IsDBNull(40) ? default(string) : (string)dataReader.GetFieldValue<object>(40);
                                          instance.<Slug>k__BackingField = dataReader.IsDBNull(41) ? default(string) : (string)dataReader.GetFieldValue<object>(41);
                                          instance.<UpdatedAtUtc>k__BackingField = dataReader.IsDBNull(42) ? default(DateTime?) : (DateTime?)dataReader.GetDateTime(42);
                                          (instance is IInjectableService) ? ((IInjectableService)instance).Injected(
                                              context: materializationContext4.Context, 
                                              entity: instance, 
                                              queryTrackingBehavior: NoTracking, 
                                              structuralType: [LIFTABLE Constant: EntityType: Group | Resolver: namelessParameter{15} => namelessParameter{15}.Dependencies.Model.FindEntityType("EduConnect.Domain.Entities.Group")]) : default(void);
                                          return instance;
                                      }}
                              default: 
                                  default(Group)
                          }
                          ;
                          return instance4;
                      } : default(void);
                      return instance4;
                  };
                  resultContext.Values = new object[]
                  { 
                      entity, 
                      entity, 
                      entity, 
                      entity 
                  };
                  ShaperProcessingExpressionVisitor.IncludeReference<User, User, StudentProfile>(
                      queryContext: queryContext, 
                      entity: (User)(resultContext.Values[1]), 
                      relatedEntity: (StudentProfile)(resultContext.Values[2]), 
                      navigation: [LIFTABLE Constant: Navigation: User.StudentProfile (StudentProfile) Optional ToDependent StudentProfile Inverse: User | Resolver: namelessParameter{16} => namelessParameter{16}.Dependencies.Model.FindEntityType("EduConnect.Domain.Entities.User").FindNavigation("StudentProfile")], 
                      inverseNavigation: [LIFTABLE Constant: Navigation: StudentProfile.User (User) Required ToPrincipal User Inverse: StudentProfile | Resolver: namelessParameter{17} => namelessParameter{17}.Dependencies.Model.FindEntityType("EduConnect.Domain.Entities.StudentProfile").FindNavigation("User")], 
                      fixup: (namelessParameter{18}, namelessParameter{19}) => 
                      {
                          namelessParameter{18}.<StudentProfile>k__BackingField = namelessParameter{19};
                          return namelessParameter{19}.<User>k__BackingField = namelessParameter{18};
                      }, 
                      trackingQuery: False);
                  ShaperProcessingExpressionVisitor.IncludeReference<Post, Post, User>(
                      queryContext: queryContext, 
                      entity: (Post)(resultContext.Values[0]), 
                      relatedEntity: (User)(resultContext.Values[1]), 
                      navigation: [LIFTABLE Constant: Navigation: Post.User (User) Required ToPrincipal User Inverse: Posts | Resolver: namelessParameter{20} => namelessParameter{20}.Dependencies.Model.FindEntityType("EduConnect.Domain.Entities.Post").FindNavigation("User")], 
                      inverseNavigation: [LIFTABLE Constant: Navigation: User.Posts (ICollection<Post>) Collection ToDependent Post Inverse: User | Resolver: namelessParameter{21} => namelessParameter{21}.Dependencies.Model.FindEntityType("EduConnect.Domain.Entities.User").FindNavigation("Posts")], 
                      fixup: (namelessParameter{22}, namelessParameter{23}) => 
                      {
                          namelessParameter{22}.<User>k__BackingField = namelessParameter{23};
                          return [LIFTABLE Constant: ClrCollectionAccessor<User, ICollection<Post>, Post> | Resolver: namelessParameter{24} => namelessParameter{24}.Dependencies.Model.FindEntityType("EduConnect.Domain.Entities.User").FindNavigation("Posts").GetCollectionAccessor()].Add(
                              entity: namelessParameter{23}, 
                              value: namelessParameter{22}, 
                              forMaterialization: True);
                      }, 
                      trackingQuery: False);
                  ShaperProcessingExpressionVisitor.IncludeReference<Post, Post, Group>(
                      queryContext: queryContext, 
                      entity: (Post)(resultContext.Values[0]), 
                      relatedEntity: (Group)(resultContext.Values[3]), 
                      navigation: [LIFTABLE Constant: Navigation: Post.Group (Group) Optional ToPrincipal Group Inverse: Posts | Resolver: namelessParameter{25} => namelessParameter{25}.Dependencies.Model.FindEntityType("EduConnect.Domain.Entities.Post").FindNavigation("Group")], 
                      inverseNavigation: [LIFTABLE Constant: Navigation: Group.Posts (ICollection<Post>) Collection ToDependent Post Inverse: Group | Resolver: namelessParameter{26} => namelessParameter{26}.Dependencies.Model.FindEntityType("EduConnect.Domain.Entities.Group").FindNavigation("Posts")], 
                      fixup: (namelessParameter{27}, namelessParameter{28}) => 
                      {
                          namelessParameter{27}.<Group>k__BackingField = namelessParameter{28};
                          return [LIFTABLE Constant: ClrCollectionAccessor<Group, ICollection<Post>, Post> | Resolver: namelessParameter{29} => namelessParameter{29}.Dependencies.Model.FindEntityType("EduConnect.Domain.Entities.Group").FindNavigation("Posts").GetCollectionAccessor()].Add(
                              entity: namelessParameter{28}, 
                              value: namelessParameter{27}, 
                              forMaterialization: True);
                      }, 
                      trackingQuery: False);
                  ShaperProcessingExpressionVisitor.InitializeSplitIncludeCollection<Post, Post>(
                      collectionId: 0, 
                      queryContext: queryContext, 
                      parentDataReader: dataReader, 
                      resultCoordinator: resultCoordinator, 
                      entity: (Post)(resultContext.Values[0]), 
                      parentIdentifier: [LIFTABLE Constant: Func<QueryContext, DbDataReader, object[]> | Resolver: _ => (queryContext, dataReader) => new object[]
                      { 
                          (object)(Guid?)dataReader.GetGuid(0), 
                          (object)(Guid?)dataReader.GetGuid(8), 
                          (object)dataReader.IsDBNull(23) ? default(Guid?) : (Guid?)dataReader.GetGuid(23), 
                          (object)dataReader.IsDBNull(32) ? default(Guid?) : (Guid?)dataReader.GetGuid(32) 
                      }], 
                      navigation: [LIFTABLE Constant: Navigation: Post.Likes (ICollection<PostLike>) Collection ToDependent PostLike Inverse: Post | Resolver: namelessParameter{30} => namelessParameter{30}.Dependencies.Model.FindEntityType("EduConnect.Domain.Entities.Post").FindNavigation("Likes")], 
                      clrCollectionAccessor: [LIFTABLE Constant: ClrCollectionAccessor<Post, ICollection<PostLike>, PostLike> | Resolver: namelessParameter{31} => namelessParameter{31}.Dependencies.Model.FindEntityType("EduConnect.Domain.Entities.Post").FindNavigation("Likes").GetCollectionAccessor()], 
                      trackingQuery: False, 
                      setLoaded: True);
                  ShaperProcessingExpressionVisitor.InitializeSplitIncludeCollection<Post, Post>(
                      collectionId: 1, 
                      queryContext: queryContext, 
                      parentDataReader: dataReader, 
                      resultCoordinator: resultCoordinator, 
                      entity: (Post)(resultContext.Values[0]), 
                      parentIdentifier: [LIFTABLE Constant: Func<QueryContext, DbDataReader, object[]> | Resolver: _ => (queryContext, dataReader) => new object[]
                      { 
                          (object)(Guid?)dataReader.GetGuid(0), 
                          (object)(Guid?)dataReader.GetGuid(8), 
                          (object)dataReader.IsDBNull(23) ? default(Guid?) : (Guid?)dataReader.GetGuid(23), 
                          (object)dataReader.IsDBNull(32) ? default(Guid?) : (Guid?)dataReader.GetGuid(32) 
                      }], 
                      navigation: [LIFTABLE Constant: Navigation: Post.Comments (ICollection<PostComment>) Collection ToDependent PostComment Inverse: Post | Resolver: namelessParameter{32} => namelessParameter{32}.Dependencies.Model.FindEntityType("EduConnect.Domain.Entities.Post").FindNavigation("Comments")], 
                      clrCollectionAccessor: [LIFTABLE Constant: ClrCollectionAccessor<Post, ICollection<PostComment>, PostComment> | Resolver: namelessParameter{33} => namelessParameter{33}.Dependencies.Model.FindEntityType("EduConnect.Domain.Entities.Post").FindNavigation("Comments").GetCollectionAccessor()], 
                      trackingQuery: False, 
                      setLoaded: True);
                  ShaperProcessingExpressionVisitor.InitializeSplitIncludeCollection<Post, Post>(
                      collectionId: 2, 
                      queryContext: queryContext, 
                      parentDataReader: dataReader, 
                      resultCoordinator: resultCoordinator, 
                      entity: (Post)(resultContext.Values[0]), 
                      parentIdentifier: [LIFTABLE Constant: Func<QueryContext, DbDataReader, object[]> | Resolver: _ => (queryContext, dataReader) => new object[]
                      { 
                          (object)(Guid?)dataReader.GetGuid(0), 
                          (object)(Guid?)dataReader.GetGuid(8), 
                          (object)dataReader.IsDBNull(23) ? default(Guid?) : (Guid?)dataReader.GetGuid(23), 
                          (object)dataReader.IsDBNull(32) ? default(Guid?) : (Guid?)dataReader.GetGuid(32) 
                      }], 
                      navigation: [LIFTABLE Constant: Navigation: Post.Bookmarks (ICollection<PostBookmark>) Collection ToDependent PostBookmark Inverse: Post | Resolver: namelessParameter{34} => namelessParameter{34}.Dependencies.Model.FindEntityType("EduConnect.Domain.Entities.Post").FindNavigation("Bookmarks")], 
                      clrCollectionAccessor: [LIFTABLE Constant: ClrCollectionAccessor<Post, ICollection<PostBookmark>, PostBookmark> | Resolver: namelessParameter{35} => namelessParameter{35}.Dependencies.Model.FindEntityType("EduConnect.Domain.Entities.Post").FindNavigation("Bookmarks").GetCollectionAccessor()], 
                      trackingQuery: False, 
                      setLoaded: True);
                  ShaperProcessingExpressionVisitor.InitializeSplitIncludeCollection<Post, Post>(
                      collectionId: 3, 
                      queryContext: queryContext, 
                      parentDataReader: dataReader, 
                      resultCoordinator: resultCoordinator, 
                      entity: (Post)(resultContext.Values[0]), 
                      parentIdentifier: [LIFTABLE Constant: Func<QueryContext, DbDataReader, object[]> | Resolver: _ => (queryContext, dataReader) => new object[]
                      { 
                          (object)(Guid?)dataReader.GetGuid(0), 
                          (object)(Guid?)dataReader.GetGuid(8), 
                          (object)dataReader.IsDBNull(23) ? default(Guid?) : (Guid?)dataReader.GetGuid(23), 
                          (object)dataReader.IsDBNull(32) ? default(Guid?) : (Guid?)dataReader.GetGuid(32) 
                      }], 
                      navigation: [LIFTABLE Constant: Navigation: Post.Views (ICollection<PostView>) Collection ToDependent PostView Inverse: Post | Resolver: namelessParameter{36} => namelessParameter{36}.Dependencies.Model.FindEntityType("EduConnect.Domain.Entities.Post").FindNavigation("Views")], 
                      clrCollectionAccessor: [LIFTABLE Constant: ClrCollectionAccessor<Post, ICollection<PostView>, PostView> | Resolver: namelessParameter{37} => namelessParameter{37}.Dependencies.Model.FindEntityType("EduConnect.Domain.Entities.Post").FindNavigation("Views").GetCollectionAccessor()], 
                      trackingQuery: False, 
                      setLoaded: True);
                  return } : (Post)(resultContext.Values[0]), 
              relatedDataLoaders: null, 
              relatedDataLoadersAsync: (queryContext, executionStrategy, resultCoordinator) => ShaperProcessingExpressionVisitor.TaskAwaiter(new Func<Task>[]
              { 
                  () => ShaperProcessingExpressionVisitor.PopulateSplitIncludeCollectionAsync<Post, PostLike>(
                      collectionId: 0, 
                      queryContext: (RelationalQueryContext)queryContext, 
                      executionStrategy: executionStrategy, 
                      relationalCommandResolver: parameters => [LIFTABLE Constant: RelationalCommandCache.QueryExpression(
                          Client Projections:
                              0 -> Dictionary<IPropertyBase, int> { [Property: PostLike.Id (Guid) Required PK AfterSave:Throw ValueGenerated.OnAdd, 0], [Property: PostLike.CreatedAtUtc (DateTime) Required, 1], [Property: PostLike.PostId (Guid) Required FK Index, 2], [Property: PostLike.UpdatedAtUtc (DateTime?), 3], [Property: PostLike.UserId (Guid) Required FK Index, 4] }
                              1 -> 5
                              2 -> 6
                              3 -> 7
                              4 -> 8
                          SELECT p0.Id, p0.CreatedAtUtc, p0.PostId, p0.UpdatedAtUtc, p0.UserId, s1.Id, s1.Id0, s1.Id1, s1.Id2
                          FROM 
                          (
                              SELECT TOP(1) p.Id, u.Id AS Id0, s.Id AS Id1, g.Id AS Id2
                              FROM Posts AS p
                              INNER JOIN Users AS u ON p.UserId == u.Id
                              LEFT JOIN StudentProfiles AS s ON u.Id == s.UserId
                              LEFT JOIN Groups AS g ON p.GroupId == g.Id
                              WHERE Not(p.IsDeleted) && (p.Id == @id)
                              ORDER BY p.Id ASC, u.Id ASC, s.Id ASC, g.Id ASC
                          ) AS s1
                          INNER JOIN PostLikes AS p0 ON s1.Id == p0.PostId
                          ORDER BY s1.Id ASC, s1.Id0 ASC, s1.Id1 ASC, s1.Id2 ASC) | Resolver: c => new RelationalCommandCache(
                          c.Dependencies.MemoryCache, 
                          c.RelationalDependencies.QuerySqlGeneratorFactory, 
                          c.RelationalDependencies.RelationalParameterBasedSqlProcessorFactory, 
                          Client Projections:
                              0 -> Dictionary<IPropertyBase, int> { [Property: PostLike.Id (Guid) Required PK AfterSave:Throw ValueGenerated.OnAdd, 0], [Property: PostLike.CreatedAtUtc (DateTime) Required, 1], [Property: PostLike.PostId (Guid) Required FK Index, 2], [Property: PostLike.UpdatedAtUtc (DateTime?), 3], [Property: PostLike.UserId (Guid) Required FK Index, 4] }
                              1 -> 5
                              2 -> 6
                              3 -> 7
                              4 -> 8
                          SELECT p0.Id, p0.CreatedAtUtc, p0.PostId, p0.UpdatedAtUtc, p0.UserId, s1.Id, s1.Id0, s1.Id1, s1.Id2
                          FROM 
                          (
                              SELECT TOP(1) p.Id, u.Id AS Id0, s.Id AS Id1, g.Id AS Id2
                              FROM Posts AS p
                              INNER JOIN Users AS u ON p.UserId == u.Id
                              LEFT JOIN StudentProfiles AS s ON u.Id == s.UserId
                              LEFT JOIN Groups AS g ON p.GroupId == g.Id
                              WHERE Not(p.IsDeleted) && (p.Id == @id)
                              ORDER BY p.Id ASC, u.Id ASC, s.Id ASC, g.Id ASC
                          ) AS s1
                          INNER JOIN PostLikes AS p0 ON s1.Id == p0.PostId
                          ORDER BY s1.Id ASC, s1.Id0 ASC, s1.Id1 ASC, s1.Id2 ASC, 
                          False, 
                          MultipleParameters
                      )].GetRelationalCommandTemplate(parameters), 
                      readerColumns: [LIFTABLE Constant: ReaderColumn[] { ReaderColumn<Guid>, ReaderColumn<DateTime>, ReaderColumn<Guid>, ReaderColumn<DateTime>, ReaderColumn<Guid>, ReaderColumn<Guid>, ReaderColumn<Guid>, ReaderColumn<Guid>, ReaderColumn<Guid> } | Resolver: namelessParameter{38} => new ReaderColumn[]
                      { 
                          new ReaderColumn<Guid>(
                              False, 
                              null, 
                              namelessParameter{38}.Dependencies.Model.FindEntityType("EduConnect.Domain.Entities.PostLike").FindProperty("Id"), 
                              (dataReader, indexMap) => dataReader.GetGuid(0)
                          ), 
                          new ReaderColumn<DateTime>(
                              False, 
                              null, 
                              namelessParameter{38}.Dependencies.Model.FindEntityType("EduConnect.Domain.Entities.PostLike").FindProperty("CreatedAtUtc"), 
                              (dataReader, indexMap) => dataReader.GetDateTime(1)
                          ), 
                          new ReaderColumn<Guid>(
                              False, 
                              null, 
                              namelessParameter{38}.Dependencies.Model.FindEntityType("EduConnect.Domain.Entities.PostLike").FindProperty("PostId"), 
                              (dataReader, indexMap) => dataReader.GetGuid(2)
                          ), 
                          new ReaderColumn<DateTime>(
                              True, 
                              null, 
                              namelessParameter{38}.Dependencies.Model.FindEntityType("EduConnect.Domain.Entities.PostLike").FindProperty("UpdatedAtUtc"), 
                              (dataReader, indexMap) => dataReader.GetDateTime(3)
                          ), 
                          new ReaderColumn<Guid>(
                              False, 
                              null, 
                              namelessParameter{38}.Dependencies.Model.FindEntityType("EduConnect.Domain.Entities.PostLike").FindProperty("UserId"), 
                              (dataReader, indexMap) => dataReader.GetGuid(4)
                          ), 
                          new ReaderColumn<Guid>(
                              False, 
                              null, 
                              default(IPropertyBase), 
                              (dataReader, indexMap) => dataReader.GetGuid(5)
                          ), 
                          new ReaderColumn<Guid>(
                              False, 
                              null, 
                              default(IPropertyBase), 
                              (dataReader, indexMap) => dataReader.GetGuid(6)
                          ), 
                          new ReaderColumn<Guid>(
                              True, 
                              null, 
                              default(IPropertyBase), 
                              (dataReader, indexMap) => dataReader.GetGuid(7)
                          ), 
                          new ReaderColumn<Guid>(
                              True, 
                              null, 
                              default(IPropertyBase), 
                              (dataReader, indexMap) => dataReader.GetGuid(8)
                          ) 
                      }], 
                      detailedErrorsEnabled: False, 
                      resultCoordinator: resultCoordinator, 
                      childIdentifier: [LIFTABLE Constant: Func<QueryContext, DbDataReader, object[]> | Resolver: _ => (queryContext, dataReader) => new object[]
                      { 
                          (object)(Guid?)dataReader.GetGuid(5), 
                          (object)(Guid?)dataReader.GetGuid(6), 
                          (object)dataReader.IsDBNull(7) ? default(Guid?) : (Guid?)dataReader.GetGuid(7), 
                          (object)dataReader.IsDBNull(8) ? default(Guid?) : (Guid?)dataReader.GetGuid(8) 
                      }], 
                      identifierValueComparers: [LIFTABLE Constant: Func<object, object, bool>[] { Func<object, object, bool>, Func<object, object, bool>, Func<object, object, bool>, Func<object, object, bool> } | Resolver: _ => new Func<object, object, bool>[]
                      { 
                          (left, right) => left == null ? right == null : right != null && (Guid)left == (Guid)right, 
                          (left, right) => left == null ? right == null : right != null && (Guid)left == (Guid)right, 
                          (left, right) => left == null ? right == null : right != null && (Guid)left == (Guid)right, 
                          (left, right) => left == null ? right == null : right != null && (Guid)left == (Guid)right 
                      }], 
                      innerShaper: (queryContext, dataReader, resultContext, resultCoordinator) => 
                      {
                          PostLike entity;
                          entity = 
                          {
                              MaterializationContext materializationContext5;
                              IEntityType entityType5;
                              PostLike instance5;
                              materializationContext5 = new MaterializationContext(
                                  [LIFTABLE Constant: ValueBuffer | Resolver: _ => (object)ValueBuffer.Empty], 
                                  queryContext.Context
                              );
                              instance5 = default(PostLike);
                              (object)dataReader.GetGuid(0) != null ? 
                              {
                                  ISnapshot shadowSnapshot5;
                                  shadowSnapshot5 = [LIFTABLE Constant: Snapshot | Resolver: _ => Snapshot.Empty];
                                  entityType5 = [LIFTABLE Constant: EntityType: PostLike | Resolver: namelessParameter{39} => namelessParameter{39}.Dependencies.Model.FindEntityType("EduConnect.Domain.Entities.PostLike")];
                                  instance5 = switch (entityType5)
                                  {
                                      case [LIFTABLE Constant: EntityType: PostLike | Resolver: namelessParameter{40} => namelessParameter{40}.Dependencies.Model.FindEntityType("EduConnect.Domain.Entities.PostLike")]: 
                                          {
                                              return 
                                              {
                                                  PostLike instance;
                                                  instance = new PostLike();
                                                  instance.<Id>k__BackingField = dataReader.GetGuid(0);
                                                  instance.<CreatedAtUtc>k__BackingField = dataReader.GetDateTime(1);
                                                  instance.<PostId>k__BackingField = dataReader.GetGuid(2);
                                                  instance.<UpdatedAtUtc>k__BackingField = dataReader.IsDBNull(3) ? default(DateTime?) : (DateTime?)dataReader.GetDateTime(3);
                                                  instance.<UserId>k__BackingField = dataReader.GetGuid(4);
                                                  (instance is IInjectableService) ? ((IInjectableService)instance).Injected(
                                                      context: materializationContext5.Context, 
                                                      entity: instance, 
                                                      queryTrackingBehavior: NoTracking, 
                                                      structuralType: [LIFTABLE Constant: EntityType: PostLike | Resolver: namelessParameter{41} => namelessParameter{41}.Dependencies.Model.FindEntityType("EduConnect.Domain.Entities.PostLike")]) : default(void);
                                                  return instance;
                                              }}
                                      default: 
                                          default(PostLike)
                                  }
                                  ;
                                  return instance5;
                              } : 
                              {
                                  object[] keyValues5;
                                  keyValues5 = new object[]{ (object)dataReader.GetGuid(0) };
                                  return ShapedQueryCompilingExpressionVisitor.CreateNullKeyValueInNoTrackingQuery(
                                      entityType: [LIFTABLE Constant: EntityType: PostLike | Resolver: namelessParameter{42} => namelessParameter{42}.Dependencies.Model.FindEntityType("EduConnect.Domain.Entities.PostLike")], 
                                      properties: [LIFTABLE Constant: List<RuntimeProperty> { Property: PostLike.Id (Guid) Required PK AfterSave:Throw ValueGenerated.OnAdd } | Resolver: c => c.Dependencies.Model.FindEntityType("EduConnect.Domain.Entities.PostLike").FindPrimaryKey().Properties], 
                                      keyValues: keyValues5);
                              };
                              return instance5;
                          };
                          return entity;
                      }, 
                      relatedDataLoaders: null, 
                      inverseNavigation: [LIFTABLE Constant: Navigation: PostLike.Post (Post) Required ToPrincipal Post Inverse: Likes | Resolver: namelessParameter{43} => namelessParameter{43}.Dependencies.Model.FindEntityType("EduConnect.Domain.Entities.PostLike").FindNavigation("Post")], 
                      fixup: (namelessParameter{44}, namelessParameter{45}) => 
                      {
                          [LIFTABLE Constant: ClrCollectionAccessor<Post, ICollection<PostLike>, PostLike> | Resolver: namelessParameter{46} => namelessParameter{46}.Dependencies.Model.FindEntityType("EduConnect.Domain.Entities.Post").FindNavigation("Likes").GetCollectionAccessor()].Add(
                              entity: namelessParameter{44}, 
                              value: namelessParameter{45}, 
                              forMaterialization: True);
                          return namelessParameter{45}.<Post>k__BackingField = namelessParameter{44};
                      }, 
                      trackingQuery: False), 
                  () => ShaperProcessingExpressionVisitor.PopulateSplitIncludeCollectionAsync<Post, PostComment>(
                      collectionId: 1, 
                      queryContext: (RelationalQueryContext)queryContext, 
                      executionStrategy: executionStrategy, 
                      relationalCommandResolver: parameters => [LIFTABLE Constant: RelationalCommandCache.QueryExpression(
                          Client Projections:
                              0 -> Dictionary<IPropertyBase, int> { [Property: PostComment.Id (Guid) Required PK AfterSave:Throw ValueGenerated.OnAdd, 0], [Property: PostComment.Content (string) Required MaxLength(500), 1], [Property: PostComment.CreatedAtUtc (DateTime) Required, 2], [Property: PostComment.PostId (Guid) Required FK Index, 3], [Property: PostComment.UpdatedAtUtc (DateTime?), 4], [Property: PostComment.UserId (Guid) Required FK Index, 5] }
                              1 -> Dictionary<IPropertyBase, int> { [Property: User.Id (Guid) Required PK AfterSave:Throw ValueGenerated.OnAdd, 6], [Property: User.CreatedAtUtc (DateTime) Required, 7], [Property: User.Email (string) Required Index MaxLength(200), 8], [Property: User.EmailVerificationAttemptCount (int) Required, 9], [Property: User.EmailVerificationCodeHash (string) MaxLength(500), 10], [Property: User.EmailVerificationExpiresAtUtc (DateTime?), 11], [Property: User.EmailVerificationSentAtUtc (DateTime?), 12], [Property: User.EmailVerifiedAtUtc (DateTime?), 13], [Property: User.FullName (string) Required MaxLength(150), 14], [Property: User.IsActive (bool) Required, 15], [Property: User.PasswordHash (string) Required MaxLength(1000), 16], [Property: User.Role (UserRole) Required, 17], [Property: User.TwoFactorEnabled (bool) Required, 18], [Property: User.UniversityId (Guid?) FK Index, 19], [Property: User.UpdatedAtUtc (DateTime?), 20] }
                              2 -> Dictionary<IPropertyBase, int> { [Property: StudentProfile.Id (Guid) Required PK AfterSave:Throw ValueGenerated.OnAdd, 21], [Property: StudentProfile.AvatarUrl (string) MaxLength(500), 22], [Property: StudentProfile.Bio (string) MaxLength(500), 23], [Property: StudentProfile.CoverImageUrl (string) MaxLength(500), 24], [Property: StudentProfile.CreatedAtUtc (DateTime) Required, 25], [Property: StudentProfile.Department (string) Required MaxLength(150), 26], [Property: StudentProfile.UpdatedAtUtc (DateTime?), 27], [Property: StudentProfile.UserId (Guid) Required FK Index, 28], [Property: StudentProfile.Year (int) Required, 29] }
                              3 -> 30
                              4 -> 31
                              5 -> 32
                              6 -> 33
                          SELECT s3.Id, s3.Content, s3.CreatedAtUtc, s3.PostId, s3.UpdatedAtUtc, s3.UserId, s3.Id0, s3.CreatedAtUtc0, s3.Email, s3.EmailVerificationAttemptCount, s3.EmailVerificationCodeHash, s3.EmailVerificationExpiresAtUtc, s3.EmailVerificationSentAtUtc, s3.EmailVerifiedAtUtc, s3.FullName, s3.IsActive, s3.PasswordHash, s3.Role, s3.TwoFactorEnabled, s3.UniversityId, s3.UpdatedAtUtc0, s3.Id1, s3.AvatarUrl, s3.Bio, s3.CoverImageUrl, s3.CreatedAtUtc1, s3.Department, s3.UpdatedAtUtc1, s3.UserId0, s3.Year, s2.Id, s2.Id0, s2.Id1, s2.Id2
                          FROM 
                          (
                              SELECT TOP(1) p.Id, u.Id AS Id0, s.Id AS Id1, g.Id AS Id2
                              FROM Posts AS p
                              INNER JOIN Users AS u ON p.UserId == u.Id
                              LEFT JOIN StudentProfiles AS s ON u.Id == s.UserId
                              LEFT JOIN Groups AS g ON p.GroupId == g.Id
                              WHERE Not(p.IsDeleted) && (p.Id == @id)
                              ORDER BY p.Id ASC, u.Id ASC, s.Id ASC, g.Id ASC
                          ) AS s2
                          INNER JOIN 
                          (
                              SELECT p1.Id, p1.Content, p1.CreatedAtUtc, p1.PostId, p1.UpdatedAtUtc, p1.UserId, u0.Id AS Id0, u0.CreatedAtUtc AS CreatedAtUtc0, u0.Email, u0.EmailVerificationAttemptCount, u0.EmailVerificationCodeHash, u0.EmailVerificationExpiresAtUtc, u0.EmailVerificationSentAtUtc, u0.EmailVerifiedAtUtc, u0.FullName, u0.IsActive, u0.PasswordHash, u0.Role, u0.TwoFactorEnabled, u0.UniversityId, u0.UpdatedAtUtc AS UpdatedAtUtc0, s0.Id AS Id1, s0.AvatarUrl, s0.Bio, s0.CoverImageUrl, s0.CreatedAtUtc AS CreatedAtUtc1, s0.Department, s0.UpdatedAtUtc AS UpdatedAtUtc1, s0.UserId AS UserId0, s0.Year
                              FROM PostComments AS p1
                              INNER JOIN Users AS u0 ON p1.UserId == u0.Id
                              LEFT JOIN StudentProfiles AS s0 ON u0.Id == s0.UserId
                          ) AS s3 ON s2.Id == s3.PostId
                          ORDER BY s2.Id ASC, s2.Id0 ASC, s2.Id1 ASC, s2.Id2 ASC) | Resolver: c => new RelationalCommandCache(
                          c.Dependencies.MemoryCache, 
                          c.RelationalDependencies.QuerySqlGeneratorFactory, 
                          c.RelationalDependencies.RelationalParameterBasedSqlProcessorFactory, 
                          Client Projections:
                              0 -> Dictionary<IPropertyBase, int> { [Property: PostComment.Id (Guid) Required PK AfterSave:Throw ValueGenerated.OnAdd, 0], [Property: PostComment.Content (string) Required MaxLength(500), 1], [Property: PostComment.CreatedAtUtc (DateTime) Required, 2], [Property: PostComment.PostId (Guid) Required FK Index, 3], [Property: PostComment.UpdatedAtUtc (DateTime?), 4], [Property: PostComment.UserId (Guid) Required FK Index, 5] }
                              1 -> Dictionary<IPropertyBase, int> { [Property: User.Id (Guid) Required PK AfterSave:Throw ValueGenerated.OnAdd, 6], [Property: User.CreatedAtUtc (DateTime) Required, 7], [Property: User.Email (string) Required Index MaxLength(200), 8], [Property: User.EmailVerificationAttemptCount (int) Required, 9], [Property: User.EmailVerificationCodeHash (string) MaxLength(500), 10], [Property: User.EmailVerificationExpiresAtUtc (DateTime?), 11], [Property: User.EmailVerificationSentAtUtc (DateTime?), 12], [Property: User.EmailVerifiedAtUtc (DateTime?), 13], [Property: User.FullName (string) Required MaxLength(150), 14], [Property: User.IsActive (bool) Required, 15], [Property: User.PasswordHash (string) Required MaxLength(1000), 16], [Property: User.Role (UserRole) Required, 17], [Property: User.TwoFactorEnabled (bool) Required, 18], [Property: User.UniversityId (Guid?) FK Index, 19], [Property: User.UpdatedAtUtc (DateTime?), 20] }
                              2 -> Dictionary<IPropertyBase, int> { [Property: StudentProfile.Id (Guid) Required PK AfterSave:Throw ValueGenerated.OnAdd, 21], [Property: StudentProfile.AvatarUrl (string) MaxLength(500), 22], [Property: StudentProfile.Bio (string) MaxLength(500), 23], [Property: StudentProfile.CoverImageUrl (string) MaxLength(500), 24], [Property: StudentProfile.CreatedAtUtc (DateTime) Required, 25], [Property: StudentProfile.Department (string) Required MaxLength(150), 26], [Property: StudentProfile.UpdatedAtUtc (DateTime?), 27], [Property: StudentProfile.UserId (Guid) Required FK Index, 28], [Property: StudentProfile.Year (int) Required, 29] }
                              3 -> 30
                              4 -> 31
                              5 -> 32
                              6 -> 33
                          SELECT s3.Id, s3.Content, s3.CreatedAtUtc, s3.PostId, s3.UpdatedAtUtc, s3.UserId, s3.Id0, s3.CreatedAtUtc0, s3.Email, s3.EmailVerificationAttemptCount, s3.EmailVerificationCodeHash, s3.EmailVerificationExpiresAtUtc, s3.EmailVerificationSentAtUtc, s3.EmailVerifiedAtUtc, s3.FullName, s3.IsActive, s3.PasswordHash, s3.Role, s3.TwoFactorEnabled, s3.UniversityId, s3.UpdatedAtUtc0, s3.Id1, s3.AvatarUrl, s3.Bio, s3.CoverImageUrl, s3.CreatedAtUtc1, s3.Department, s3.UpdatedAtUtc1, s3.UserId0, s3.Year, s2.Id, s2.Id0, s2.Id1, s2.Id2
                          FROM 
                          (
                              SELECT TOP(1) p.Id, u.Id AS Id0, s.Id AS Id1, g.Id AS Id2
                              FROM Posts AS p
                              INNER JOIN Users AS u ON p.UserId == u.Id
                              LEFT JOIN StudentProfiles AS s ON u.Id == s.UserId
                              LEFT JOIN Groups AS g ON p.GroupId == g.Id
                              WHERE Not(p.IsDeleted) && (p.Id == @id)
                              ORDER BY p.Id ASC, u.Id ASC, s.Id ASC, g.Id ASC
                          ) AS s2
                          INNER JOIN 
                          (
                              SELECT p1.Id, p1.Content, p1.CreatedAtUtc, p1.PostId, p1.UpdatedAtUtc, p1.UserId, u0.Id AS Id0, u0.CreatedAtUtc AS CreatedAtUtc0, u0.Email, u0.EmailVerificationAttemptCount, u0.EmailVerificationCodeHash, u0.EmailVerificationExpiresAtUtc, u0.EmailVerificationSentAtUtc, u0.EmailVerifiedAtUtc, u0.FullName, u0.IsActive, u0.PasswordHash, u0.Role, u0.TwoFactorEnabled, u0.UniversityId, u0.UpdatedAtUtc AS UpdatedAtUtc0, s0.Id AS Id1, s0.AvatarUrl, s0.Bio, s0.CoverImageUrl, s0.CreatedAtUtc AS CreatedAtUtc1, s0.Department, s0.UpdatedAtUtc AS UpdatedAtUtc1, s0.UserId AS UserId0, s0.Year
                              FROM PostComments AS p1
                              INNER JOIN Users AS u0 ON p1.UserId == u0.Id
                              LEFT JOIN StudentProfiles AS s0 ON u0.Id == s0.UserId
                          ) AS s3 ON s2.Id == s3.PostId
                          ORDER BY s2.Id ASC, s2.Id0 ASC, s2.Id1 ASC, s2.Id2 ASC, 
                          False, 
                          MultipleParameters
                      )].GetRelationalCommandTemplate(parameters), 
                      readerColumns: [LIFTABLE Constant: ReaderColumn[] { ReaderColumn<Guid>, ReaderColumn<object>, ReaderColumn<DateTime>, ReaderColumn<Guid>, ReaderColumn<DateTime>, ReaderColumn<Guid>, ReaderColumn<Guid>, ReaderColumn<DateTime>, ReaderColumn<object>, ReaderColumn<int>, ReaderColumn<object>, ReaderColumn<DateTime>, ReaderColumn<DateTime>, ReaderColumn<DateTime>, ReaderColumn<object>, ReaderColumn<bool>, ReaderColumn<object>, ReaderColumn<int>, ReaderColumn<bool>, ReaderColumn<Guid>, ReaderColumn<DateTime>, ReaderColumn<Guid>, ReaderColumn<object>, ReaderColumn<object>, ReaderColumn<object>, ReaderColumn<DateTime>, ReaderColumn<object>, ReaderColumn<DateTime>, ReaderColumn<Guid>, ReaderColumn<int>, ReaderColumn<Guid>, ReaderColumn<Guid>, ReaderColumn<Guid>, ReaderColumn<Guid> } | Resolver: namelessParameter{47} => new ReaderColumn[]
                      { 
                          new ReaderColumn<Guid>(
                              False, 
                              null, 
                              namelessParameter{47}.Dependencies.Model.FindEntityType("EduConnect.Domain.Entities.PostComment").FindProperty("Id"), 
                              (dataReader, indexMap) => dataReader.GetGuid(0)
                          ), 
                          new ReaderColumn<object>(
                              False, 
                              null, 
                              namelessParameter{47}.Dependencies.Model.FindEntityType("EduConnect.Domain.Entities.PostComment").FindProperty("Content"), 
                              (dataReader, indexMap) => (object)dataReader.GetString(1)
                          ), 
                          new ReaderColumn<DateTime>(
                              False, 
                              null, 
                              namelessParameter{47}.Dependencies.Model.FindEntityType("EduConnect.Domain.Entities.PostComment").FindProperty("CreatedAtUtc"), 
                              (dataReader, indexMap) => dataReader.GetDateTime(2)
                          ), 
                          new ReaderColumn<Guid>(
                              False, 
                              null, 
                              namelessParameter{47}.Dependencies.Model.FindEntityType("EduConnect.Domain.Entities.PostComment").FindProperty("PostId"), 
                              (dataReader, indexMap) => dataReader.GetGuid(3)
                          ), 
                          new ReaderColumn<DateTime>(
                              True, 
                              null, 
                              namelessParameter{47}.Dependencies.Model.FindEntityType("EduConnect.Domain.Entities.PostComment").FindProperty("UpdatedAtUtc"), 
                              (dataReader, indexMap) => dataReader.GetDateTime(4)
                          ), 
                          new ReaderColumn<Guid>(
                              False, 
                              null, 
                              namelessParameter{47}.Dependencies.Model.FindEntityType("EduConnect.Domain.Entities.PostComment").FindProperty("UserId"), 
                              (dataReader, indexMap) => dataReader.GetGuid(5)
                          ), 
                          new ReaderColumn<Guid>(
                              False, 
                              null, 
                              namelessParameter{47}.Dependencies.Model.FindEntityType("EduConnect.Domain.Entities.User").FindProperty("Id"), 
                              (dataReader, indexMap) => dataReader.GetGuid(6)
                          ), 
                          new ReaderColumn<DateTime>(
                              False, 
                              null, 
                              namelessParameter{47}.Dependencies.Model.FindEntityType("EduConnect.Domain.Entities.User").FindProperty("CreatedAtUtc"), 
                              (dataReader, indexMap) => dataReader.GetDateTime(7)
                          ), 
                          new ReaderColumn<object>(
                              False, 
                              null, 
                              namelessParameter{47}.Dependencies.Model.FindEntityType("EduConnect.Domain.Entities.User").FindProperty("Email"), 
                              (dataReader, indexMap) => (object)dataReader.GetString(8)
                          ), 
                          new ReaderColumn<int>(
                              False, 
                              null, 
                              namelessParameter{47}.Dependencies.Model.FindEntityType("EduConnect.Domain.Entities.User").FindProperty("EmailVerificationAttemptCount"), 
                              (dataReader, indexMap) => dataReader.GetInt32(9)
                          ), 
                          new ReaderColumn<object>(
                              True, 
                              null, 
                              namelessParameter{47}.Dependencies.Model.FindEntityType("EduConnect.Domain.Entities.User").FindProperty("EmailVerificationCodeHash"), 
                              (dataReader, indexMap) => (object)dataReader.GetString(10)
                          ), 
                          new ReaderColumn<DateTime>(
                              True, 
                              null, 
                              namelessParameter{47}.Dependencies.Model.FindEntityType("EduConnect.Domain.Entities.User").FindProperty("EmailVerificationExpiresAtUtc"), 
                              (dataReader, indexMap) => dataReader.GetDateTime(11)
                          ), 
                          new ReaderColumn<DateTime>(
                              True, 
                              null, 
                              namelessParameter{47}.Dependencies.Model.FindEntityType("EduConnect.Domain.Entities.User").FindProperty("EmailVerificationSentAtUtc"), 
                              (dataReader, indexMap) => dataReader.GetDateTime(12)
                          ), 
                          new ReaderColumn<DateTime>(
                              True, 
                              null, 
                              namelessParameter{47}.Dependencies.Model.FindEntityType("EduConnect.Domain.Entities.User").FindProperty("EmailVerifiedAtUtc"), 
                              (dataReader, indexMap) => dataReader.GetDateTime(13)
                          ), 
                          new ReaderColumn<object>(
                              False, 
                              null, 
                              namelessParameter{47}.Dependencies.Model.FindEntityType("EduConnect.Domain.Entities.User").FindProperty("FullName"), 
                              (dataReader, indexMap) => (object)dataReader.GetString(14)
                          ), 
                          new ReaderColumn<bool>(
                              False, 
                              null, 
                              namelessParameter{47}.Dependencies.Model.FindEntityType("EduConnect.Domain.Entities.User").FindProperty("IsActive"), 
                              (dataReader, indexMap) => dataReader.GetBoolean(15)
                          ), 
                          new ReaderColumn<object>(
                              False, 
                              null, 
                              namelessParameter{47}.Dependencies.Model.FindEntityType("EduConnect.Domain.Entities.User").FindProperty("PasswordHash"), 
                              (dataReader, indexMap) => (object)dataReader.GetString(16)
                          ), 
                          new ReaderColumn<int>(
                              False, 
                              null, 
                              namelessParameter{47}.Dependencies.Model.FindEntityType("EduConnect.Domain.Entities.User").FindProperty("Role"), 
                              (dataReader, indexMap) => dataReader.GetInt32(17)
                          ), 
                          new ReaderColumn<bool>(
                              False, 
                              null, 
                              namelessParameter{47}.Dependencies.Model.FindEntityType("EduConnect.Domain.Entities.User").FindProperty("TwoFactorEnabled"), 
                              (dataReader, indexMap) => dataReader.GetBoolean(18)
                          ), 
                          new ReaderColumn<Guid>(
                              True, 
                              null, 
                              namelessParameter{47}.Dependencies.Model.FindEntityType("EduConnect.Domain.Entities.User").FindProperty("UniversityId"), 
                              (dataReader, indexMap) => dataReader.GetGuid(19)
                          ), 
                          new ReaderColumn<DateTime>(
                              True, 
                              null, 
                              namelessParameter{47}.Dependencies.Model.FindEntityType("EduConnect.Domain.Entities.User").FindProperty("UpdatedAtUtc"), 
                              (dataReader, indexMap) => dataReader.GetDateTime(20)
                          ), 
                          new ReaderColumn<Guid>(
                              True, 
                              null, 
                              namelessParameter{47}.Dependencies.Model.FindEntityType("EduConnect.Domain.Entities.StudentProfile").FindProperty("Id"), 
                              (dataReader, indexMap) => dataReader.GetGuid(21)
                          ), 
                          new ReaderColumn<object>(
                              True, 
                              null, 
                              namelessParameter{47}.Dependencies.Model.FindEntityType("EduConnect.Domain.Entities.StudentProfile").FindProperty("AvatarUrl"), 
                              (dataReader, indexMap) => (object)dataReader.GetString(22)
                          ), 
                          new ReaderColumn<object>(
                              True, 
                              null, 
                              namelessParameter{47}.Dependencies.Model.FindEntityType("EduConnect.Domain.Entities.StudentProfile").FindProperty("Bio"), 
                              (dataReader, indexMap) => (object)dataReader.GetString(23)
                          ), 
                          new ReaderColumn<object>(
                              True, 
                              null, 
                              namelessParameter{47}.Dependencies.Model.FindEntityType("EduConnect.Domain.Entities.StudentProfile").FindProperty("CoverImageUrl"), 
                              (dataReader, indexMap) => (object)dataReader.GetString(24)
                          ), 
                          new ReaderColumn<DateTime>(
                              True, 
                              null, 
                              namelessParameter{47}.Dependencies.Model.FindEntityType("EduConnect.Domain.Entities.StudentProfile").FindProperty("CreatedAtUtc"), 
                              (dataReader, indexMap) => dataReader.GetDateTime(25)
                          ), 
                          new ReaderColumn<object>(
                              True, 
                              null, 
                              namelessParameter{47}.Dependencies.Model.FindEntityType("EduConnect.Domain.Entities.StudentProfile").FindProperty("Department"), 
                              (dataReader, indexMap) => (object)dataReader.GetString(26)
                          ), 
                          new ReaderColumn<DateTime>(
                              True, 
                              null, 
                              namelessParameter{47}.Dependencies.Model.FindEntityType("EduConnect.Domain.Entities.StudentProfile").FindProperty("UpdatedAtUtc"), 
                              (dataReader, indexMap) => dataReader.GetDateTime(27)
                          ), 
                          new ReaderColumn<Guid>(
                              True, 
                              null, 
                              namelessParameter{47}.Dependencies.Model.FindEntityType("EduConnect.Domain.Entities.StudentProfile").FindProperty("UserId"), 
                              (dataReader, indexMap) => dataReader.GetGuid(28)
                          ), 
                          new ReaderColumn<int>(
                              True, 
                              null, 
                              namelessParameter{47}.Dependencies.Model.FindEntityType("EduConnect.Domain.Entities.StudentProfile").FindProperty("Year"), 
                              (dataReader, indexMap) => dataReader.GetInt32(29)
                          ), 
                          new ReaderColumn<Guid>(
                              False, 
                              null, 
                              default(IPropertyBase), 
                              (dataReader, indexMap) => dataReader.GetGuid(30)
                          ), 
                          new ReaderColumn<Guid>(
                              False, 
                              null, 
                              default(IPropertyBase), 
                              (dataReader, indexMap) => dataReader.GetGuid(31)
                          ), 
                          new ReaderColumn<Guid>(
                              True, 
                              null, 
                              default(IPropertyBase), 
                              (dataReader, indexMap) => dataReader.GetGuid(32)
                          ), 
                          new ReaderColumn<Guid>(
                              True, 
                              null, 
                              default(IPropertyBase), 
                              (dataReader, indexMap) => dataReader.GetGuid(33)
                          ) 
                      }], 
                      detailedErrorsEnabled: False, 
                      resultCoordinator: resultCoordinator, 
                      childIdentifier: [LIFTABLE Constant: Func<QueryContext, DbDataReader, object[]> | Resolver: _ => (queryContext, dataReader) => new object[]
                      { 
                          (object)(Guid?)dataReader.GetGuid(30), 
                          (object)(Guid?)dataReader.GetGuid(31), 
                          (object)dataReader.IsDBNull(32) ? default(Guid?) : (Guid?)dataReader.GetGuid(32), 
                          (object)dataReader.IsDBNull(33) ? default(Guid?) : (Guid?)dataReader.GetGuid(33) 
                      }], 
                      identifierValueComparers: [LIFTABLE Constant: Func<object, object, bool>[] { Func<object, object, bool>, Func<object, object, bool>, Func<object, object, bool>, Func<object, object, bool> } | Resolver: _ => new Func<object, object, bool>[]
                      { 
                          (left, right) => left == null ? right == null : right != null && (Guid)left == (Guid)right, 
                          (left, right) => left == null ? right == null : right != null && (Guid)left == (Guid)right, 
                          (left, right) => left == null ? right == null : right != null && (Guid)left == (Guid)right, 
                          (left, right) => left == null ? right == null : right != null && (Guid)left == (Guid)right 
                      }], 
                      innerShaper: (queryContext, dataReader, resultContext, resultCoordinator) => 
                      {
                          PostComment entity;
                          User entity;
                          StudentProfile entity;
                          entity = 
                          {
                              MaterializationContext materializationContext6;
                              IEntityType entityType6;
                              PostComment instance6;
                              materializationContext6 = new MaterializationContext(
                                  [LIFTABLE Constant: ValueBuffer | Resolver: _ => (object)ValueBuffer.Empty], 
                                  queryContext.Context
                              );
                              instance6 = default(PostComment);
                              (object)dataReader.GetGuid(0) != null ? 
                              {
                                  ISnapshot shadowSnapshot6;
                                  shadowSnapshot6 = [LIFTABLE Constant: Snapshot | Resolver: _ => Snapshot.Empty];
                                  entityType6 = [LIFTABLE Constant: EntityType: PostComment | Resolver: namelessParameter{48} => namelessParameter{48}.Dependencies.Model.FindEntityType("EduConnect.Domain.Entities.PostComment")];
                                  instance6 = switch (entityType6)
                                  {
                                      case [LIFTABLE Constant: EntityType: PostComment | Resolver: namelessParameter{49} => namelessParameter{49}.Dependencies.Model.FindEntityType("EduConnect.Domain.Entities.PostComment")]: 
                                          {
                                              return 
                                              {
                                                  PostComment instance;
                                                  instance = new PostComment();
                                                  instance.<Id>k__BackingField = dataReader.GetGuid(0);
                                                  instance.<Content>k__BackingField = (string)dataReader.GetFieldValue<object>(1);
                                                  instance.<CreatedAtUtc>k__BackingField = dataReader.GetDateTime(2);
                                                  instance.<PostId>k__BackingField = dataReader.GetGuid(3);
                                                  instance.<UpdatedAtUtc>k__BackingField = dataReader.IsDBNull(4) ? default(DateTime?) : (DateTime?)dataReader.GetDateTime(4);
                                                  instance.<UserId>k__BackingField = dataReader.GetGuid(5);
                                                  (instance is IInjectableService) ? ((IInjectableService)instance).Injected(
                                                      context: materializationContext6.Context, 
                                                      entity: instance, 
                                                      queryTrackingBehavior: NoTracking, 
                                                      structuralType: [LIFTABLE Constant: EntityType: PostComment | Resolver: namelessParameter{50} => namelessParameter{50}.Dependencies.Model.FindEntityType("EduConnect.Domain.Entities.PostComment")]) : default(void);
                                                  return instance;
                                              }}
                                      default: 
                                          default(PostComment)
                                  }
                                  ;
                                  return instance6;
                              } : 
                              {
                                  object[] keyValues6;
                                  keyValues6 = new object[]{ (object)dataReader.GetGuid(0) };
                                  return ShapedQueryCompilingExpressionVisitor.CreateNullKeyValueInNoTrackingQuery(
                                      entityType: [LIFTABLE Constant: EntityType: PostComment | Resolver: namelessParameter{51} => namelessParameter{51}.Dependencies.Model.FindEntityType("EduConnect.Domain.Entities.PostComment")], 
                                      properties: [LIFTABLE Constant: List<RuntimeProperty> { Property: PostComment.Id (Guid) Required PK AfterSave:Throw ValueGenerated.OnAdd } | Resolver: c => c.Dependencies.Model.FindEntityType("EduConnect.Domain.Entities.PostComment").FindPrimaryKey().Properties], 
                                      keyValues: keyValues6);
                              };
                              return instance6;
                          };
                          entity = 
                          {
                              MaterializationContext materializationContext7;
                              IEntityType entityType7;
                              User instance7;
                              materializationContext7 = new MaterializationContext(
                                  [LIFTABLE Constant: ValueBuffer | Resolver: _ => (object)ValueBuffer.Empty], 
                                  queryContext.Context
                              );
                              instance7 = default(User);
                              (object)dataReader.GetGuid(6) != null ? 
                              {
                                  ISnapshot shadowSnapshot7;
                                  shadowSnapshot7 = [LIFTABLE Constant: Snapshot | Resolver: _ => Snapshot.Empty];
                                  entityType7 = [LIFTABLE Constant: EntityType: User | Resolver: namelessParameter{52} => namelessParameter{52}.Dependencies.Model.FindEntityType("EduConnect.Domain.Entities.User")];
                                  instance7 = switch (entityType7)
                                  {
                                      case [LIFTABLE Constant: EntityType: User | Resolver: namelessParameter{53} => namelessParameter{53}.Dependencies.Model.FindEntityType("EduConnect.Domain.Entities.User")]: 
                                          {
                                              return 
                                              {
                                                  User instance;
                                                  instance = new User();
                                                  instance.<Id>k__BackingField = dataReader.GetGuid(6);
                                                  instance.<CreatedAtUtc>k__BackingField = dataReader.GetDateTime(7);
                                                  instance.<Email>k__BackingField = (string)dataReader.GetFieldValue<object>(8);
                                                  instance.<EmailVerificationAttemptCount>k__BackingField = dataReader.GetInt32(9);
                                                  instance.<EmailVerificationCodeHash>k__BackingField = dataReader.IsDBNull(10) ? default(string) : (string)dataReader.GetFieldValue<object>(10);
                                                  instance.<EmailVerificationExpiresAtUtc>k__BackingField = dataReader.IsDBNull(11) ? default(DateTime?) : (DateTime?)dataReader.GetDateTime(11);
                                                  instance.<EmailVerificationSentAtUtc>k__BackingField = dataReader.IsDBNull(12) ? default(DateTime?) : (DateTime?)dataReader.GetDateTime(12);
                                                  instance.<EmailVerifiedAtUtc>k__BackingField = dataReader.IsDBNull(13) ? default(DateTime?) : (DateTime?)dataReader.GetDateTime(13);
                                                  instance.<FullName>k__BackingField = (string)dataReader.GetFieldValue<object>(14);
                                                  instance.<IsActive>k__BackingField = dataReader.GetBoolean(15);
                                                  instance.<PasswordHash>k__BackingField = (string)dataReader.GetFieldValue<object>(16);
                                                  instance.<Role>k__BackingField = Invoke(((EnumToNumberConverter<UserRole, int>)((IReadOnlyProperty)[LIFTABLE Constant: Property: User.Role (UserRole) Required | Resolver: namelessParameter{54} => namelessParameter{54}.Dependencies.Model.FindEntityType("EduConnect.Domain.Entities.User").FindProperty("Role")]).GetTypeMapping().Converter).ConvertFromProviderTyped, dataReader.GetInt32(17));
                                                  instance.<TwoFactorEnabled>k__BackingField = dataReader.GetBoolean(18);
                                                  instance.<UniversityId>k__BackingField = dataReader.IsDBNull(19) ? default(Guid?) : (Guid?)dataReader.GetGuid(19);
                                                  instance.<UpdatedAtUtc>k__BackingField = dataReader.IsDBNull(20) ? default(DateTime?) : (DateTime?)dataReader.GetDateTime(20);
                                                  (instance is IInjectableService) ? ((IInjectableService)instance).Injected(
                                                      context: materializationContext7.Context, 
                                                      entity: instance, 
                                                      queryTrackingBehavior: NoTracking, 
                                                      structuralType: [LIFTABLE Constant: EntityType: User | Resolver: namelessParameter{55} => namelessParameter{55}.Dependencies.Model.FindEntityType("EduConnect.Domain.Entities.User")]) : default(void);
                                                  return instance;
                                              }}
                                      default: 
                                          default(User)
                                  }
                                  ;
                                  return instance7;
                              } : 
                              {
                                  object[] keyValues7;
                                  keyValues7 = new object[]{ (object)dataReader.GetGuid(6) };
                                  return ShapedQueryCompilingExpressionVisitor.CreateNullKeyValueInNoTrackingQuery(
                                      entityType: [LIFTABLE Constant: EntityType: User | Resolver: namelessParameter{56} => namelessParameter{56}.Dependencies.Model.FindEntityType("EduConnect.Domain.Entities.User")], 
                                      properties: [LIFTABLE Constant: List<RuntimeProperty> { Property: User.Id (Guid) Required PK AfterSave:Throw ValueGenerated.OnAdd } | Resolver: c => c.Dependencies.Model.FindEntityType("EduConnect.Domain.Entities.User").FindPrimaryKey().Properties], 
                                      keyValues: keyValues7);
                              };
                              return instance7;
                          };
                          entity = 
                          {
                              MaterializationContext materializationContext8;
                              IEntityType entityType8;
                              StudentProfile instance8;
                              materializationContext8 = new MaterializationContext(
                                  [LIFTABLE Constant: ValueBuffer | Resolver: _ => (object)ValueBuffer.Empty], 
                                  queryContext.Context
                              );
                              instance8 = default(StudentProfile);
                              dataReader.IsDBNull(21) ? default(object) : (object)dataReader.GetGuid(21) != null ? 
                              {
                                  ISnapshot shadowSnapshot8;
                                  shadowSnapshot8 = [LIFTABLE Constant: Snapshot | Resolver: _ => Snapshot.Empty];
                                  entityType8 = [LIFTABLE Constant: EntityType: StudentProfile | Resolver: namelessParameter{57} => namelessParameter{57}.Dependencies.Model.FindEntityType("EduConnect.Domain.Entities.StudentProfile")];
                                  instance8 = switch (entityType8)
                                  {
                                      case [LIFTABLE Constant: EntityType: StudentProfile | Resolver: namelessParameter{58} => namelessParameter{58}.Dependencies.Model.FindEntityType("EduConnect.Domain.Entities.StudentProfile")]: 
                                          {
                                              return 
                                              {
                                                  StudentProfile instance;
                                                  instance = new StudentProfile();
                                                  instance.<Id>k__BackingField = dataReader.IsDBNull(21) ? default(Guid) : dataReader.GetGuid(21);
                                                  instance.<AvatarUrl>k__BackingField = dataReader.IsDBNull(22) ? default(string) : (string)dataReader.GetFieldValue<object>(22);
                                                  instance.<Bio>k__BackingField = dataReader.IsDBNull(23) ? default(string) : (string)dataReader.GetFieldValue<object>(23);
                                                  instance.<CoverImageUrl>k__BackingField = dataReader.IsDBNull(24) ? default(string) : (string)dataReader.GetFieldValue<object>(24);
                                                  instance.<CreatedAtUtc>k__BackingField = dataReader.IsDBNull(25) ? default(DateTime) : dataReader.GetDateTime(25);
                                                  instance.<Department>k__BackingField = dataReader.IsDBNull(26) ? default(string) : (string)dataReader.GetFieldValue<object>(26);
                                                  instance.<UpdatedAtUtc>k__BackingField = dataReader.IsDBNull(27) ? default(DateTime?) : (DateTime?)dataReader.GetDateTime(27);
                                                  instance.<UserId>k__BackingField = dataReader.IsDBNull(28) ? default(Guid) : dataReader.GetGuid(28);
                                                  instance.<Year>k__BackingField = dataReader.IsDBNull(29) ? default(int) : dataReader.GetInt32(29);
                                                  (instance is IInjectableService) ? ((IInjectableService)instance).Injected(
                                                      context: materializationContext8.Context, 
                                                      entity: instance, 
                                                      queryTrackingBehavior: NoTracking, 
                                                      structuralType: [LIFTABLE Constant: EntityType: StudentProfile | Resolver: namelessParameter{59} => namelessParameter{59}.Dependencies.Model.FindEntityType("EduConnect.Domain.Entities.StudentProfile")]) : default(void);
                                                  return instance;
                                              }}
                                      default: 
                                          default(StudentProfile)
                                  }
                                  ;
                                  return instance8;
                              } : default(void);
                              return instance8;
                          };
                          ShaperProcessingExpressionVisitor.IncludeReference<User, User, StudentProfile>(
                              queryContext: queryContext, 
                              entity: entity, 
                              relatedEntity: entity, 
                              navigation: [LIFTABLE Constant: Navigation: User.StudentProfile (StudentProfile) Optional ToDependent StudentProfile Inverse: User | Resolver: namelessParameter{60} => namelessParameter{60}.Dependencies.Model.FindEntityType("EduConnect.Domain.Entities.User").FindNavigation("StudentProfile")], 
                              inverseNavigation: [LIFTABLE Constant: Navigation: StudentProfile.User (User) Required ToPrincipal User Inverse: StudentProfile | Resolver: namelessParameter{61} => namelessParameter{61}.Dependencies.Model.FindEntityType("EduConnect.Domain.Entities.StudentProfile").FindNavigation("User")], 
                              fixup: (namelessParameter{62}, namelessParameter{63}) => 
                              {
                                  namelessParameter{62}.<StudentProfile>k__BackingField = namelessParameter{63};
                                  return namelessParameter{63}.<User>k__BackingField = namelessParameter{62};
                              }, 
                              trackingQuery: False);
                          ShaperProcessingExpressionVisitor.IncludeReference<PostComment, PostComment, User>(
                              queryContext: queryContext, 
                              entity: entity, 
                              relatedEntity: entity, 
                              navigation: [LIFTABLE Constant: Navigation: PostComment.User (User) Required ToPrincipal User Inverse: Comments | Resolver: namelessParameter{64} => namelessParameter{64}.Dependencies.Model.FindEntityType("EduConnect.Domain.Entities.PostComment").FindNavigation("User")], 
                              inverseNavigation: [LIFTABLE Constant: Navigation: User.Comments (ICollection<PostComment>) Collection ToDependent PostComment Inverse: User | Resolver: namelessParameter{65} => namelessParameter{65}.Dependencies.Model.FindEntityType("EduConnect.Domain.Entities.User").FindNavigation("Comments")], 
                              fixup: (namelessParameter{66}, namelessParameter{67}) => 
                              {
                                  namelessParameter{66}.<User>k__BackingField = namelessParameter{67};
                                  return [LIFTABLE Constant: ClrCollectionAccessor<User, ICollection<PostComment>, PostComment> | Resolver: namelessParameter{68} => namelessParameter{68}.Dependencies.Model.FindEntityType("EduConnect.Domain.Entities.User").FindNavigation("Comments").GetCollectionAccessor()].Add(
                                      entity: namelessParameter{67}, 
                                      value: namelessParameter{66}, 
                                      forMaterialization: True);
                              }, 
                              trackingQuery: False);
                          return entity;
                      }, 
                      relatedDataLoaders: null, 
                      inverseNavigation: [LIFTABLE Constant: Navigation: PostComment.Post (Post) Required ToPrincipal Post Inverse: Comments | Resolver: namelessParameter{69} => namelessParameter{69}.Dependencies.Model.FindEntityType("EduConnect.Domain.Entities.PostComment").FindNavigation("Post")], 
                      fixup: (namelessParameter{70}, namelessParameter{71}) => 
                      {
                          [LIFTABLE Constant: ClrCollectionAccessor<Post, ICollection<PostComment>, PostComment> | Resolver: namelessParameter{72} => namelessParameter{72}.Dependencies.Model.FindEntityType("EduConnect.Domain.Entities.Post").FindNavigation("Comments").GetCollectionAccessor()].Add(
                              entity: namelessParameter{70}, 
                              value: namelessParameter{71}, 
                              forMaterialization: True);
                          return namelessParameter{71}.<Post>k__BackingField = namelessParameter{70};
                      }, 
                      trackingQuery: False), 
                  () => ShaperProcessingExpressionVisitor.PopulateSplitIncludeCollectionAsync<Post, PostBookmark>(
                      collectionId: 2, 
                      queryContext: (RelationalQueryContext)queryContext, 
                      executionStrategy: executionStrategy, 
                      relationalCommandResolver: parameters => [LIFTABLE Constant: RelationalCommandCache.QueryExpression(
                          Client Projections:
                              0 -> Dictionary<IPropertyBase, int> { [Property: PostBookmark.Id (Guid) Required PK AfterSave:Throw ValueGenerated.OnAdd, 0], [Property: PostBookmark.CreatedAtUtc (DateTime) Required, 1], [Property: PostBookmark.PostId (Guid) Required FK Index, 2], [Property: PostBookmark.UpdatedAtUtc (DateTime?), 3], [Property: PostBookmark.UserId (Guid) Required FK Index, 4] }
                              1 -> 5
                              2 -> 6
                              3 -> 7
                              4 -> 8
                          SELECT p2.Id, p2.CreatedAtUtc, p2.PostId, p2.UpdatedAtUtc, p2.UserId, s4.Id, s4.Id0, s4.Id1, s4.Id2
                          FROM 
                          (
                              SELECT TOP(1) p.Id, u.Id AS Id0, s.Id AS Id1, g.Id AS Id2
                              FROM Posts AS p
                              INNER JOIN Users AS u ON p.UserId == u.Id
                              LEFT JOIN StudentProfiles AS s ON u.Id == s.UserId
                              LEFT JOIN Groups AS g ON p.GroupId == g.Id
                              WHERE Not(p.IsDeleted) && (p.Id == @id)
                              ORDER BY p.Id ASC, u.Id ASC, s.Id ASC, g.Id ASC
                          ) AS s4
                          INNER JOIN PostBookmarks AS p2 ON s4.Id == p2.PostId
                          ORDER BY s4.Id ASC, s4.Id0 ASC, s4.Id1 ASC, s4.Id2 ASC) | Resolver: c => new RelationalCommandCache(
                          c.Dependencies.MemoryCache, 
                          c.RelationalDependencies.QuerySqlGeneratorFactory, 
                          c.RelationalDependencies.RelationalParameterBasedSqlProcessorFactory, 
                          Client Projections:
                              0 -> Dictionary<IPropertyBase, int> { [Property: PostBookmark.Id (Guid) Required PK AfterSave:Throw ValueGenerated.OnAdd, 0], [Property: PostBookmark.CreatedAtUtc (DateTime) Required, 1], [Property: PostBookmark.PostId (Guid) Required FK Index, 2], [Property: PostBookmark.UpdatedAtUtc (DateTime?), 3], [Property: PostBookmark.UserId (Guid) Required FK Index, 4] }
                              1 -> 5
                              2 -> 6
                              3 -> 7
                              4 -> 8
                          SELECT p2.Id, p2.CreatedAtUtc, p2.PostId, p2.UpdatedAtUtc, p2.UserId, s4.Id, s4.Id0, s4.Id1, s4.Id2
                          FROM 
                          (
                              SELECT TOP(1) p.Id, u.Id AS Id0, s.Id AS Id1, g.Id AS Id2
                              FROM Posts AS p
                              INNER JOIN Users AS u ON p.UserId == u.Id
                              LEFT JOIN StudentProfiles AS s ON u.Id == s.UserId
                              LEFT JOIN Groups AS g ON p.GroupId == g.Id
                              WHERE Not(p.IsDeleted) && (p.Id == @id)
                              ORDER BY p.Id ASC, u.Id ASC, s.Id ASC, g.Id ASC
                          ) AS s4
                          INNER JOIN PostBookmarks AS p2 ON s4.Id == p2.PostId
                          ORDER BY s4.Id ASC, s4.Id0 ASC, s4.Id1 ASC, s4.Id2 ASC, 
                          False, 
                          MultipleParameters
                      )].GetRelationalCommandTemplate(parameters), 
                      readerColumns: [LIFTABLE Constant: ReaderColumn[] { ReaderColumn<Guid>, ReaderColumn<DateTime>, ReaderColumn<Guid>, ReaderColumn<DateTime>, ReaderColumn<Guid>, ReaderColumn<Guid>, ReaderColumn<Guid>, ReaderColumn<Guid>, ReaderColumn<Guid> } | Resolver: namelessParameter{73} => new ReaderColumn[]
                      { 
                          new ReaderColumn<Guid>(
                              False, 
                              null, 
                              namelessParameter{73}.Dependencies.Model.FindEntityType("EduConnect.Domain.Entities.PostBookmark").FindProperty("Id"), 
                              (dataReader, indexMap) => dataReader.GetGuid(0)
                          ), 
                          new ReaderColumn<DateTime>(
                              False, 
                              null, 
                              namelessParameter{73}.Dependencies.Model.FindEntityType("EduConnect.Domain.Entities.PostBookmark").FindProperty("CreatedAtUtc"), 
                              (dataReader, indexMap) => dataReader.GetDateTime(1)
                          ), 
                          new ReaderColumn<Guid>(
                              False, 
                              null, 
                              namelessParameter{73}.Dependencies.Model.FindEntityType("EduConnect.Domain.Entities.PostBookmark").FindProperty("PostId"), 
                              (dataReader, indexMap) => dataReader.GetGuid(2)
                          ), 
                          new ReaderColumn<DateTime>(
                              True, 
                              null, 
                              namelessParameter{73}.Dependencies.Model.FindEntityType("EduConnect.Domain.Entities.PostBookmark").FindProperty("UpdatedAtUtc"), 
                              (dataReader, indexMap) => dataReader.GetDateTime(3)
                          ), 
                          new ReaderColumn<Guid>(
                              False, 
                              null, 
                              namelessParameter{73}.Dependencies.Model.FindEntityType("EduConnect.Domain.Entities.PostBookmark").FindProperty("UserId"), 
                              (dataReader, indexMap) => dataReader.GetGuid(4)
                          ), 
                          new ReaderColumn<Guid>(
                              False, 
                              null, 
                              default(IPropertyBase), 
                              (dataReader, indexMap) => dataReader.GetGuid(5)
                          ), 
                          new ReaderColumn<Guid>(
                              False, 
                              null, 
                              default(IPropertyBase), 
                              (dataReader, indexMap) => dataReader.GetGuid(6)
                          ), 
                          new ReaderColumn<Guid>(
                              True, 
                              null, 
                              default(IPropertyBase), 
                              (dataReader, indexMap) => dataReader.GetGuid(7)
                          ), 
                          new ReaderColumn<Guid>(
                              True, 
                              null, 
                              default(IPropertyBase), 
                              (dataReader, indexMap) => dataReader.GetGuid(8)
                          ) 
                      }], 
                      detailedErrorsEnabled: False, 
                      resultCoordinator: resultCoordinator, 
                      childIdentifier: [LIFTABLE Constant: Func<QueryContext, DbDataReader, object[]> | Resolver: _ => (queryContext, dataReader) => new object[]
                      { 
                          (object)(Guid?)dataReader.GetGuid(5), 
                          (object)(Guid?)dataReader.GetGuid(6), 
                          (object)dataReader.IsDBNull(7) ? default(Guid?) : (Guid?)dataReader.GetGuid(7), 
                          (object)dataReader.IsDBNull(8) ? default(Guid?) : (Guid?)dataReader.GetGuid(8) 
                      }], 
                      identifierValueComparers: [LIFTABLE Constant: Func<object, object, bool>[] { Func<object, object, bool>, Func<object, object, bool>, Func<object, object, bool>, Func<object, object, bool> } | Resolver: _ => new Func<object, object, bool>[]
                      { 
                          (left, right) => left == null ? right == null : right != null && (Guid)left == (Guid)right, 
                          (left, right) => left == null ? right == null : right != null && (Guid)left == (Guid)right, 
                          (left, right) => left == null ? right == null : right != null && (Guid)left == (Guid)right, 
                          (left, right) => left == null ? right == null : right != null && (Guid)left == (Guid)right 
                      }], 
                      innerShaper: (queryContext, dataReader, resultContext, resultCoordinator) => 
                      {
                          PostBookmark entity;
                          entity = 
                          {
                              MaterializationContext materializationContext9;
                              IEntityType entityType9;
                              PostBookmark instance9;
                              materializationContext9 = new MaterializationContext(
                                  [LIFTABLE Constant: ValueBuffer | Resolver: _ => (object)ValueBuffer.Empty], 
                                  queryContext.Context
                              );
                              instance9 = default(PostBookmark);
                              (object)dataReader.GetGuid(0) != null ? 
                              {
                                  ISnapshot shadowSnapshot9;
                                  shadowSnapshot9 = [LIFTABLE Constant: Snapshot | Resolver: _ => Snapshot.Empty];
                                  entityType9 = [LIFTABLE Constant: EntityType: PostBookmark | Resolver: namelessParameter{74} => namelessParameter{74}.Dependencies.Model.FindEntityType("EduConnect.Domain.Entities.PostBookmark")];
                                  instance9 = switch (entityType9)
                                  {
                                      case [LIFTABLE Constant: EntityType: PostBookmark | Resolver: namelessParameter{75} => namelessParameter{75}.Dependencies.Model.FindEntityType("EduConnect.Domain.Entities.PostBookmark")]: 
                                          {
                                              return 
                                              {
                                                  PostBookmark instance;
                                                  instance = new PostBookmark();
                                                  instance.<Id>k__BackingField = dataReader.GetGuid(0);
                                                  instance.<CreatedAtUtc>k__BackingField = dataReader.GetDateTime(1);
                                                  instance.<PostId>k__BackingField = dataReader.GetGuid(2);
                                                  instance.<UpdatedAtUtc>k__BackingField = dataReader.IsDBNull(3) ? default(DateTime?) : (DateTime?)dataReader.GetDateTime(3);
                                                  instance.<UserId>k__BackingField = dataReader.GetGuid(4);
                                                  (instance is IInjectableService) ? ((IInjectableService)instance).Injected(
                                                      context: materializationContext9.Context, 
                                                      entity: instance, 
                                                      queryTrackingBehavior: NoTracking, 
                                                      structuralType: [LIFTABLE Constant: EntityType: PostBookmark | Resolver: namelessParameter{76} => namelessParameter{76}.Dependencies.Model.FindEntityType("EduConnect.Domain.Entities.PostBookmark")]) : default(void);
                                                  return instance;
                                              }}
                                      default: 
                                          default(PostBookmark)
                                  }
                                  ;
                                  return instance9;
                              } : 
                              {
                                  object[] keyValues9;
                                  keyValues9 = new object[]{ (object)dataReader.GetGuid(0) };
                                  return ShapedQueryCompilingExpressionVisitor.CreateNullKeyValueInNoTrackingQuery(
                                      entityType: [LIFTABLE Constant: EntityType: PostBookmark | Resolver: namelessParameter{77} => namelessParameter{77}.Dependencies.Model.FindEntityType("EduConnect.Domain.Entities.PostBookmark")], 
                                      properties: [LIFTABLE Constant: List<RuntimeProperty> { Property: PostBookmark.Id (Guid) Required PK AfterSave:Throw ValueGenerated.OnAdd } | Resolver: c => c.Dependencies.Model.FindEntityType("EduConnect.Domain.Entities.PostBookmark").FindPrimaryKey().Properties], 
                                      keyValues: keyValues9);
                              };
                              return instance9;
                          };
                          return entity;
                      }, 
                      relatedDataLoaders: null, 
                      inverseNavigation: [LIFTABLE Constant: Navigation: PostBookmark.Post (Post) Required ToPrincipal Post Inverse: Bookmarks | Resolver: namelessParameter{78} => namelessParameter{78}.Dependencies.Model.FindEntityType("EduConnect.Domain.Entities.PostBookmark").FindNavigation("Post")], 
                      fixup: (namelessParameter{79}, namelessParameter{80}) => 
                      {
                          [LIFTABLE Constant: ClrCollectionAccessor<Post, ICollection<PostBookmark>, PostBookmark> | Resolver: namelessParameter{81} => namelessParameter{81}.Dependencies.Model.FindEntityType("EduConnect.Domain.Entities.Post").FindNavigation("Bookmarks").GetCollectionAccessor()].Add(
                              entity: namelessParameter{79}, 
                              value: namelessParameter{80}, 
                              forMaterialization: True);
                          return namelessParameter{80}.<Post>k__BackingField = namelessParameter{79};
                      }, 
                      trackingQuery: False), 
                  () => ShaperProcessingExpressionVisitor.PopulateSplitIncludeCollectionAsync<Post, PostView>(
                      collectionId: 3, 
                      queryContext: (RelationalQueryContext)queryContext, 
                      executionStrategy: executionStrategy, 
                      relationalCommandResolver: parameters => [LIFTABLE Constant: RelationalCommandCache.QueryExpression(
                          Client Projections:
                              0 -> Dictionary<IPropertyBase, int> { [Property: PostView.Id (Guid) Required PK AfterSave:Throw ValueGenerated.OnAdd, 0], [Property: PostView.CreatedAtUtc (DateTime) Required, 1], [Property: PostView.PostId (Guid) Required FK Index, 2], [Property: PostView.UpdatedAtUtc (DateTime?), 3], [Property: PostView.UserId (Guid) Required FK Index, 4] }
                              1 -> 5
                              2 -> 6
                              3 -> 7
                              4 -> 8
                          SELECT p3.Id, p3.CreatedAtUtc, p3.PostId, p3.UpdatedAtUtc, p3.UserId, s5.Id, s5.Id0, s5.Id1, s5.Id2
                          FROM 
                          (
                              SELECT TOP(1) p.Id, u.Id AS Id0, s.Id AS Id1, g.Id AS Id2
                              FROM Posts AS p
                              INNER JOIN Users AS u ON p.UserId == u.Id
                              LEFT JOIN StudentProfiles AS s ON u.Id == s.UserId
                              LEFT JOIN Groups AS g ON p.GroupId == g.Id
                              WHERE Not(p.IsDeleted) && (p.Id == @id)
                              ORDER BY p.Id ASC, u.Id ASC, s.Id ASC, g.Id ASC
                          ) AS s5
                          INNER JOIN PostViews AS p3 ON s5.Id == p3.PostId
                          ORDER BY s5.Id ASC, s5.Id0 ASC, s5.Id1 ASC, s5.Id2 ASC) | Resolver: c => new RelationalCommandCache(
                          c.Dependencies.MemoryCache, 
                          c.RelationalDependencies.QuerySqlGeneratorFactory, 
                          c.RelationalDependencies.RelationalParameterBasedSqlProcessorFactory, 
                          Client Projections:
                              0 -> Dictionary<IPropertyBase, int> { [Property: PostView.Id (Guid) Required PK AfterSave:Throw ValueGenerated.OnAdd, 0], [Property: PostView.CreatedAtUtc (DateTime) Required, 1], [Property: PostView.PostId (Guid) Required FK Index, 2], [Property: PostView.UpdatedAtUtc (DateTime?), 3], [Property: PostView.UserId (Guid) Required FK Index, 4] }
                              1 -> 5
                              2 -> 6
                              3 -> 7
                              4 -> 8
                          SELECT p3.Id, p3.CreatedAtUtc, p3.PostId, p3.UpdatedAtUtc, p3.UserId, s5.Id, s5.Id0, s5.Id1, s5.Id2
                          FROM 
                          (
                              SELECT TOP(1) p.Id, u.Id AS Id0, s.Id AS Id1, g.Id AS Id2
                              FROM Posts AS p
                              INNER JOIN Users AS u ON p.UserId == u.Id
                              LEFT JOIN StudentProfiles AS s ON u.Id == s.UserId
                              LEFT JOIN Groups AS g ON p.GroupId == g.Id
                              WHERE Not(p.IsDeleted) && (p.Id == @id)
                              ORDER BY p.Id ASC, u.Id ASC, s.Id ASC, g.Id ASC
                          ) AS s5
                          INNER JOIN PostViews AS p3 ON s5.Id == p3.PostId
                          ORDER BY s5.Id ASC, s5.Id0 ASC, s5.Id1 ASC, s5.Id2 ASC, 
                          False, 
                          MultipleParameters
                      )].GetRelationalCommandTemplate(parameters), 
                      readerColumns: [LIFTABLE Constant: ReaderColumn[] { ReaderColumn<Guid>, ReaderColumn<DateTime>, ReaderColumn<Guid>, ReaderColumn<DateTime>, ReaderColumn<Guid>, ReaderColumn<Guid>, ReaderColumn<Guid>, ReaderColumn<Guid>, ReaderColumn<Guid> } | Resolver: namelessParameter{82} => new ReaderColumn[]
                      { 
                          new ReaderColumn<Guid>(
                              False, 
                              null, 
                              namelessParameter{82}.Dependencies.Model.FindEntityType("EduConnect.Domain.Entities.PostView").FindProperty("Id"), 
                              (dataReader, indexMap) => dataReader.GetGuid(0)
                          ), 
                          new ReaderColumn<DateTime>(
                              False, 
                              null, 
                              namelessParameter{82}.Dependencies.Model.FindEntityType("EduConnect.Domain.Entities.PostView").FindProperty("CreatedAtUtc"), 
                              (dataReader, indexMap) => dataReader.GetDateTime(1)
                          ), 
                          new ReaderColumn<Guid>(
                              False, 
                              null, 
                              namelessParameter{82}.Dependencies.Model.FindEntityType("EduConnect.Domain.Entities.PostView").FindProperty("PostId"), 
                              (dataReader, indexMap) => dataReader.GetGuid(2)
                          ), 
                          new ReaderColumn<DateTime>(
                              True, 
                              null, 
                              namelessParameter{82}.Dependencies.Model.FindEntityType("EduConnect.Domain.Entities.PostView").FindProperty("UpdatedAtUtc"), 
                              (dataReader, indexMap) => dataReader.GetDateTime(3)
                          ), 
                          new ReaderColumn<Guid>(
                              False, 
                              null, 
                              namelessParameter{82}.Dependencies.Model.FindEntityType("EduConnect.Domain.Entities.PostView").FindProperty("UserId"), 
                              (dataReader, indexMap) => dataReader.GetGuid(4)
                          ), 
                          new ReaderColumn<Guid>(
                              False, 
                              null, 
                              default(IPropertyBase), 
                              (dataReader, indexMap) => dataReader.GetGuid(5)
                          ), 
                          new ReaderColumn<Guid>(
                              False, 
                              null, 
                              default(IPropertyBase), 
                              (dataReader, indexMap) => dataReader.GetGuid(6)
                          ), 
                          new ReaderColumn<Guid>(
                              True, 
                              null, 
                              default(IPropertyBase), 
                              (dataReader, indexMap) => dataReader.GetGuid(7)
                          ), 
                          new ReaderColumn<Guid>(
                              True, 
                              null, 
                              default(IPropertyBase), 
                              (dataReader, indexMap) => dataReader.GetGuid(8)
                          ) 
                      }], 
                      detailedErrorsEnabled: False, 
                      resultCoordinator: resultCoordinator, 
                      childIdentifier: [LIFTABLE Constant: Func<QueryContext, DbDataReader, object[]> | Resolver: _ => (queryContext, dataReader) => new object[]
                      { 
                          (object)(Guid?)dataReader.GetGuid(5), 
                          (object)(Guid?)dataReader.GetGuid(6), 
                          (object)dataReader.IsDBNull(7) ? default(Guid?) : (Guid?)dataReader.GetGuid(7), 
                          (object)dataReader.IsDBNull(8) ? default(Guid?) : (Guid?)dataReader.GetGuid(8) 
                      }], 
                      identifierValueComparers: [LIFTABLE Constant: Func<object, object, bool>[] { Func<object, object, bool>, Func<object, object, bool>, Func<object, object, bool>, Func<object, object, bool> } | Resolver: _ => new Func<object, object, bool>[]
                      { 
                          (left, right) => left == null ? right == null : right != null && (Guid)left == (Guid)right, 
                          (left, right) => left == null ? right == null : right != null && (Guid)left == (Guid)right, 
                          (left, right) => left == null ? right == null : right != null && (Guid)left == (Guid)right, 
                          (left, right) => left == null ? right == null : right != null && (Guid)left == (Guid)right 
                      }], 
                      innerShaper: (queryContext, dataReader, resultContext, resultCoordinator) => 
                      {
                          PostView entity;
                          entity = 
                          {
                              MaterializationContext materializationContext10;
                              IEntityType entityType10;
                              PostView instance10;
                              materializationContext10 = new MaterializationContext(
                                  [LIFTABLE Constant: ValueBuffer | Resolver: _ => (object)ValueBuffer.Empty], 
                                  queryContext.Context
                              );
                              instance10 = default(PostView);
                              (object)dataReader.GetGuid(0) != null ? 
                              {
                                  ISnapshot shadowSnapshot10;
                                  shadowSnapshot10 = [LIFTABLE Constant: Snapshot | Resolver: _ => Snapshot.Empty];
                                  entityType10 = [LIFTABLE Constant: EntityType: PostView | Resolver: namelessParameter{83} => namelessParameter{83}.Dependencies.Model.FindEntityType("EduConnect.Domain.Entities.PostView")];
                                  instance10 = switch (entityType10)
                                  {
                                      case [LIFTABLE Constant: EntityType: PostView | Resolver: namelessParameter{84} => namelessParameter{84}.Dependencies.Model.FindEntityType("EduConnect.Domain.Entities.PostView")]: 
                                          {
                                              return 
                                              {
                                                  PostView instance;
                                                  instance = new PostView();
                                                  instance.<Id>k__BackingField = dataReader.GetGuid(0);
                                                  instance.<CreatedAtUtc>k__BackingField = dataReader.GetDateTime(1);
                                                  instance.<PostId>k__BackingField = dataReader.GetGuid(2);
                                                  instance.<UpdatedAtUtc>k__BackingField = dataReader.IsDBNull(3) ? default(DateTime?) : (DateTime?)dataReader.GetDateTime(3);
                                                  instance.<UserId>k__BackingField = dataReader.GetGuid(4);
                                                  (instance is IInjectableService) ? ((IInjectableService)instance).Injected(
                                                      context: materializationContext10.Context, 
                                                      entity: instance, 
                                                      queryTrackingBehavior: NoTracking, 
                                                      structuralType: [LIFTABLE Constant: EntityType: PostView | Resolver: namelessParameter{85} => namelessParameter{85}.Dependencies.Model.FindEntityType("EduConnect.Domain.Entities.PostView")]) : default(void);
                                                  return instance;
                                              }}
                                      default: 
                                          default(PostView)
                                  }
                                  ;
                                  return instance10;
                              } : 
                              {
                                  object[] keyValues10;
                                  keyValues10 = new object[]{ (object)dataReader.GetGuid(0) };
                                  return ShapedQueryCompilingExpressionVisitor.CreateNullKeyValueInNoTrackingQuery(
                                      entityType: [LIFTABLE Constant: EntityType: PostView | Resolver: namelessParameter{86} => namelessParameter{86}.Dependencies.Model.FindEntityType("EduConnect.Domain.Entities.PostView")], 
                                      properties: [LIFTABLE Constant: List<RuntimeProperty> { Property: PostView.Id (Guid) Required PK AfterSave:Throw ValueGenerated.OnAdd } | Resolver: c => c.Dependencies.Model.FindEntityType("EduConnect.Domain.Entities.PostView").FindPrimaryKey().Properties], 
                                      keyValues: keyValues10);
                              };
                              return instance10;
                          };
                          return entity;
                      }, 
                      relatedDataLoaders: null, 
                      inverseNavigation: [LIFTABLE Constant: Navigation: PostView.Post (Post) Required ToPrincipal Post Inverse: Views | Resolver: namelessParameter{87} => namelessParameter{87}.Dependencies.Model.FindEntityType("EduConnect.Domain.Entities.PostView").FindNavigation("Post")], 
                      fixup: (namelessParameter{88}, namelessParameter{89}) => 
                      {
                          [LIFTABLE Constant: ClrCollectionAccessor<Post, ICollection<PostView>, PostView> | Resolver: namelessParameter{90} => namelessParameter{90}.Dependencies.Model.FindEntityType("EduConnect.Domain.Entities.Post").FindNavigation("Views").GetCollectionAccessor()].Add(
                              entity: namelessParameter{88}, 
                              value: namelessParameter{89}, 
                              forMaterialization: True);
                          return namelessParameter{89}.<Post>k__BackingField = namelessParameter{88};
                      }, 
                      trackingQuery: False) 
              }), 
              contextType: EduConnect.Infrastructure.Data.AppDbContext, 
              standAloneStateManager: False, 
              detailedErrorsEnabled: False, 
              threadSafetyChecksEnabled: True), 
          cancellationToken: queryContext.CancellationToken)'
dbug: Microsoft.EntityFrameworkCore.Database.Connection[20005]
      Creating DbConnection.
dbug: Microsoft.EntityFrameworkCore.Database.Connection[20006]
      Created DbConnection. (0ms).
dbug: Microsoft.EntityFrameworkCore.Database.Connection[20000]
      Opening connection to database 'EduConnectDb' on server 'localhost\SQLEXPRESS'.
dbug: Microsoft.EntityFrameworkCore.Database.Connection[20001]
      Opened connection to database 'EduConnectDb' on server 'localhost\SQLEXPRESS'.
dbug: Microsoft.EntityFrameworkCore.Database.Connection[20002]
      Closing connection to database 'EduConnectDb' on server 'localhost\SQLEXPRESS'.
dbug: Microsoft.EntityFrameworkCore.Database.Connection[20003]
      Closed connection to database 'EduConnectDb' on server 'localhost\SQLEXPRESS' (0ms).
info: Microsoft.AspNetCore.Mvc.Infrastructure.ObjectResultExecutor[1]
      Executing OkObjectResult, writing value of type 'EduConnect.Application.Contracts.Posts.PostDetailResponse'.
info: Microsoft.AspNetCore.Mvc.Infrastructure.ControllerActionInvoker[105]
      Executed action EduConnect.Api.Controllers.PostsController.GetById (EduConnect.Api) in 672.1611ms
info: Microsoft.AspNetCore.Routing.EndpointMiddleware[1]
      Executed endpoint 'EduConnect.Api.Controllers.PostsController.GetById (EduConnect.Api)'
dbug: Microsoft.EntityFrameworkCore.Infrastructure[10407]
      'AppDbContext' disposed.
dbug: Microsoft.EntityFrameworkCore.Database.Connection[20007]
      Disposing connection to database 'EduConnectDb' on server 'localhost\SQLEXPRESS'.
dbug: Microsoft.EntityFrameworkCore.Database.Connection[20008]
      Disposed connection to database '' on server '' (0ms).
info: Microsoft.AspNetCore.Hosting.Diagnostics[2]
      Request finished HTTP/1.1 GET http://localhost:5160/api/posts/cc3ff76d-b167-495a-b69a-30997149e8d8 - 200 - application/json;+charset=utf-8 835.4656ms
info: Microsoft.AspNetCore.Hosting.Diagnostics[1]
      Request starting HTTP/1.1 OPTIONS http://localhost:5160/api/posts/cc3ff76d-b167-495a-b69a-30997149e8d8/comments - - -
info: Microsoft.AspNetCore.Cors.Infrastructure.CorsService[4]
      CORS policy execution successful.
info: Microsoft.AspNetCore.Hosting.Diagnostics[2]
      Request finished HTTP/1.1 OPTIONS http://localhost:5160/api/posts/cc3ff76d-b167-495a-b69a-30997149e8d8/comments - 204 - - 1.6153ms
info: Microsoft.AspNetCore.Hosting.Diagnostics[1]
      Request starting HTTP/1.1 POST http://localhost:5160/api/posts/cc3ff76d-b167-495a-b69a-30997149e8d8/comments - application/json 18
info: Microsoft.AspNetCore.Cors.Infrastructure.CorsService[4]
      CORS policy execution successful.
info: Microsoft.AspNetCore.Routing.EndpointMiddleware[0]
      Executing endpoint 'EduConnect.Api.Controllers.PostsController.AddComment (EduConnect.Api)'
info: Microsoft.AspNetCore.Mvc.Infrastructure.ControllerActionInvoker[102]
      Route matched with {action = "AddComment", controller = "Posts"}. Executing controller action with signature System.Threading.Tasks.Task`1[Microsoft.AspNetCore.Mvc.ActionResult`1[EduConnect.Application.Contracts.Posts.PostCommentResponse]] AddComment(System.Guid, EduConnect.Application.Contracts.Posts.CreatePostCommentRequest, System.Threading.CancellationToken) on controller EduConnect.Api.Controllers.PostsController (EduConnect.Api).
dbug: Microsoft.EntityFrameworkCore.Infrastructure[10403]
      Entity Framework Core 10.0.5 initialized 'AppDbContext' using provider 'Microsoft.EntityFrameworkCore.SqlServer:10.0.5' with options: MigrationsAssembly=EduConnect.Infrastructure, Version=1.0.0.0, Culture=neutral, PublicKeyToken=null EngineType=SqlServer 
dbug: Microsoft.EntityFrameworkCore.Query[10111]
      Compiling query expression: 
      'DbSet<Post>()
          .FirstOrDefault(x => x.Id == @id && !(x.IsDeleted))'
dbug: Microsoft.EntityFrameworkCore.Query[10107]
      Generated query execution expression: 
      'queryContext => ShapedQueryCompilingExpressionVisitor.SingleOrDefaultAsync<Post>(
          asyncEnumerable: SingleQueryingEnumerable.Create<Post>(
              relationalQueryContext: (RelationalQueryContext)queryContext, 
              relationalCommandResolver: parameters => [LIFTABLE Constant: RelationalCommandCache.QueryExpression(
                  Projection Mapping:
                      EmptyProjectionMember -> Dictionary<IPropertyBase, int> { [Property: Post.Id (Guid) Required PK AfterSave:Throw ValueGenerated.OnAdd, 0], [Property: Post.Content (string) Required MaxLength(1500), 1], [Property: Post.CreatedAtUtc (DateTime) Required, 2], [Property: Post.GroupId (Guid?) FK Index, 3], [Property: Post.ImageUrl (string) MaxLength(500), 4], [Property: Post.IsDeleted (bool) Required, 5], [Property: Post.UpdatedAtUtc (DateTime?), 6], [Property: Post.UserId (Guid) Required FK Index, 7] }
                  SELECT TOP(1) p.Id, p.Content, p.CreatedAtUtc, p.GroupId, p.ImageUrl, p.IsDeleted, p.UpdatedAtUtc, p.UserId
                  FROM Posts AS p
                  WHERE (p.Id == @id) && Not(p.IsDeleted)) | Resolver: c => new RelationalCommandCache(
                  c.Dependencies.MemoryCache, 
                  c.RelationalDependencies.QuerySqlGeneratorFactory, 
                  c.RelationalDependencies.RelationalParameterBasedSqlProcessorFactory, 
                  Projection Mapping:
                      EmptyProjectionMember -> Dictionary<IPropertyBase, int> { [Property: Post.Id (Guid) Required PK AfterSave:Throw ValueGenerated.OnAdd, 0], [Property: Post.Content (string) Required MaxLength(1500), 1], [Property: Post.CreatedAtUtc (DateTime) Required, 2], [Property: Post.GroupId (Guid?) FK Index, 3], [Property: Post.ImageUrl (string) MaxLength(500), 4], [Property: Post.IsDeleted (bool) Required, 5], [Property: Post.UpdatedAtUtc (DateTime?), 6], [Property: Post.UserId (Guid) Required FK Index, 7] }
                  SELECT TOP(1) p.Id, p.Content, p.CreatedAtUtc, p.GroupId, p.ImageUrl, p.IsDeleted, p.UpdatedAtUtc, p.UserId
                  FROM Posts AS p
                  WHERE (p.Id == @id) && Not(p.IsDeleted), 
                  False, 
                  MultipleParameters
              )].GetRelationalCommandTemplate(parameters), 
              readerColumns: null, 
              shaper: (queryContext, dataReader, resultContext, resultCoordinator) => 
              {
                  Post entity;
                  entity = 
                  {
                      MaterializationContext materializationContext1;
                      IEntityType entityType1;
                      Post instance1;
                      InternalEntityEntry entry1;
                      bool hasNullKey1;
                      materializationContext1 = new MaterializationContext(
                          [LIFTABLE Constant: ValueBuffer | Resolver: _ => (object)ValueBuffer.Empty], 
                          queryContext.Context
                      );
                      instance1 = default(Post);
                      entry1 = queryContext.TryGetEntry(
                          key: [LIFTABLE Constant: Key: Post.Id PK | Resolver: c => c.Dependencies.Model.FindEntityType("EduConnect.Domain.Entities.Post").FindPrimaryKey()], 
                          keyValues: new object[]{ (object)dataReader.GetGuid(0) }, 
                          throwOnNullKey: True, 
                          hasNullKey: hasNullKey1);
                      !(hasNullKey1) ? entry1 != default(InternalEntityEntry) ? 
                      {
                          entityType1 = entry1.EntityType;
                          return instance1 = (Post)entry1.Entity;
                      } : 
                      {
                          ISnapshot shadowSnapshot1;
                          shadowSnapshot1 = [LIFTABLE Constant: Snapshot | Resolver: _ => Snapshot.Empty];
                          entityType1 = [LIFTABLE Constant: EntityType: Post | Resolver: namelessParameter{0} => namelessParameter{0}.Dependencies.Model.FindEntityType("EduConnect.Domain.Entities.Post")];
                          instance1 = switch (entityType1)
                          {
                              case [LIFTABLE Constant: EntityType: Post | Resolver: namelessParameter{1} => namelessParameter{1}.Dependencies.Model.FindEntityType("EduConnect.Domain.Entities.Post")]: 
                                  {
                                      return 
                                      {
                                          Post instance;
                                          instance = new Post();
                                          instance.<Id>k__BackingField = dataReader.GetGuid(0);
                                          instance.<Content>k__BackingField = dataReader.GetString(1);
                                          instance.<CreatedAtUtc>k__BackingField = dataReader.GetDateTime(2);
                                          instance.<GroupId>k__BackingField = dataReader.IsDBNull(3) ? default(Guid?) : (Guid?)dataReader.GetGuid(3);
                                          instance.<ImageUrl>k__BackingField = dataReader.IsDBNull(4) ? default(string) : dataReader.GetString(4);
                                          instance.<IsDeleted>k__BackingField = dataReader.GetBoolean(5);
                                          instance.<UpdatedAtUtc>k__BackingField = dataReader.IsDBNull(6) ? default(DateTime?) : (DateTime?)dataReader.GetDateTime(6);
                                          instance.<UserId>k__BackingField = dataReader.GetGuid(7);
                                          (instance is IInjectableService) ? ((IInjectableService)instance).Injected(
                                              context: materializationContext1.Context, 
                                              entity: instance, 
                                              queryTrackingBehavior: TrackAll, 
                                              structuralType: [LIFTABLE Constant: EntityType: Post | Resolver: namelessParameter{2} => namelessParameter{2}.Dependencies.Model.FindEntityType("EduConnect.Domain.Entities.Post")]) : default(void);
                                          return instance;
                                      }}
                              default: 
                                  default(Post)
                          }
                          ;
                          entry1 = entityType1 == default(IEntityType) ? default(InternalEntityEntry) : queryContext.StartTracking(
                              entityType: entityType1, 
                              entity: instance1, 
                              snapshot: shadowSnapshot1);
                          return instance1;
                      } : default(void);
                      return instance1;
                  };
                  return entity;
              }, 
              contextType: EduConnect.Infrastructure.Data.AppDbContext, 
              standAloneStateManager: False, 
              detailedErrorsEnabled: False, 
              threadSafetyChecksEnabled: True), 
          cancellationToken: queryContext.CancellationToken)'
dbug: Microsoft.EntityFrameworkCore.Database.Connection[20005]
      Creating DbConnection.
dbug: Microsoft.EntityFrameworkCore.Database.Connection[20006]
      Created DbConnection. (0ms).
dbug: Microsoft.EntityFrameworkCore.Database.Connection[20000]
      Opening connection to database 'EduConnectDb' on server 'localhost\SQLEXPRESS'.
dbug: Microsoft.EntityFrameworkCore.Database.Connection[20001]
      Opened connection to database 'EduConnectDb' on server 'localhost\SQLEXPRESS'.
dbug: Microsoft.EntityFrameworkCore.ChangeTracking[10806]
      Context 'AppDbContext' started tracking 'Post' entity. Consider using 'DbContextOptionsBuilder.EnableSensitiveDataLogging' to see key values.
dbug: Microsoft.EntityFrameworkCore.Database.Connection[20002]
      Closing connection to database 'EduConnectDb' on server 'localhost\SQLEXPRESS'.
dbug: Microsoft.EntityFrameworkCore.Database.Connection[20003]
      Closed connection to database 'EduConnectDb' on server 'localhost\SQLEXPRESS' (0ms).
dbug: Microsoft.EntityFrameworkCore.Query[10111]
      Compiling query expression: 
      'DbSet<User>()
          .AsNoTracking()
          .Where(x => x.Id == @userId)
          .Select(x => x.FullName)
          .FirstOrDefault()'
dbug: Microsoft.EntityFrameworkCore.Query[10107]
      Generated query execution expression: 
      'queryContext => ShapedQueryCompilingExpressionVisitor.SingleOrDefaultAsync<string>(
          asyncEnumerable: SingleQueryingEnumerable.Create<string>(
              relationalQueryContext: (RelationalQueryContext)queryContext, 
              relationalCommandResolver: parameters => [LIFTABLE Constant: RelationalCommandCache.QueryExpression(
                  Projection Mapping:
                      EmptyProjectionMember -> 0
                  SELECT TOP(1) u.FullName
                  FROM Users AS u
                  WHERE u.Id == @userId) | Resolver: c => new RelationalCommandCache(
                  c.Dependencies.MemoryCache, 
                  c.RelationalDependencies.QuerySqlGeneratorFactory, 
                  c.RelationalDependencies.RelationalParameterBasedSqlProcessorFactory, 
                  Projection Mapping:
                      EmptyProjectionMember -> 0
                  SELECT TOP(1) u.FullName
                  FROM Users AS u
                  WHERE u.Id == @userId, 
                  False, 
                  MultipleParameters
              )].GetRelationalCommandTemplate(parameters), 
              readerColumns: null, 
              shaper: (queryContext, dataReader, resultContext, resultCoordinator) => 
              {
                  string value1;
                  value1 = dataReader.GetString(0);
                  return value1;
              }, 
              contextType: EduConnect.Infrastructure.Data.AppDbContext, 
              standAloneStateManager: False, 
              detailedErrorsEnabled: False, 
              threadSafetyChecksEnabled: True), 
          cancellationToken: queryContext.CancellationToken)'
dbug: Microsoft.EntityFrameworkCore.Database.Connection[20000]
      Opening connection to database 'EduConnectDb' on server 'localhost\SQLEXPRESS'.
dbug: Microsoft.EntityFrameworkCore.Database.Connection[20001]
      Opened connection to database 'EduConnectDb' on server 'localhost\SQLEXPRESS'.
dbug: Microsoft.EntityFrameworkCore.Database.Connection[20002]
      Closing connection to database 'EduConnectDb' on server 'localhost\SQLEXPRESS'.
dbug: Microsoft.EntityFrameworkCore.Database.Connection[20003]
      Closed connection to database 'EduConnectDb' on server 'localhost\SQLEXPRESS' (0ms).
dbug: Microsoft.EntityFrameworkCore.ChangeTracking[10805]
      The navigation 'PostComment.Post' was detected as changed. Consider using 'DbContextOptionsBuilder.EnableSensitiveDataLogging' to see key values.
dbug: Microsoft.EntityFrameworkCore.ChangeTracking[10806]
      Context 'AppDbContext' started tracking 'PostComment' entity. Consider using 'DbContextOptionsBuilder.EnableSensitiveDataLogging' to see key values.
dbug: Microsoft.EntityFrameworkCore.ChangeTracking[10800]
      DetectChanges starting for 'AppDbContext'.
dbug: Microsoft.EntityFrameworkCore.ChangeTracking[10801]
      DetectChanges completed for 'AppDbContext'.
dbug: Microsoft.EntityFrameworkCore.Update[10004]
      SaveChanges starting for 'AppDbContext'.
dbug: Microsoft.EntityFrameworkCore.ChangeTracking[10800]
      DetectChanges starting for 'AppDbContext'.
dbug: Microsoft.EntityFrameworkCore.ChangeTracking[10802]
      The unchanged property 'PostComment.CreatedAtUtc' was detected as changed and will be marked as modified. Consider using 'DbContextOptionsBuilder.EnableSensitiveDataLogging' to see property values.
dbug: Microsoft.EntityFrameworkCore.ChangeTracking[10801]
      DetectChanges completed for 'AppDbContext'.
dbug: Microsoft.EntityFrameworkCore.Database.Connection[20000]
      Opening connection to database 'EduConnectDb' on server 'localhost\SQLEXPRESS'.
dbug: Microsoft.EntityFrameworkCore.Database.Connection[20001]
      Opened connection to database 'EduConnectDb' on server 'localhost\SQLEXPRESS'.
dbug: Microsoft.EntityFrameworkCore.Database.Connection[20002]
      Closing connection to database 'EduConnectDb' on server 'localhost\SQLEXPRESS'.
dbug: Microsoft.EntityFrameworkCore.Database.Connection[20003]
      Closed connection to database 'EduConnectDb' on server 'localhost\SQLEXPRESS' (0ms).
dbug: Microsoft.EntityFrameworkCore.ChangeTracking[10807]
      An entity of type 'PostComment' tracked by 'AppDbContext' changed state from 'Added' to 'Unchanged'. Consider using 'DbContextOptionsBuilder.EnableSensitiveDataLogging' to see key values.
dbug: Microsoft.EntityFrameworkCore.Update[10005]
      SaveChanges completed for 'AppDbContext' with 1 entities written to the database.
dbug: Microsoft.EntityFrameworkCore.Query[10111]
      Compiling query expression: 
      'DbSet<PostComment>()
          .AsNoTracking()
          .Include(x => x.User)
          .ThenInclude(x => x.StudentProfile)
          .First(x => x.Id == @comment_Id)'
dbug: Microsoft.EntityFrameworkCore.Query[10112]
      Including navigation: 'PostComment.User'.
dbug: Microsoft.EntityFrameworkCore.Query[10112]
      Including navigation: 'User.StudentProfile'.
dbug: Microsoft.EntityFrameworkCore.Query[10107]
      Generated query execution expression: 
      'queryContext => ShapedQueryCompilingExpressionVisitor.SingleAsync<PostComment>(
          asyncEnumerable: SingleQueryingEnumerable.Create<PostComment>(
              relationalQueryContext: (RelationalQueryContext)queryContext, 
              relationalCommandResolver: parameters => [LIFTABLE Constant: RelationalCommandCache.QueryExpression(
                  Client Projections:
                      0 -> Dictionary<IPropertyBase, int> { [Property: PostComment.Id (Guid) Required PK AfterSave:Throw ValueGenerated.OnAdd, 0], [Property: PostComment.Content (string) Required MaxLength(500), 1], [Property: PostComment.CreatedAtUtc (DateTime) Required, 2], [Property: PostComment.PostId (Guid) Required FK Index, 3], [Property: PostComment.UpdatedAtUtc (DateTime?), 4], [Property: PostComment.UserId (Guid) Required FK Index, 5] }
                      1 -> Dictionary<IPropertyBase, int> { [Property: User.Id (Guid) Required PK AfterSave:Throw ValueGenerated.OnAdd, 6], [Property: User.CreatedAtUtc (DateTime) Required, 7], [Property: User.Email (string) Required Index MaxLength(200), 8], [Property: User.EmailVerificationAttemptCount (int) Required, 9], [Property: User.EmailVerificationCodeHash (string) MaxLength(500), 10], [Property: User.EmailVerificationExpiresAtUtc (DateTime?), 11], [Property: User.EmailVerificationSentAtUtc (DateTime?), 12], [Property: User.EmailVerifiedAtUtc (DateTime?), 13], [Property: User.FullName (string) Required MaxLength(150), 14], [Property: User.IsActive (bool) Required, 15], [Property: User.PasswordHash (string) Required MaxLength(1000), 16], [Property: User.Role (UserRole) Required, 17], [Property: User.TwoFactorEnabled (bool) Required, 18], [Property: User.UniversityId (Guid?) FK Index, 19], [Property: User.UpdatedAtUtc (DateTime?), 20] }
                      2 -> Dictionary<IPropertyBase, int> { [Property: StudentProfile.Id (Guid) Required PK AfterSave:Throw ValueGenerated.OnAdd, 21], [Property: StudentProfile.AvatarUrl (string) MaxLength(500), 22], [Property: StudentProfile.Bio (string) MaxLength(500), 23], [Property: StudentProfile.CoverImageUrl (string) MaxLength(500), 24], [Property: StudentProfile.CreatedAtUtc (DateTime) Required, 25], [Property: StudentProfile.Department (string) Required MaxLength(150), 26], [Property: StudentProfile.UpdatedAtUtc (DateTime?), 27], [Property: StudentProfile.UserId (Guid) Required FK Index, 28], [Property: StudentProfile.Year (int) Required, 29] }
                  SELECT TOP(1) p.Id, p.Content, p.CreatedAtUtc, p.PostId, p.UpdatedAtUtc, p.UserId, u.Id, u.CreatedAtUtc, u.Email, u.EmailVerificationAttemptCount, u.EmailVerificationCodeHash, u.EmailVerificationExpiresAtUtc, u.EmailVerificationSentAtUtc, u.EmailVerifiedAtUtc, u.FullName, u.IsActive, u.PasswordHash, u.Role, u.TwoFactorEnabled, u.UniversityId, u.UpdatedAtUtc, s.Id, s.AvatarUrl, s.Bio, s.CoverImageUrl, s.CreatedAtUtc, s.Department, s.UpdatedAtUtc, s.UserId, s.Year
                  FROM PostComments AS p
                  INNER JOIN Users AS u ON p.UserId == u.Id
                  LEFT JOIN StudentProfiles AS s ON u.Id == s.UserId
                  WHERE p.Id == @comment_Id) | Resolver: c => new RelationalCommandCache(
                  c.Dependencies.MemoryCache, 
                  c.RelationalDependencies.QuerySqlGeneratorFactory, 
                  c.RelationalDependencies.RelationalParameterBasedSqlProcessorFactory, 
                  Client Projections:
                      0 -> Dictionary<IPropertyBase, int> { [Property: PostComment.Id (Guid) Required PK AfterSave:Throw ValueGenerated.OnAdd, 0], [Property: PostComment.Content (string) Required MaxLength(500), 1], [Property: PostComment.CreatedAtUtc (DateTime) Required, 2], [Property: PostComment.PostId (Guid) Required FK Index, 3], [Property: PostComment.UpdatedAtUtc (DateTime?), 4], [Property: PostComment.UserId (Guid) Required FK Index, 5] }
                      1 -> Dictionary<IPropertyBase, int> { [Property: User.Id (Guid) Required PK AfterSave:Throw ValueGenerated.OnAdd, 6], [Property: User.CreatedAtUtc (DateTime) Required, 7], [Property: User.Email (string) Required Index MaxLength(200), 8], [Property: User.EmailVerificationAttemptCount (int) Required, 9], [Property: User.EmailVerificationCodeHash (string) MaxLength(500), 10], [Property: User.EmailVerificationExpiresAtUtc (DateTime?), 11], [Property: User.EmailVerificationSentAtUtc (DateTime?), 12], [Property: User.EmailVerifiedAtUtc (DateTime?), 13], [Property: User.FullName (string) Required MaxLength(150), 14], [Property: User.IsActive (bool) Required, 15], [Property: User.PasswordHash (string) Required MaxLength(1000), 16], [Property: User.Role (UserRole) Required, 17], [Property: User.TwoFactorEnabled (bool) Required, 18], [Property: User.UniversityId (Guid?) FK Index, 19], [Property: User.UpdatedAtUtc (DateTime?), 20] }
                      2 -> Dictionary<IPropertyBase, int> { [Property: StudentProfile.Id (Guid) Required PK AfterSave:Throw ValueGenerated.OnAdd, 21], [Property: StudentProfile.AvatarUrl (string) MaxLength(500), 22], [Property: StudentProfile.Bio (string) MaxLength(500), 23], [Property: StudentProfile.CoverImageUrl (string) MaxLength(500), 24], [Property: StudentProfile.CreatedAtUtc (DateTime) Required, 25], [Property: StudentProfile.Department (string) Required MaxLength(150), 26], [Property: StudentProfile.UpdatedAtUtc (DateTime?), 27], [Property: StudentProfile.UserId (Guid) Required FK Index, 28], [Property: StudentProfile.Year (int) Required, 29] }
                  SELECT TOP(1) p.Id, p.Content, p.CreatedAtUtc, p.PostId, p.UpdatedAtUtc, p.UserId, u.Id, u.CreatedAtUtc, u.Email, u.EmailVerificationAttemptCount, u.EmailVerificationCodeHash, u.EmailVerificationExpiresAtUtc, u.EmailVerificationSentAtUtc, u.EmailVerifiedAtUtc, u.FullName, u.IsActive, u.PasswordHash, u.Role, u.TwoFactorEnabled, u.UniversityId, u.UpdatedAtUtc, s.Id, s.AvatarUrl, s.Bio, s.CoverImageUrl, s.CreatedAtUtc, s.Department, s.UpdatedAtUtc, s.UserId, s.Year
                  FROM PostComments AS p
                  INNER JOIN Users AS u ON p.UserId == u.Id
                  LEFT JOIN StudentProfiles AS s ON u.Id == s.UserId
                  WHERE p.Id == @comment_Id, 
                  False, 
                  MultipleParameters
              )].GetRelationalCommandTemplate(parameters), 
              readerColumns: null, 
              shaper: (queryContext, dataReader, resultContext, resultCoordinator) => 
              {
                  PostComment entity;
                  User entity;
                  StudentProfile entity;
                  entity = 
                  {
                      MaterializationContext materializationContext1;
                      IEntityType entityType1;
                      PostComment instance1;
                      materializationContext1 = new MaterializationContext(
                          [LIFTABLE Constant: ValueBuffer | Resolver: _ => (object)ValueBuffer.Empty], 
                          queryContext.Context
                      );
                      instance1 = default(PostComment);
                      (object)dataReader.GetGuid(0) != null ? 
                      {
                          ISnapshot shadowSnapshot1;
                          shadowSnapshot1 = [LIFTABLE Constant: Snapshot | Resolver: _ => Snapshot.Empty];
                          entityType1 = [LIFTABLE Constant: EntityType: PostComment | Resolver: namelessParameter{0} => namelessParameter{0}.Dependencies.Model.FindEntityType("EduConnect.Domain.Entities.PostComment")];
                          instance1 = switch (entityType1)
                          {
                              case [LIFTABLE Constant: EntityType: PostComment | Resolver: namelessParameter{1} => namelessParameter{1}.Dependencies.Model.FindEntityType("EduConnect.Domain.Entities.PostComment")]: 
                                  {
                                      return 
                                      {
                                          PostComment instance;
                                          instance = new PostComment();
                                          instance.<Id>k__BackingField = dataReader.GetGuid(0);
                                          instance.<Content>k__BackingField = dataReader.GetString(1);
                                          instance.<CreatedAtUtc>k__BackingField = dataReader.GetDateTime(2);
                                          instance.<PostId>k__BackingField = dataReader.GetGuid(3);
                                          instance.<UpdatedAtUtc>k__BackingField = dataReader.IsDBNull(4) ? default(DateTime?) : (DateTime?)dataReader.GetDateTime(4);
                                          instance.<UserId>k__BackingField = dataReader.GetGuid(5);
                                          (instance is IInjectableService) ? ((IInjectableService)instance).Injected(
                                              context: materializationContext1.Context, 
                                              entity: instance, 
                                              queryTrackingBehavior: NoTracking, 
                                              structuralType: [LIFTABLE Constant: EntityType: PostComment | Resolver: namelessParameter{2} => namelessParameter{2}.Dependencies.Model.FindEntityType("EduConnect.Domain.Entities.PostComment")]) : default(void);
                                          return instance;
                                      }}
                              default: 
                                  default(PostComment)
                          }
                          ;
                          return instance1;
                      } : 
                      {
                          object[] keyValues1;
                          keyValues1 = new object[]{ (object)dataReader.GetGuid(0) };
                          return ShapedQueryCompilingExpressionVisitor.CreateNullKeyValueInNoTrackingQuery(
                              entityType: [LIFTABLE Constant: EntityType: PostComment | Resolver: namelessParameter{3} => namelessParameter{3}.Dependencies.Model.FindEntityType("EduConnect.Domain.Entities.PostComment")], 
                              properties: [LIFTABLE Constant: List<RuntimeProperty> { Property: PostComment.Id (Guid) Required PK AfterSave:Throw ValueGenerated.OnAdd } | Resolver: c => c.Dependencies.Model.FindEntityType("EduConnect.Domain.Entities.PostComment").FindPrimaryKey().Properties], 
                              keyValues: keyValues1);
                      };
                      return instance1;
                  };
                  entity = 
                  {
                      MaterializationContext materializationContext2;
                      IEntityType entityType2;
                      User instance2;
                      materializationContext2 = new MaterializationContext(
                          [LIFTABLE Constant: ValueBuffer | Resolver: _ => (object)ValueBuffer.Empty], 
                          queryContext.Context
                      );
                      instance2 = default(User);
                      (object)dataReader.GetGuid(6) != null ? 
                      {
                          ISnapshot shadowSnapshot2;
                          shadowSnapshot2 = [LIFTABLE Constant: Snapshot | Resolver: _ => Snapshot.Empty];
                          entityType2 = [LIFTABLE Constant: EntityType: User | Resolver: namelessParameter{4} => namelessParameter{4}.Dependencies.Model.FindEntityType("EduConnect.Domain.Entities.User")];
                          instance2 = switch (entityType2)
                          {
                              case [LIFTABLE Constant: EntityType: User | Resolver: namelessParameter{5} => namelessParameter{5}.Dependencies.Model.FindEntityType("EduConnect.Domain.Entities.User")]: 
                                  {
                                      return 
                                      {
                                          User instance;
                                          instance = new User();
                                          instance.<Id>k__BackingField = dataReader.GetGuid(6);
                                          instance.<CreatedAtUtc>k__BackingField = dataReader.GetDateTime(7);
                                          instance.<Email>k__BackingField = dataReader.GetString(8);
                                          instance.<EmailVerificationAttemptCount>k__BackingField = dataReader.GetInt32(9);
                                          instance.<EmailVerificationCodeHash>k__BackingField = dataReader.IsDBNull(10) ? default(string) : dataReader.GetString(10);
                                          instance.<EmailVerificationExpiresAtUtc>k__BackingField = dataReader.IsDBNull(11) ? default(DateTime?) : (DateTime?)dataReader.GetDateTime(11);
                                          instance.<EmailVerificationSentAtUtc>k__BackingField = dataReader.IsDBNull(12) ? default(DateTime?) : (DateTime?)dataReader.GetDateTime(12);
                                          instance.<EmailVerifiedAtUtc>k__BackingField = dataReader.IsDBNull(13) ? default(DateTime?) : (DateTime?)dataReader.GetDateTime(13);
                                          instance.<FullName>k__BackingField = dataReader.GetString(14);
                                          instance.<IsActive>k__BackingField = dataReader.GetBoolean(15);
                                          instance.<PasswordHash>k__BackingField = dataReader.GetString(16);
                                          instance.<Role>k__BackingField = Invoke(((EnumToNumberConverter<UserRole, int>)((IReadOnlyProperty)[LIFTABLE Constant: Property: User.Role (UserRole) Required | Resolver: namelessParameter{6} => namelessParameter{6}.Dependencies.Model.FindEntityType("EduConnect.Domain.Entities.User").FindProperty("Role")]).GetTypeMapping().Converter).ConvertFromProviderTyped, dataReader.GetInt32(17));
                                          instance.<TwoFactorEnabled>k__BackingField = dataReader.GetBoolean(18);
                                          instance.<UniversityId>k__BackingField = dataReader.IsDBNull(19) ? default(Guid?) : (Guid?)dataReader.GetGuid(19);
                                          instance.<UpdatedAtUtc>k__BackingField = dataReader.IsDBNull(20) ? default(DateTime?) : (DateTime?)dataReader.GetDateTime(20);
                                          (instance is IInjectableService) ? ((IInjectableService)instance).Injected(
                                              context: materializationContext2.Context, 
                                              entity: instance, 
                                              queryTrackingBehavior: NoTracking, 
                                              structuralType: [LIFTABLE Constant: EntityType: User | Resolver: namelessParameter{7} => namelessParameter{7}.Dependencies.Model.FindEntityType("EduConnect.Domain.Entities.User")]) : default(void);
                                          return instance;
                                      }}
                              default: 
                                  default(User)
                          }
                          ;
                          return instance2;
                      } : 
                      {
                          object[] keyValues2;
                          keyValues2 = new object[]{ (object)dataReader.GetGuid(6) };
                          return ShapedQueryCompilingExpressionVisitor.CreateNullKeyValueInNoTrackingQuery(
                              entityType: [LIFTABLE Constant: EntityType: User | Resolver: namelessParameter{8} => namelessParameter{8}.Dependencies.Model.FindEntityType("EduConnect.Domain.Entities.User")], 
                              properties: [LIFTABLE Constant: List<RuntimeProperty> { Property: User.Id (Guid) Required PK AfterSave:Throw ValueGenerated.OnAdd } | Resolver: c => c.Dependencies.Model.FindEntityType("EduConnect.Domain.Entities.User").FindPrimaryKey().Properties], 
                              keyValues: keyValues2);
                      };
                      return instance2;
                  };
                  entity = 
                  {
                      MaterializationContext materializationContext3;
                      IEntityType entityType3;
                      StudentProfile instance3;
                      materializationContext3 = new MaterializationContext(
                          [LIFTABLE Constant: ValueBuffer | Resolver: _ => (object)ValueBuffer.Empty], 
                          queryContext.Context
                      );
                      instance3 = default(StudentProfile);
                      dataReader.IsDBNull(21) ? default(object) : (object)dataReader.GetGuid(21) != null ? 
                      {
                          ISnapshot shadowSnapshot3;
                          shadowSnapshot3 = [LIFTABLE Constant: Snapshot | Resolver: _ => Snapshot.Empty];
                          entityType3 = [LIFTABLE Constant: EntityType: StudentProfile | Resolver: namelessParameter{9} => namelessParameter{9}.Dependencies.Model.FindEntityType("EduConnect.Domain.Entities.StudentProfile")];
                          instance3 = switch (entityType3)
                          {
                              case [LIFTABLE Constant: EntityType: StudentProfile | Resolver: namelessParameter{10} => namelessParameter{10}.Dependencies.Model.FindEntityType("EduConnect.Domain.Entities.StudentProfile")]: 
                                  {
                                      return 
                                      {
                                          StudentProfile instance;
                                          instance = new StudentProfile();
                                          instance.<Id>k__BackingField = dataReader.IsDBNull(21) ? default(Guid) : dataReader.GetGuid(21);
                                          instance.<AvatarUrl>k__BackingField = dataReader.IsDBNull(22) ? default(string) : dataReader.GetString(22);
                                          instance.<Bio>k__BackingField = dataReader.IsDBNull(23) ? default(string) : dataReader.GetString(23);
                                          instance.<CoverImageUrl>k__BackingField = dataReader.IsDBNull(24) ? default(string) : dataReader.GetString(24);
                                          instance.<CreatedAtUtc>k__BackingField = dataReader.IsDBNull(25) ? default(DateTime) : dataReader.GetDateTime(25);
                                          instance.<Department>k__BackingField = dataReader.IsDBNull(26) ? default(string) : dataReader.GetString(26);
                                          instance.<UpdatedAtUtc>k__BackingField = dataReader.IsDBNull(27) ? default(DateTime?) : (DateTime?)dataReader.GetDateTime(27);
                                          instance.<UserId>k__BackingField = dataReader.IsDBNull(28) ? default(Guid) : dataReader.GetGuid(28);
                                          instance.<Year>k__BackingField = dataReader.IsDBNull(29) ? default(int) : dataReader.GetInt32(29);
                                          (instance is IInjectableService) ? ((IInjectableService)instance).Injected(
                                              context: materializationContext3.Context, 
                                              entity: instance, 
                                              queryTrackingBehavior: NoTracking, 
                                              structuralType: [LIFTABLE Constant: EntityType: StudentProfile | Resolver: namelessParameter{11} => namelessParameter{11}.Dependencies.Model.FindEntityType("EduConnect.Domain.Entities.StudentProfile")]) : default(void);
                                          return instance;
                                      }}
                              default: 
                                  default(StudentProfile)
                          }
                          ;
                          return instance3;
                      } : default(void);
                      return instance3;
                  };
                  ShaperProcessingExpressionVisitor.IncludeReference<User, User, StudentProfile>(
                      queryContext: queryContext, 
                      entity: entity, 
                      relatedEntity: entity, 
                      navigation: [LIFTABLE Constant: Navigation: User.StudentProfile (StudentProfile) Optional ToDependent StudentProfile Inverse: User | Resolver: namelessParameter{12} => namelessParameter{12}.Dependencies.Model.FindEntityType("EduConnect.Domain.Entities.User").FindNavigation("StudentProfile")], 
                      inverseNavigation: [LIFTABLE Constant: Navigation: StudentProfile.User (User) Required ToPrincipal User Inverse: StudentProfile | Resolver: namelessParameter{13} => namelessParameter{13}.Dependencies.Model.FindEntityType("EduConnect.Domain.Entities.StudentProfile").FindNavigation("User")], 
                      fixup: (namelessParameter{14}, namelessParameter{15}) => 
                      {
                          namelessParameter{14}.<StudentProfile>k__BackingField = namelessParameter{15};
                          return namelessParameter{15}.<User>k__BackingField = namelessParameter{14};
                      }, 
                      trackingQuery: False);
                  ShaperProcessingExpressionVisitor.IncludeReference<PostComment, PostComment, User>(
                      queryContext: queryContext, 
                      entity: entity, 
                      relatedEntity: entity, 
                      navigation: [LIFTABLE Constant: Navigation: PostComment.User (User) Required ToPrincipal User Inverse: Comments | Resolver: namelessParameter{16} => namelessParameter{16}.Dependencies.Model.FindEntityType("EduConnect.Domain.Entities.PostComment").FindNavigation("User")], 
                      inverseNavigation: [LIFTABLE Constant: Navigation: User.Comments (ICollection<PostComment>) Collection ToDependent PostComment Inverse: User | Resolver: namelessParameter{17} => namelessParameter{17}.Dependencies.Model.FindEntityType("EduConnect.Domain.Entities.User").FindNavigation("Comments")], 
                      fixup: (namelessParameter{18}, namelessParameter{19}) => 
                      {
                          namelessParameter{18}.<User>k__BackingField = namelessParameter{19};
                          return [LIFTABLE Constant: ClrCollectionAccessor<User, ICollection<PostComment>, PostComment> | Resolver: namelessParameter{20} => namelessParameter{20}.Dependencies.Model.FindEntityType("EduConnect.Domain.Entities.User").FindNavigation("Comments").GetCollectionAccessor()].Add(
                              entity: namelessParameter{19}, 
                              value: namelessParameter{18}, 
                              forMaterialization: True);
                      }, 
                      trackingQuery: False);
                  return entity;
              }, 
              contextType: EduConnect.Infrastructure.Data.AppDbContext, 
              standAloneStateManager: False, 
              detailedErrorsEnabled: False, 
              threadSafetyChecksEnabled: True), 
          cancellationToken: queryContext.CancellationToken)'
dbug: Microsoft.EntityFrameworkCore.Database.Connection[20000]
      Opening connection to database 'EduConnectDb' on server 'localhost\SQLEXPRESS'.
dbug: Microsoft.EntityFrameworkCore.Database.Connection[20001]
      Opened connection to database 'EduConnectDb' on server 'localhost\SQLEXPRESS'.
dbug: Microsoft.EntityFrameworkCore.Database.Connection[20002]
      Closing connection to database 'EduConnectDb' on server 'localhost\SQLEXPRESS'.
dbug: Microsoft.EntityFrameworkCore.Database.Connection[20003]
      Closed connection to database 'EduConnectDb' on server 'localhost\SQLEXPRESS' (0ms).
info: Microsoft.AspNetCore.Mvc.Infrastructure.ObjectResultExecutor[1]
      Executing OkObjectResult, writing value of type 'EduConnect.Application.Contracts.Posts.PostCommentResponse'.
info: Microsoft.AspNetCore.Mvc.Infrastructure.ControllerActionInvoker[105]
      Executed action EduConnect.Api.Controllers.PostsController.AddComment (EduConnect.Api) in 462.1464ms
info: Microsoft.AspNetCore.Routing.EndpointMiddleware[1]
      Executed endpoint 'EduConnect.Api.Controllers.PostsController.AddComment (EduConnect.Api)'
dbug: Microsoft.EntityFrameworkCore.Infrastructure[10407]
      'AppDbContext' disposed.
dbug: Microsoft.EntityFrameworkCore.Database.Connection[20007]
      Disposing connection to database 'EduConnectDb' on server 'localhost\SQLEXPRESS'.
dbug: Microsoft.EntityFrameworkCore.Database.Connection[20008]
      Disposed connection to database '' on server '' (0ms).
info: Microsoft.AspNetCore.Hosting.Diagnostics[2]
      Request finished HTTP/1.1 POST http://localhost:5160/api/posts/cc3ff76d-b167-495a-b69a-30997149e8d8/comments - 200 - application/json;+charset=utf-8 480.5652ms
info: Microsoft.AspNetCore.Hosting.Diagnostics[1]
      Request starting HTTP/1.1 OPTIONS http://localhost:5160/api/posts?page=1&pageSize=10 - - -
info: Microsoft.AspNetCore.Cors.Infrastructure.CorsService[4]
      CORS policy execution successful.
info: Microsoft.AspNetCore.Hosting.Diagnostics[2]
      Request finished HTTP/1.1 OPTIONS http://localhost:5160/api/posts?page=1&pageSize=10 - 204 - - 0.2622ms
info: Microsoft.AspNetCore.Hosting.Diagnostics[1]
      Request starting HTTP/1.1 OPTIONS http://localhost:5160/api/posts/cc3ff76d-b167-495a-b69a-30997149e8d8 - - -
info: Microsoft.AspNetCore.Cors.Infrastructure.CorsService[4]
      CORS policy execution successful.
info: Microsoft.AspNetCore.Hosting.Diagnostics[2]
      Request finished HTTP/1.1 OPTIONS http://localhost:5160/api/posts/cc3ff76d-b167-495a-b69a-30997149e8d8 - 204 - - 0.1966ms
info: Microsoft.AspNetCore.Hosting.Diagnostics[1]
      Request starting HTTP/1.1 OPTIONS http://localhost:5160/api/posts/cc3ff76d-b167-495a-b69a-30997149e8d8 - - -
info: Microsoft.AspNetCore.Cors.Infrastructure.CorsService[4]
      CORS policy execution successful.
info: Microsoft.AspNetCore.Hosting.Diagnostics[2]
      Request finished HTTP/1.1 OPTIONS http://localhost:5160/api/posts/cc3ff76d-b167-495a-b69a-30997149e8d8 - 204 - - 0.0772ms
info: Microsoft.AspNetCore.Hosting.Diagnostics[1]
      Request starting HTTP/1.1 GET http://localhost:5160/api/posts?page=1&pageSize=10 - - -
info: Microsoft.AspNetCore.Hosting.Diagnostics[1]
      Request starting HTTP/1.1 GET http://localhost:5160/api/posts/cc3ff76d-b167-495a-b69a-30997149e8d8 - - -
info: Microsoft.AspNetCore.Cors.Infrastructure.CorsService[4]
      CORS policy execution successful.
info: Microsoft.AspNetCore.Cors.Infrastructure.CorsService[4]
      CORS policy execution successful.
info: Microsoft.AspNetCore.Routing.EndpointMiddleware[0]
      Executing endpoint 'EduConnect.Api.Controllers.PostsController.GetById (EduConnect.Api)'
info: Microsoft.AspNetCore.Mvc.Infrastructure.ControllerActionInvoker[102]
      Route matched with {action = "GetById", controller = "Posts"}. Executing controller action with signature System.Threading.Tasks.Task`1[Microsoft.AspNetCore.Mvc.ActionResult`1[EduConnect.Application.Contracts.Posts.PostDetailResponse]] GetById(System.Guid, System.Threading.CancellationToken) on controller EduConnect.Api.Controllers.PostsController (EduConnect.Api).
info: Microsoft.AspNetCore.Routing.EndpointMiddleware[0]
      Executing endpoint 'EduConnect.Api.Controllers.PostsController.GetAll (EduConnect.Api)'
dbug: Microsoft.EntityFrameworkCore.Infrastructure[10403]
      Entity Framework Core 10.0.5 initialized 'AppDbContext' using provider 'Microsoft.EntityFrameworkCore.SqlServer:10.0.5' with options: MigrationsAssembly=EduConnect.Infrastructure, Version=1.0.0.0, Culture=neutral, PublicKeyToken=null EngineType=SqlServer 
dbug: Microsoft.EntityFrameworkCore.Database.Connection[20005]
      Creating DbConnection.
dbug: Microsoft.EntityFrameworkCore.Database.Connection[20006]
      Created DbConnection. (0ms).
dbug: Microsoft.EntityFrameworkCore.Database.Connection[20000]
      Opening connection to database 'EduConnectDb' on server 'localhost\SQLEXPRESS'.
dbug: Microsoft.EntityFrameworkCore.Database.Connection[20001]
      Opened connection to database 'EduConnectDb' on server 'localhost\SQLEXPRESS'.
info: Microsoft.AspNetCore.Mvc.Infrastructure.ControllerActionInvoker[102]
      Route matched with {action = "GetAll", controller = "Posts"}. Executing controller action with signature System.Threading.Tasks.Task`1[Microsoft.AspNetCore.Mvc.ActionResult`1[EduConnect.Application.Contracts.Common.PagedResponse`1[EduConnect.Application.Contracts.Posts.PostResponse]]] GetAll(Int32, Int32, System.Threading.CancellationToken) on controller EduConnect.Api.Controllers.PostsController (EduConnect.Api).
dbug: Microsoft.EntityFrameworkCore.Infrastructure[10403]
      Entity Framework Core 10.0.5 initialized 'AppDbContext' using provider 'Microsoft.EntityFrameworkCore.SqlServer:10.0.5' with options: MigrationsAssembly=EduConnect.Infrastructure, Version=1.0.0.0, Culture=neutral, PublicKeyToken=null EngineType=SqlServer 
dbug: Microsoft.EntityFrameworkCore.Query[10111]
      Compiling query expression: 
      'DbSet<Post>()
          .AsNoTracking()
          .AsSplitQuery()
          .Where(x => !(x.IsDeleted))
          .Include(x => x.User)
          .ThenInclude(x => x.StudentProfile)
          .Include(x => x.Group)
          .Include(x => x.Likes)
          .Include(x => x.Comments)
          .Include(x => x.Bookmarks)
          .Include(x => x.Views)
          .OrderByDescending(x => x.CreatedAtUtc)
          .Count()'
dbug: Microsoft.EntityFrameworkCore.Query[10107]
      Generated query execution expression: 
      'queryContext => ShapedQueryCompilingExpressionVisitor.SingleAsync<int>(
          asyncEnumerable: SplitQueryingEnumerable.Create<int>(
              relationalQueryContext: (RelationalQueryContext)queryContext, 
              relationalCommandResolver: parameters => [LIFTABLE Constant: RelationalCommandCache.QueryExpression(
                  Projection Mapping:
                      EmptyProjectionMember -> 0
                  SELECT COUNT(*)
                  FROM Posts AS p
                  WHERE Not(p.IsDeleted)) | Resolver: c => new RelationalCommandCache(
                  c.Dependencies.MemoryCache, 
                  c.RelationalDependencies.QuerySqlGeneratorFactory, 
                  c.RelationalDependencies.RelationalParameterBasedSqlProcessorFactory, 
                  Projection Mapping:
                      EmptyProjectionMember -> 0
                  SELECT COUNT(*)
                  FROM Posts AS p
                  WHERE Not(p.IsDeleted), 
                  False, 
                  MultipleParameters
              )].GetRelationalCommandTemplate(parameters), 
              readerColumns: [LIFTABLE Constant: ReaderColumn[] { ReaderColumn<int> } | Resolver: namelessParameter{0} => new ReaderColumn[]{ new ReaderColumn<int>(
                  True, 
                  null, 
                  default(IPropertyBase), 
                  (dataReader, indexMap) => dataReader.GetInt32(0)
              ) }], 
              shaper: (queryContext, dataReader, resultContext, resultCoordinator) => 
              {
                  int? value1;
                  value1 = dataReader.IsDBNull(0) ? default(int?) : (int?)dataReader.GetInt32(0);
                  return (int)value1;
              }, 
              relatedDataLoaders: null, 
              relatedDataLoadersAsync: null, 
              contextType: EduConnect.Infrastructure.Data.AppDbContext, 
              standAloneStateManager: False, 
              detailedErrorsEnabled: False, 
              threadSafetyChecksEnabled: True), 
          cancellationToken: queryContext.CancellationToken)'
dbug: Microsoft.EntityFrameworkCore.Database.Connection[20002]
      Closing connection to database 'EduConnectDb' on server 'localhost\SQLEXPRESS'.
dbug: Microsoft.EntityFrameworkCore.Database.Connection[20003]
      Closed connection to database 'EduConnectDb' on server 'localhost\SQLEXPRESS' (0ms).
info: Microsoft.AspNetCore.Mvc.Infrastructure.ObjectResultExecutor[1]
      Executing OkObjectResult, writing value of type 'EduConnect.Application.Contracts.Posts.PostDetailResponse'.
info: Microsoft.AspNetCore.Mvc.Infrastructure.ControllerActionInvoker[105]
      Executed action EduConnect.Api.Controllers.PostsController.GetById (EduConnect.Api) in 49.9789ms
info: Microsoft.AspNetCore.Routing.EndpointMiddleware[1]
      Executed endpoint 'EduConnect.Api.Controllers.PostsController.GetById (EduConnect.Api)'
dbug: Microsoft.EntityFrameworkCore.Infrastructure[10407]
      'AppDbContext' disposed.
dbug: Microsoft.EntityFrameworkCore.Database.Connection[20007]
      Disposing connection to database 'EduConnectDb' on server 'localhost\SQLEXPRESS'.
dbug: Microsoft.EntityFrameworkCore.Database.Connection[20008]
      Disposed connection to database '' on server '' (0ms).
info: Microsoft.AspNetCore.Hosting.Diagnostics[2]
      Request finished HTTP/1.1 GET http://localhost:5160/api/posts/cc3ff76d-b167-495a-b69a-30997149e8d8 - 200 - application/json;+charset=utf-8 58.4199ms
info: Microsoft.AspNetCore.Hosting.Diagnostics[1]
      Request starting HTTP/1.1 GET http://localhost:5160/api/posts/cc3ff76d-b167-495a-b69a-30997149e8d8 - - -
info: Microsoft.AspNetCore.Cors.Infrastructure.CorsService[4]
      CORS policy execution successful.
info: Microsoft.AspNetCore.Routing.EndpointMiddleware[0]
      Executing endpoint 'EduConnect.Api.Controllers.PostsController.GetById (EduConnect.Api)'
info: Microsoft.AspNetCore.Mvc.Infrastructure.ControllerActionInvoker[102]
      Route matched with {action = "GetById", controller = "Posts"}. Executing controller action with signature System.Threading.Tasks.Task`1[Microsoft.AspNetCore.Mvc.ActionResult`1[EduConnect.Application.Contracts.Posts.PostDetailResponse]] GetById(System.Guid, System.Threading.CancellationToken) on controller EduConnect.Api.Controllers.PostsController (EduConnect.Api).
dbug: Microsoft.EntityFrameworkCore.Infrastructure[10403]
      Entity Framework Core 10.0.5 initialized 'AppDbContext' using provider 'Microsoft.EntityFrameworkCore.SqlServer:10.0.5' with options: MigrationsAssembly=EduConnect.Infrastructure, Version=1.0.0.0, Culture=neutral, PublicKeyToken=null EngineType=SqlServer 
dbug: Microsoft.EntityFrameworkCore.Database.Connection[20005]
      Creating DbConnection.
dbug: Microsoft.EntityFrameworkCore.Database.Connection[20006]
      Created DbConnection. (0ms).
dbug: Microsoft.EntityFrameworkCore.Database.Connection[20000]
      Opening connection to database 'EduConnectDb' on server 'localhost\SQLEXPRESS'.
dbug: Microsoft.EntityFrameworkCore.Database.Connection[20001]
      Opened connection to database 'EduConnectDb' on server 'localhost\SQLEXPRESS'.
dbug: Microsoft.EntityFrameworkCore.Database.Connection[20005]
      Creating DbConnection.
dbug: Microsoft.EntityFrameworkCore.Database.Connection[20006]
      Created DbConnection. (0ms).
dbug: Microsoft.EntityFrameworkCore.Database.Connection[20000]
      Opening connection to database 'EduConnectDb' on server 'localhost\SQLEXPRESS'.
dbug: Microsoft.EntityFrameworkCore.Database.Connection[20002]
      Closing connection to database 'EduConnectDb' on server 'localhost\SQLEXPRESS'.
dbug: Microsoft.EntityFrameworkCore.Database.Connection[20003]
      Closed connection to database 'EduConnectDb' on server 'localhost\SQLEXPRESS' (0ms).
info: Microsoft.AspNetCore.Mvc.Infrastructure.ObjectResultExecutor[1]
      Executing OkObjectResult, writing value of type 'EduConnect.Application.Contracts.Posts.PostDetailResponse'.
info: Microsoft.AspNetCore.Mvc.Infrastructure.ControllerActionInvoker[105]
      Executed action EduConnect.Api.Controllers.PostsController.GetById (EduConnect.Api) in 7.7437ms
info: Microsoft.AspNetCore.Routing.EndpointMiddleware[1]
      Executed endpoint 'EduConnect.Api.Controllers.PostsController.GetById (EduConnect.Api)'
dbug: Microsoft.EntityFrameworkCore.Infrastructure[10407]
      'AppDbContext' disposed.
dbug: Microsoft.EntityFrameworkCore.Database.Connection[20007]
      Disposing connection to database 'EduConnectDb' on server 'localhost\SQLEXPRESS'.
dbug: Microsoft.EntityFrameworkCore.Database.Connection[20008]
      Disposed connection to database '' on server '' (0ms).
info: Microsoft.AspNetCore.Hosting.Diagnostics[2]
      Request finished HTTP/1.1 GET http://localhost:5160/api/posts/cc3ff76d-b167-495a-b69a-30997149e8d8 - 200 - application/json;+charset=utf-8 9.3409ms
dbug: Microsoft.EntityFrameworkCore.Database.Connection[20001]
      Opened connection to database 'EduConnectDb' on server 'localhost\SQLEXPRESS'.
dbug: Microsoft.EntityFrameworkCore.Database.Connection[20002]
      Closing connection to database 'EduConnectDb' on server 'localhost\SQLEXPRESS'.
dbug: Microsoft.EntityFrameworkCore.Database.Connection[20003]
      Closed connection to database 'EduConnectDb' on server 'localhost\SQLEXPRESS' (0ms).
dbug: Microsoft.EntityFrameworkCore.Query[10111]
      Compiling query expression: 
      'DbSet<Post>()
          .AsNoTracking()
          .AsSplitQuery()
          .Where(x => !(x.IsDeleted))
          .Include(x => x.User)
          .ThenInclude(x => x.StudentProfile)
          .Include(x => x.Group)
          .Include(x => x.Likes)
          .Include(x => x.Comments)
          .Include(x => x.Bookmarks)
          .Include(x => x.Views)
          .OrderByDescending(x => x.CreatedAtUtc)
          .Skip(@p)
          .Take(@p1)'
dbug: Microsoft.EntityFrameworkCore.Query[10112]
      Including navigation: 'Post.User'.
dbug: Microsoft.EntityFrameworkCore.Query[10112]
      Including navigation: 'User.StudentProfile'.
dbug: Microsoft.EntityFrameworkCore.Query[10112]
      Including navigation: 'Post.Group'.
dbug: Microsoft.EntityFrameworkCore.Query[10112]
      Including navigation: 'Post.Likes'.
dbug: Microsoft.EntityFrameworkCore.Query[10112]
      Including navigation: 'Post.Comments'.
dbug: Microsoft.EntityFrameworkCore.Query[10112]
      Including navigation: 'Post.Bookmarks'.
dbug: Microsoft.EntityFrameworkCore.Query[10112]
      Including navigation: 'Post.Views'.
dbug: Microsoft.EntityFrameworkCore.Query[10107]
      Generated query execution expression: 
      'queryContext => SplitQueryingEnumerable.Create<Post>(
          relationalQueryContext: (RelationalQueryContext)queryContext, 
          relationalCommandResolver: parameters => [LIFTABLE Constant: RelationalCommandCache.QueryExpression(
              Client Projections:
                  0 -> Dictionary<IPropertyBase, int> { [Property: Post.Id (Guid) Required PK AfterSave:Throw ValueGenerated.OnAdd, 0], [Property: Post.Content (string) Required MaxLength(1500), 1], [Property: Post.CreatedAtUtc (DateTime) Required, 2], [Property: Post.GroupId (Guid?) FK Index, 3], [Property: Post.ImageUrl (string) MaxLength(500), 4], [Property: Post.IsDeleted (bool) Required, 5], [Property: Post.UpdatedAtUtc (DateTime?), 6], [Property: Post.UserId (Guid) Required FK Index, 7] }
                  1 -> Dictionary<IPropertyBase, int> { [Property: User.Id (Guid) Required PK AfterSave:Throw ValueGenerated.OnAdd, 8], [Property: User.CreatedAtUtc (DateTime) Required, 9], [Property: User.Email (string) Required Index MaxLength(200), 10], [Property: User.EmailVerificationAttemptCount (int) Required, 11], [Property: User.EmailVerificationCodeHash (string) MaxLength(500), 12], [Property: User.EmailVerificationExpiresAtUtc (DateTime?), 13], [Property: User.EmailVerificationSentAtUtc (DateTime?), 14], [Property: User.EmailVerifiedAtUtc (DateTime?), 15], [Property: User.FullName (string) Required MaxLength(150), 16], [Property: User.IsActive (bool) Required, 17], [Property: User.PasswordHash (string) Required MaxLength(1000), 18], [Property: User.Role (UserRole) Required, 19], [Property: User.TwoFactorEnabled (bool) Required, 20], [Property: User.UniversityId (Guid?) FK Index, 21], [Property: User.UpdatedAtUtc (DateTime?), 22] }
                  2 -> Dictionary<IPropertyBase, int> { [Property: StudentProfile.Id (Guid) Required PK AfterSave:Throw ValueGenerated.OnAdd, 23], [Property: StudentProfile.AvatarUrl (string) MaxLength(500), 24], [Property: StudentProfile.Bio (string) MaxLength(500), 25], [Property: StudentProfile.CoverImageUrl (string) MaxLength(500), 26], [Property: StudentProfile.CreatedAtUtc (DateTime) Required, 27], [Property: StudentProfile.Department (string) Required MaxLength(150), 28], [Property: StudentProfile.UpdatedAtUtc (DateTime?), 29], [Property: StudentProfile.UserId (Guid) Required FK Index, 30], [Property: StudentProfile.Year (int) Required, 31] }
                  3 -> Dictionary<IPropertyBase, int> { [Property: Group.Id (Guid) Required PK AfterSave:Throw ValueGenerated.OnAdd, 32], [Property: Group.AvatarUrl (string) MaxLength(500), 33], [Property: Group.BannerUrl (string) MaxLength(500), 34], [Property: Group.Category (string) Required MaxLength(100), 35], [Property: Group.CreatedAtUtc (DateTime) Required, 36], [Property: Group.CreatorUserId (Guid) Required FK Index, 37], [Property: Group.Description (string) Required MaxLength(1000), 38], [Property: Group.Name (string) Required MaxLength(150), 39], [Property: Group.ShortDescription (string) Required MaxLength(220), 40], [Property: Group.Slug (string) Required Index MaxLength(160), 41], [Property: Group.UpdatedAtUtc (DateTime?), 42] }
                  4 -> 0
                  5 -> 8
                  6 -> 23
                  7 -> 32
              SELECT p0.Id, p0.Content, p0.CreatedAtUtc, p0.GroupId, p0.ImageUrl, p0.IsDeleted, p0.UpdatedAtUtc, p0.UserId, u.Id, u.CreatedAtUtc, u.Email, u.EmailVerificationAttemptCount, u.EmailVerificationCodeHash, u.EmailVerificationExpiresAtUtc, u.EmailVerificationSentAtUtc, u.EmailVerifiedAtUtc, u.FullName, u.IsActive, u.PasswordHash, u.Role, u.TwoFactorEnabled, u.UniversityId, u.UpdatedAtUtc, s.Id, s.AvatarUrl, s.Bio, s.CoverImageUrl, s.CreatedAtUtc, s.Department, s.UpdatedAtUtc, s.UserId, s.Year, g.Id, g.AvatarUrl, g.BannerUrl, g.Category, g.CreatedAtUtc, g.CreatorUserId, g.Description, g.Name, g.ShortDescription, g.Slug, g.UpdatedAtUtc
              FROM 
              (
                  SELECT p.Id, p.Content, p.CreatedAtUtc, p.GroupId, p.ImageUrl, p.IsDeleted, p.UpdatedAtUtc, p.UserId
                  FROM Posts AS p
                  WHERE Not(p.IsDeleted)
                  ORDER BY p.CreatedAtUtc DESC
                  OFFSET @p ROWS FETCH NEXT @p1 ROWS ONLY
              ) AS p0
              INNER JOIN Users AS u ON p0.UserId == u.Id
              LEFT JOIN StudentProfiles AS s ON u.Id == s.UserId
              LEFT JOIN Groups AS g ON p0.GroupId == g.Id
              ORDER BY p0.CreatedAtUtc DESC, p0.Id ASC, u.Id ASC, s.Id ASC, g.Id ASC) | Resolver: c => new RelationalCommandCache(
              c.Dependencies.MemoryCache, 
              c.RelationalDependencies.QuerySqlGeneratorFactory, 
              c.RelationalDependencies.RelationalParameterBasedSqlProcessorFactory, 
              Client Projections:
                  0 -> Dictionary<IPropertyBase, int> { [Property: Post.Id (Guid) Required PK AfterSave:Throw ValueGenerated.OnAdd, 0], [Property: Post.Content (string) Required MaxLength(1500), 1], [Property: Post.CreatedAtUtc (DateTime) Required, 2], [Property: Post.GroupId (Guid?) FK Index, 3], [Property: Post.ImageUrl (string) MaxLength(500), 4], [Property: Post.IsDeleted (bool) Required, 5], [Property: Post.UpdatedAtUtc (DateTime?), 6], [Property: Post.UserId (Guid) Required FK Index, 7] }
                  1 -> Dictionary<IPropertyBase, int> { [Property: User.Id (Guid) Required PK AfterSave:Throw ValueGenerated.OnAdd, 8], [Property: User.CreatedAtUtc (DateTime) Required, 9], [Property: User.Email (string) Required Index MaxLength(200), 10], [Property: User.EmailVerificationAttemptCount (int) Required, 11], [Property: User.EmailVerificationCodeHash (string) MaxLength(500), 12], [Property: User.EmailVerificationExpiresAtUtc (DateTime?), 13], [Property: User.EmailVerificationSentAtUtc (DateTime?), 14], [Property: User.EmailVerifiedAtUtc (DateTime?), 15], [Property: User.FullName (string) Required MaxLength(150), 16], [Property: User.IsActive (bool) Required, 17], [Property: User.PasswordHash (string) Required MaxLength(1000), 18], [Property: User.Role (UserRole) Required, 19], [Property: User.TwoFactorEnabled (bool) Required, 20], [Property: User.UniversityId (Guid?) FK Index, 21], [Property: User.UpdatedAtUtc (DateTime?), 22] }
                  2 -> Dictionary<IPropertyBase, int> { [Property: StudentProfile.Id (Guid) Required PK AfterSave:Throw ValueGenerated.OnAdd, 23], [Property: StudentProfile.AvatarUrl (string) MaxLength(500), 24], [Property: StudentProfile.Bio (string) MaxLength(500), 25], [Property: StudentProfile.CoverImageUrl (string) MaxLength(500), 26], [Property: StudentProfile.CreatedAtUtc (DateTime) Required, 27], [Property: StudentProfile.Department (string) Required MaxLength(150), 28], [Property: StudentProfile.UpdatedAtUtc (DateTime?), 29], [Property: StudentProfile.UserId (Guid) Required FK Index, 30], [Property: StudentProfile.Year (int) Required, 31] }
                  3 -> Dictionary<IPropertyBase, int> { [Property: Group.Id (Guid) Required PK AfterSave:Throw ValueGenerated.OnAdd, 32], [Property: Group.AvatarUrl (string) MaxLength(500), 33], [Property: Group.BannerUrl (string) MaxLength(500), 34], [Property: Group.Category (string) Required MaxLength(100), 35], [Property: Group.CreatedAtUtc (DateTime) Required, 36], [Property: Group.CreatorUserId (Guid) Required FK Index, 37], [Property: Group.Description (string) Required MaxLength(1000), 38], [Property: Group.Name (string) Required MaxLength(150), 39], [Property: Group.ShortDescription (string) Required MaxLength(220), 40], [Property: Group.Slug (string) Required Index MaxLength(160), 41], [Property: Group.UpdatedAtUtc (DateTime?), 42] }
                  4 -> 0
                  5 -> 8
                  6 -> 23
                  7 -> 32
              SELECT p0.Id, p0.Content, p0.CreatedAtUtc, p0.GroupId, p0.ImageUrl, p0.IsDeleted, p0.UpdatedAtUtc, p0.UserId, u.Id, u.CreatedAtUtc, u.Email, u.EmailVerificationAttemptCount, u.EmailVerificationCodeHash, u.EmailVerificationExpiresAtUtc, u.EmailVerificationSentAtUtc, u.EmailVerifiedAtUtc, u.FullName, u.IsActive, u.PasswordHash, u.Role, u.TwoFactorEnabled, u.UniversityId, u.UpdatedAtUtc, s.Id, s.AvatarUrl, s.Bio, s.CoverImageUrl, s.CreatedAtUtc, s.Department, s.UpdatedAtUtc, s.UserId, s.Year, g.Id, g.AvatarUrl, g.BannerUrl, g.Category, g.CreatedAtUtc, g.CreatorUserId, g.Description, g.Name, g.ShortDescription, g.Slug, g.UpdatedAtUtc
              FROM 
              (
                  SELECT p.Id, p.Content, p.CreatedAtUtc, p.GroupId, p.ImageUrl, p.IsDeleted, p.UpdatedAtUtc, p.UserId
                  FROM Posts AS p
                  WHERE Not(p.IsDeleted)
                  ORDER BY p.CreatedAtUtc DESC
                  OFFSET @p ROWS FETCH NEXT @p1 ROWS ONLY
              ) AS p0
              INNER JOIN Users AS u ON p0.UserId == u.Id
              LEFT JOIN StudentProfiles AS s ON u.Id == s.UserId
              LEFT JOIN Groups AS g ON p0.GroupId == g.Id
              ORDER BY p0.CreatedAtUtc DESC, p0.Id ASC, u.Id ASC, s.Id ASC, g.Id ASC, 
              False, 
              MultipleParameters
          )].GetRelationalCommandTemplate(parameters), 
          readerColumns: [LIFTABLE Constant: ReaderColumn[] { ReaderColumn<Guid>, ReaderColumn<object>, ReaderColumn<DateTime>, ReaderColumn<Guid>, ReaderColumn<object>, ReaderColumn<bool>, ReaderColumn<DateTime>, ReaderColumn<Guid>, ReaderColumn<Guid>, ReaderColumn<DateTime>, ReaderColumn<object>, ReaderColumn<int>, ReaderColumn<object>, ReaderColumn<DateTime>, ReaderColumn<DateTime>, ReaderColumn<DateTime>, ReaderColumn<object>, ReaderColumn<bool>, ReaderColumn<object>, ReaderColumn<int>, ReaderColumn<bool>, ReaderColumn<Guid>, ReaderColumn<DateTime>, ReaderColumn<Guid>, ReaderColumn<object>, ReaderColumn<object>, ReaderColumn<object>, ReaderColumn<DateTime>, ReaderColumn<object>, ReaderColumn<DateTime>, ReaderColumn<Guid>, ReaderColumn<int>, ReaderColumn<Guid>, ReaderColumn<object>, ReaderColumn<object>, ReaderColumn<object>, ReaderColumn<DateTime>, ReaderColumn<Guid>, ReaderColumn<object>, ReaderColumn<object>, ReaderColumn<object>, ReaderColumn<object>, ReaderColumn<DateTime> } | Resolver: namelessParameter{0} => new ReaderColumn[]
          { 
              new ReaderColumn<Guid>(
                  False, 
                  null, 
                  namelessParameter{0}.Dependencies.Model.FindEntityType("EduConnect.Domain.Entities.Post").FindProperty("Id"), 
                  (dataReader, indexMap) => dataReader.GetGuid(0)
              ), 
              new ReaderColumn<object>(
                  False, 
                  null, 
                  namelessParameter{0}.Dependencies.Model.FindEntityType("EduConnect.Domain.Entities.Post").FindProperty("Content"), 
                  (dataReader, indexMap) => (object)dataReader.GetString(1)
              ), 
              new ReaderColumn<DateTime>(
                  False, 
                  null, 
                  namelessParameter{0}.Dependencies.Model.FindEntityType("EduConnect.Domain.Entities.Post").FindProperty("CreatedAtUtc"), 
                  (dataReader, indexMap) => dataReader.GetDateTime(2)
              ), 
              new ReaderColumn<Guid>(
                  True, 
                  null, 
                  namelessParameter{0}.Dependencies.Model.FindEntityType("EduConnect.Domain.Entities.Post").FindProperty("GroupId"), 
                  (dataReader, indexMap) => dataReader.GetGuid(3)
              ), 
              new ReaderColumn<object>(
                  True, 
                  null, 
                  namelessParameter{0}.Dependencies.Model.FindEntityType("EduConnect.Domain.Entities.Post").FindProperty("ImageUrl"), 
                  (dataReader, indexMap) => (object)dataReader.GetString(4)
              ), 
              new ReaderColumn<bool>(
                  False, 
                  null, 
                  namelessParameter{0}.Dependencies.Model.FindEntityType("EduConnect.Domain.Entities.Post").FindProperty("IsDeleted"), 
                  (dataReader, indexMap) => dataReader.GetBoolean(5)
              ), 
              new ReaderColumn<DateTime>(
                  True, 
                  null, 
                  namelessParameter{0}.Dependencies.Model.FindEntityType("EduConnect.Domain.Entities.Post").FindProperty("UpdatedAtUtc"), 
                  (dataReader, indexMap) => dataReader.GetDateTime(6)
              ), 
              new ReaderColumn<Guid>(
                  False, 
                  null, 
                  namelessParameter{0}.Dependencies.Model.FindEntityType("EduConnect.Domain.Entities.Post").FindProperty("UserId"), 
                  (dataReader, indexMap) => dataReader.GetGuid(7)
              ), 
              new ReaderColumn<Guid>(
                  False, 
                  null, 
                  namelessParameter{0}.Dependencies.Model.FindEntityType("EduConnect.Domain.Entities.User").FindProperty("Id"), 
                  (dataReader, indexMap) => dataReader.GetGuid(8)
              ), 
              new ReaderColumn<DateTime>(
                  False, 
                  null, 
                  namelessParameter{0}.Dependencies.Model.FindEntityType("EduConnect.Domain.Entities.User").FindProperty("CreatedAtUtc"), 
                  (dataReader, indexMap) => dataReader.GetDateTime(9)
              ), 
              new ReaderColumn<object>(
                  False, 
                  null, 
                  namelessParameter{0}.Dependencies.Model.FindEntityType("EduConnect.Domain.Entities.User").FindProperty("Email"), 
                  (dataReader, indexMap) => (object)dataReader.GetString(10)
              ), 
              new ReaderColumn<int>(
                  False, 
                  null, 
                  namelessParameter{0}.Dependencies.Model.FindEntityType("EduConnect.Domain.Entities.User").FindProperty("EmailVerificationAttemptCount"), 
                  (dataReader, indexMap) => dataReader.GetInt32(11)
              ), 
              new ReaderColumn<object>(
                  True, 
                  null, 
                  namelessParameter{0}.Dependencies.Model.FindEntityType("EduConnect.Domain.Entities.User").FindProperty("EmailVerificationCodeHash"), 
                  (dataReader, indexMap) => (object)dataReader.GetString(12)
              ), 
              new ReaderColumn<DateTime>(
                  True, 
                  null, 
                  namelessParameter{0}.Dependencies.Model.FindEntityType("EduConnect.Domain.Entities.User").FindProperty("EmailVerificationExpiresAtUtc"), 
                  (dataReader, indexMap) => dataReader.GetDateTime(13)
              ), 
              new ReaderColumn<DateTime>(
                  True, 
                  null, 
                  namelessParameter{0}.Dependencies.Model.FindEntityType("EduConnect.Domain.Entities.User").FindProperty("EmailVerificationSentAtUtc"), 
                  (dataReader, indexMap) => dataReader.GetDateTime(14)
              ), 
              new ReaderColumn<DateTime>(
                  True, 
                  null, 
                  namelessParameter{0}.Dependencies.Model.FindEntityType("EduConnect.Domain.Entities.User").FindProperty("EmailVerifiedAtUtc"), 
                  (dataReader, indexMap) => dataReader.GetDateTime(15)
              ), 
              new ReaderColumn<object>(
                  False, 
                  null, 
                  namelessParameter{0}.Dependencies.Model.FindEntityType("EduConnect.Domain.Entities.User").FindProperty("FullName"), 
                  (dataReader, indexMap) => (object)dataReader.GetString(16)
              ), 
              new ReaderColumn<bool>(
                  False, 
                  null, 
                  namelessParameter{0}.Dependencies.Model.FindEntityType("EduConnect.Domain.Entities.User").FindProperty("IsActive"), 
                  (dataReader, indexMap) => dataReader.GetBoolean(17)
              ), 
              new ReaderColumn<object>(
                  False, 
                  null, 
                  namelessParameter{0}.Dependencies.Model.FindEntityType("EduConnect.Domain.Entities.User").FindProperty("PasswordHash"), 
                  (dataReader, indexMap) => (object)dataReader.GetString(18)
              ), 
              new ReaderColumn<int>(
                  False, 
                  null, 
                  namelessParameter{0}.Dependencies.Model.FindEntityType("EduConnect.Domain.Entities.User").FindProperty("Role"), 
                  (dataReader, indexMap) => dataReader.GetInt32(19)
              ), 
              new ReaderColumn<bool>(
                  False, 
                  null, 
                  namelessParameter{0}.Dependencies.Model.FindEntityType("EduConnect.Domain.Entities.User").FindProperty("TwoFactorEnabled"), 
                  (dataReader, indexMap) => dataReader.GetBoolean(20)
              ), 
              new ReaderColumn<Guid>(
                  True, 
                  null, 
                  namelessParameter{0}.Dependencies.Model.FindEntityType("EduConnect.Domain.Entities.User").FindProperty("UniversityId"), 
                  (dataReader, indexMap) => dataReader.GetGuid(21)
              ), 
              new ReaderColumn<DateTime>(
                  True, 
                  null, 
                  namelessParameter{0}.Dependencies.Model.FindEntityType("EduConnect.Domain.Entities.User").FindProperty("UpdatedAtUtc"), 
                  (dataReader, indexMap) => dataReader.GetDateTime(22)
              ), 
              new ReaderColumn<Guid>(
                  True, 
                  null, 
                  namelessParameter{0}.Dependencies.Model.FindEntityType("EduConnect.Domain.Entities.StudentProfile").FindProperty("Id"), 
                  (dataReader, indexMap) => dataReader.GetGuid(23)
              ), 
              new ReaderColumn<object>(
                  True, 
                  null, 
                  namelessParameter{0}.Dependencies.Model.FindEntityType("EduConnect.Domain.Entities.StudentProfile").FindProperty("AvatarUrl"), 
                  (dataReader, indexMap) => (object)dataReader.GetString(24)
              ), 
              new ReaderColumn<object>(
                  True, 
                  null, 
                  namelessParameter{0}.Dependencies.Model.FindEntityType("EduConnect.Domain.Entities.StudentProfile").FindProperty("Bio"), 
                  (dataReader, indexMap) => (object)dataReader.GetString(25)
              ), 
              new ReaderColumn<object>(
                  True, 
                  null, 
                  namelessParameter{0}.Dependencies.Model.FindEntityType("EduConnect.Domain.Entities.StudentProfile").FindProperty("CoverImageUrl"), 
                  (dataReader, indexMap) => (object)dataReader.GetString(26)
              ), 
              new ReaderColumn<DateTime>(
                  True, 
                  null, 
                  namelessParameter{0}.Dependencies.Model.FindEntityType("EduConnect.Domain.Entities.StudentProfile").FindProperty("CreatedAtUtc"), 
                  (dataReader, indexMap) => dataReader.GetDateTime(27)
              ), 
              new ReaderColumn<object>(
                  True, 
                  null, 
                  namelessParameter{0}.Dependencies.Model.FindEntityType("EduConnect.Domain.Entities.StudentProfile").FindProperty("Department"), 
                  (dataReader, indexMap) => (object)dataReader.GetString(28)
              ), 
              new ReaderColumn<DateTime>(
                  True, 
                  null, 
                  namelessParameter{0}.Dependencies.Model.FindEntityType("EduConnect.Domain.Entities.StudentProfile").FindProperty("UpdatedAtUtc"), 
                  (dataReader, indexMap) => dataReader.GetDateTime(29)
              ), 
              new ReaderColumn<Guid>(
                  True, 
                  null, 
                  namelessParameter{0}.Dependencies.Model.FindEntityType("EduConnect.Domain.Entities.StudentProfile").FindProperty("UserId"), 
                  (dataReader, indexMap) => dataReader.GetGuid(30)
              ), 
              new ReaderColumn<int>(
                  True, 
                  null, 
                  namelessParameter{0}.Dependencies.Model.FindEntityType("EduConnect.Domain.Entities.StudentProfile").FindProperty("Year"), 
                  (dataReader, indexMap) => dataReader.GetInt32(31)
              ), 
              new ReaderColumn<Guid>(
                  True, 
                  null, 
                  namelessParameter{0}.Dependencies.Model.FindEntityType("EduConnect.Domain.Entities.Group").FindProperty("Id"), 
                  (dataReader, indexMap) => dataReader.GetGuid(32)
              ), 
              new ReaderColumn<object>(
                  True, 
                  null, 
                  namelessParameter{0}.Dependencies.Model.FindEntityType("EduConnect.Domain.Entities.Group").FindProperty("AvatarUrl"), 
                  (dataReader, indexMap) => (object)dataReader.GetString(33)
              ), 
              new ReaderColumn<object>(
                  True, 
                  null, 
                  namelessParameter{0}.Dependencies.Model.FindEntityType("EduConnect.Domain.Entities.Group").FindProperty("BannerUrl"), 
                  (dataReader, indexMap) => (object)dataReader.GetString(34)
              ), 
              new ReaderColumn<object>(
                  True, 
                  null, 
                  namelessParameter{0}.Dependencies.Model.FindEntityType("EduConnect.Domain.Entities.Group").FindProperty("Category"), 
                  (dataReader, indexMap) => (object)dataReader.GetString(35)
              ), 
              new ReaderColumn<DateTime>(
                  True, 
                  null, 
                  namelessParameter{0}.Dependencies.Model.FindEntityType("EduConnect.Domain.Entities.Group").FindProperty("CreatedAtUtc"), 
                  (dataReader, indexMap) => dataReader.GetDateTime(36)
              ), 
              new ReaderColumn<Guid>(
                  True, 
                  null, 
                  namelessParameter{0}.Dependencies.Model.FindEntityType("EduConnect.Domain.Entities.Group").FindProperty("CreatorUserId"), 
                  (dataReader, indexMap) => dataReader.GetGuid(37)
              ), 
              new ReaderColumn<object>(
                  True, 
                  null, 
                  namelessParameter{0}.Dependencies.Model.FindEntityType("EduConnect.Domain.Entities.Group").FindProperty("Description"), 
                  (dataReader, indexMap) => (object)dataReader.GetString(38)
              ), 
              new ReaderColumn<object>(
                  True, 
                  null, 
                  namelessParameter{0}.Dependencies.Model.FindEntityType("EduConnect.Domain.Entities.Group").FindProperty("Name"), 
                  (dataReader, indexMap) => (object)dataReader.GetString(39)
              ), 
              new ReaderColumn<object>(
                  True, 
                  null, 
                  namelessParameter{0}.Dependencies.Model.FindEntityType("EduConnect.Domain.Entities.Group").FindProperty("ShortDescription"), 
                  (dataReader, indexMap) => (object)dataReader.GetString(40)
              ), 
              new ReaderColumn<object>(
                  True, 
                  null, 
                  namelessParameter{0}.Dependencies.Model.FindEntityType("EduConnect.Domain.Entities.Group").FindProperty("Slug"), 
                  (dataReader, indexMap) => (object)dataReader.GetString(41)
              ), 
              new ReaderColumn<DateTime>(
                  True, 
                  null, 
                  namelessParameter{0}.Dependencies.Model.FindEntityType("EduConnect.Domain.Entities.Group").FindProperty("UpdatedAtUtc"), 
                  (dataReader, indexMap) => dataReader.GetDateTime(42)
              ) 
          }], 
          shaper: (queryContext, dataReader, resultContext, resultCoordinator) => resultContext.Values == null ? 
          {
              Post entity;
              User entity;
              StudentProfile entity;
              Group entity;
              entity = 
              {
                  MaterializationContext materializationContext1;
                  IEntityType entityType1;
                  Post instance1;
                  materializationContext1 = new MaterializationContext(
                      [LIFTABLE Constant: ValueBuffer | Resolver: _ => (object)ValueBuffer.Empty], 
                      queryContext.Context
                  );
                  instance1 = default(Post);
                  (object)dataReader.GetGuid(0) != null ? 
                  {
                      ISnapshot shadowSnapshot1;
                      shadowSnapshot1 = [LIFTABLE Constant: Snapshot | Resolver: _ => Snapshot.Empty];
                      entityType1 = [LIFTABLE Constant: EntityType: Post | Resolver: namelessParameter{1} => namelessParameter{1}.Dependencies.Model.FindEntityType("EduConnect.Domain.Entities.Post")];
                      instance1 = switch (entityType1)
                      {
                          case [LIFTABLE Constant: EntityType: Post | Resolver: namelessParameter{2} => namelessParameter{2}.Dependencies.Model.FindEntityType("EduConnect.Domain.Entities.Post")]: 
                              {
                                  return 
                                  {
                                      Post instance;
                                      instance = new Post();
                                      instance.<Id>k__BackingField = dataReader.GetGuid(0);
                                      instance.<Content>k__BackingField = (string)dataReader.GetFieldValue<object>(1);
                                      instance.<CreatedAtUtc>k__BackingField = dataReader.GetDateTime(2);
                                      instance.<GroupId>k__BackingField = dataReader.IsDBNull(3) ? default(Guid?) : (Guid?)dataReader.GetGuid(3);
                                      instance.<ImageUrl>k__BackingField = dataReader.IsDBNull(4) ? default(string) : (string)dataReader.GetFieldValue<object>(4);
                                      instance.<IsDeleted>k__BackingField = dataReader.GetBoolean(5);
                                      instance.<UpdatedAtUtc>k__BackingField = dataReader.IsDBNull(6) ? default(DateTime?) : (DateTime?)dataReader.GetDateTime(6);
                                      instance.<UserId>k__BackingField = dataReader.GetGuid(7);
                                      (instance is IInjectableService) ? ((IInjectableService)instance).Injected(
                                          context: materializationContext1.Context, 
                                          entity: instance, 
                                          queryTrackingBehavior: NoTracking, 
                                          structuralType: [LIFTABLE Constant: EntityType: Post | Resolver: namelessParameter{3} => namelessParameter{3}.Dependencies.Model.FindEntityType("EduConnect.Domain.Entities.Post")]) : default(void);
                                      return instance;
                                  }}
                          default: 
                              default(Post)
                      }
                      ;
                      return instance1;
                  } : 
                  {
                      object[] keyValues1;
                      keyValues1 = new object[]{ (object)dataReader.GetGuid(0) };
                      return ShapedQueryCompilingExpressionVisitor.CreateNullKeyValueInNoTrackingQuery(
                          entityType: [LIFTABLE Constant: EntityType: Post | Resolver: namelessParameter{4} => namelessParameter{4}.Dependencies.Model.FindEntityType("EduConnect.Domain.Entities.Post")], 
                          properties: [LIFTABLE Constant: List<RuntimeProperty> { Property: Post.Id (Guid) Required PK AfterSave:Throw ValueGenerated.OnAdd } | Resolver: c => c.Dependencies.Model.FindEntityType("EduConnect.Domain.Entities.Post").FindPrimaryKey().Properties], 
                          keyValues: keyValues1);
                  };
                  return instance1;
              };
              entity = 
              {
                  MaterializationContext materializationContext2;
                  IEntityType entityType2;
                  User instance2;
                  materializationContext2 = new MaterializationContext(
                      [LIFTABLE Constant: ValueBuffer | Resolver: _ => (object)ValueBuffer.Empty], 
                      queryContext.Context
                  );
                  instance2 = default(User);
                  (object)dataReader.GetGuid(8) != null ? 
                  {
                      ISnapshot shadowSnapshot2;
                      shadowSnapshot2 = [LIFTABLE Constant: Snapshot | Resolver: _ => Snapshot.Empty];
                      entityType2 = [LIFTABLE Constant: EntityType: User | Resolver: namelessParameter{5} => namelessParameter{5}.Dependencies.Model.FindEntityType("EduConnect.Domain.Entities.User")];
                      instance2 = switch (entityType2)
                      {
                          case [LIFTABLE Constant: EntityType: User | Resolver: namelessParameter{6} => namelessParameter{6}.Dependencies.Model.FindEntityType("EduConnect.Domain.Entities.User")]: 
                              {
                                  return 
                                  {
                                      User instance;
                                      instance = new User();
                                      instance.<Id>k__BackingField = dataReader.GetGuid(8);
                                      instance.<CreatedAtUtc>k__BackingField = dataReader.GetDateTime(9);
                                      instance.<Email>k__BackingField = (string)dataReader.GetFieldValue<object>(10);
                                      instance.<EmailVerificationAttemptCount>k__BackingField = dataReader.GetInt32(11);
                                      instance.<EmailVerificationCodeHash>k__BackingField = dataReader.IsDBNull(12) ? default(string) : (string)dataReader.GetFieldValue<object>(12);
                                      instance.<EmailVerificationExpiresAtUtc>k__BackingField = dataReader.IsDBNull(13) ? default(DateTime?) : (DateTime?)dataReader.GetDateTime(13);
                                      instance.<EmailVerificationSentAtUtc>k__BackingField = dataReader.IsDBNull(14) ? default(DateTime?) : (DateTime?)dataReader.GetDateTime(14);
                                      instance.<EmailVerifiedAtUtc>k__BackingField = dataReader.IsDBNull(15) ? default(DateTime?) : (DateTime?)dataReader.GetDateTime(15);
                                      instance.<FullName>k__BackingField = (string)dataReader.GetFieldValue<object>(16);
                                      instance.<IsActive>k__BackingField = dataReader.GetBoolean(17);
                                      instance.<PasswordHash>k__BackingField = (string)dataReader.GetFieldValue<object>(18);
                                      instance.<Role>k__BackingField = Invoke(((EnumToNumberConverter<UserRole, int>)((IReadOnlyProperty)[LIFTABLE Constant: Property: User.Role (UserRole) Required | Resolver: namelessParameter{7} => namelessParameter{7}.Dependencies.Model.FindEntityType("EduConnect.Domain.Entities.User").FindProperty("Role")]).GetTypeMapping().Converter).ConvertFromProviderTyped, dataReader.GetInt32(19));
                                      instance.<TwoFactorEnabled>k__BackingField = dataReader.GetBoolean(20);
                                      instance.<UniversityId>k__BackingField = dataReader.IsDBNull(21) ? default(Guid?) : (Guid?)dataReader.GetGuid(21);
                                      instance.<UpdatedAtUtc>k__BackingField = dataReader.IsDBNull(22) ? default(DateTime?) : (DateTime?)dataReader.GetDateTime(22);
                                      (instance is IInjectableService) ? ((IInjectableService)instance).Injected(
                                          context: materializationContext2.Context, 
                                          entity: instance, 
                                          queryTrackingBehavior: NoTracking, 
                                          structuralType: [LIFTABLE Constant: EntityType: User | Resolver: namelessParameter{8} => namelessParameter{8}.Dependencies.Model.FindEntityType("EduConnect.Domain.Entities.User")]) : default(void);
                                      return instance;
                                  }}
                          default: 
                              default(User)
                      }
                      ;
                      return instance2;
                  } : 
                  {
                      object[] keyValues2;
                      keyValues2 = new object[]{ (object)dataReader.GetGuid(8) };
                      return ShapedQueryCompilingExpressionVisitor.CreateNullKeyValueInNoTrackingQuery(
                          entityType: [LIFTABLE Constant: EntityType: User | Resolver: namelessParameter{9} => namelessParameter{9}.Dependencies.Model.FindEntityType("EduConnect.Domain.Entities.User")], 
                          properties: [LIFTABLE Constant: List<RuntimeProperty> { Property: User.Id (Guid) Required PK AfterSave:Throw ValueGenerated.OnAdd } | Resolver: c => c.Dependencies.Model.FindEntityType("EduConnect.Domain.Entities.User").FindPrimaryKey().Properties], 
                          keyValues: keyValues2);
                  };
                  return instance2;
              };
              entity = 
              {
                  MaterializationContext materializationContext3;
                  IEntityType entityType3;
                  StudentProfile instance3;
                  materializationContext3 = new MaterializationContext(
                      [LIFTABLE Constant: ValueBuffer | Resolver: _ => (object)ValueBuffer.Empty], 
                      queryContext.Context
                  );
                  instance3 = default(StudentProfile);
                  dataReader.IsDBNull(23) ? default(object) : (object)dataReader.GetGuid(23) != null ? 
                  {
                      ISnapshot shadowSnapshot3;
                      shadowSnapshot3 = [LIFTABLE Constant: Snapshot | Resolver: _ => Snapshot.Empty];
                      entityType3 = [LIFTABLE Constant: EntityType: StudentProfile | Resolver: namelessParameter{10} => namelessParameter{10}.Dependencies.Model.FindEntityType("EduConnect.Domain.Entities.StudentProfile")];
                      instance3 = switch (entityType3)
                      {
                          case [LIFTABLE Constant: EntityType: StudentProfile | Resolver: namelessParameter{11} => namelessParameter{11}.Dependencies.Model.FindEntityType("EduConnect.Domain.Entities.StudentProfile")]: 
                              {
                                  return 
                                  {
                                      StudentProfile instance;
                                      instance = new StudentProfile();
                                      instance.<Id>k__BackingField = dataReader.IsDBNull(23) ? default(Guid) : dataReader.GetGuid(23);
                                      instance.<AvatarUrl>k__BackingField = dataReader.IsDBNull(24) ? default(string) : (string)dataReader.GetFieldValue<object>(24);
                                      instance.<Bio>k__BackingField = dataReader.IsDBNull(25) ? default(string) : (string)dataReader.GetFieldValue<object>(25);
                                      instance.<CoverImageUrl>k__BackingField = dataReader.IsDBNull(26) ? default(string) : (string)dataReader.GetFieldValue<object>(26);
                                      instance.<CreatedAtUtc>k__BackingField = dataReader.IsDBNull(27) ? default(DateTime) : dataReader.GetDateTime(27);
                                      instance.<Department>k__BackingField = dataReader.IsDBNull(28) ? default(string) : (string)dataReader.GetFieldValue<object>(28);
                                      instance.<UpdatedAtUtc>k__BackingField = dataReader.IsDBNull(29) ? default(DateTime?) : (DateTime?)dataReader.GetDateTime(29);
                                      instance.<UserId>k__BackingField = dataReader.IsDBNull(30) ? default(Guid) : dataReader.GetGuid(30);
                                      instance.<Year>k__BackingField = dataReader.IsDBNull(31) ? default(int) : dataReader.GetInt32(31);
                                      (instance is IInjectableService) ? ((IInjectableService)instance).Injected(
                                          context: materializationContext3.Context, 
                                          entity: instance, 
                                          queryTrackingBehavior: NoTracking, 
                                          structuralType: [LIFTABLE Constant: EntityType: StudentProfile | Resolver: namelessParameter{12} => namelessParameter{12}.Dependencies.Model.FindEntityType("EduConnect.Domain.Entities.StudentProfile")]) : default(void);
                                      return instance;
                                  }}
                          default: 
                              default(StudentProfile)
                      }
                      ;
                      return instance3;
                  } : default(void);
                  return instance3;
              };
              entity = 
              {
                  MaterializationContext materializationContext4;
                  IEntityType entityType4;
                  Group instance4;
                  materializationContext4 = new MaterializationContext(
                      [LIFTABLE Constant: ValueBuffer | Resolver: _ => (object)ValueBuffer.Empty], 
                      queryContext.Context
                  );
                  instance4 = default(Group);
                  dataReader.IsDBNull(32) ? default(object) : (object)dataReader.GetGuid(32) != null ? 
                  {
                      ISnapshot shadowSnapshot4;
                      shadowSnapshot4 = [LIFTABLE Constant: Snapshot | Resolver: _ => Snapshot.Empty];
                      entityType4 = [LIFTABLE Constant: EntityType: Group | Resolver: namelessParameter{13} => namelessParameter{13}.Dependencies.Model.FindEntityType("EduConnect.Domain.Entities.Group")];
                      instance4 = switch (entityType4)
                      {
                          case [LIFTABLE Constant: EntityType: Group | Resolver: namelessParameter{14} => namelessParameter{14}.Dependencies.Model.FindEntityType("EduConnect.Domain.Entities.Group")]: 
                              {
                                  return 
                                  {
                                      Group instance;
                                      instance = new Group();
                                      instance.<Id>k__BackingField = dataReader.IsDBNull(32) ? default(Guid) : dataReader.GetGuid(32);
                                      instance.<AvatarUrl>k__BackingField = dataReader.IsDBNull(33) ? default(string) : (string)dataReader.GetFieldValue<object>(33);
                                      instance.<BannerUrl>k__BackingField = dataReader.IsDBNull(34) ? default(string) : (string)dataReader.GetFieldValue<object>(34);
                                      instance.<Category>k__BackingField = dataReader.IsDBNull(35) ? default(string) : (string)dataReader.GetFieldValue<object>(35);
                                      instance.<CreatedAtUtc>k__BackingField = dataReader.IsDBNull(36) ? default(DateTime) : dataReader.GetDateTime(36);
                                      instance.<CreatorUserId>k__BackingField = dataReader.IsDBNull(37) ? default(Guid) : dataReader.GetGuid(37);
                                      instance.<Description>k__BackingField = dataReader.IsDBNull(38) ? default(string) : (string)dataReader.GetFieldValue<object>(38);
                                      instance.<Name>k__BackingField = dataReader.IsDBNull(39) ? default(string) : (string)dataReader.GetFieldValue<object>(39);
                                      instance.<ShortDescription>k__BackingField = dataReader.IsDBNull(40) ? default(string) : (string)dataReader.GetFieldValue<object>(40);
                                      instance.<Slug>k__BackingField = dataReader.IsDBNull(41) ? default(string) : (string)dataReader.GetFieldValue<object>(41);
                                      instance.<UpdatedAtUtc>k__BackingField = dataReader.IsDBNull(42) ? default(DateTime?) : (DateTime?)dataReader.GetDateTime(42);
                                      (instance is IInjectableService) ? ((IInjectableService)instance).Injected(
                                          context: materializationContext4.Context, 
                                          entity: instance, 
                                          queryTrackingBehavior: NoTracking, 
                                          structuralType: [LIFTABLE Constant: EntityType: Group | Resolver: namelessParameter{15} => namelessParameter{15}.Dependencies.Model.FindEntityType("EduConnect.Domain.Entities.Group")]) : default(void);
                                      return instance;
                                  }}
                          default: 
                              default(Group)
                      }
                      ;
                      return instance4;
                  } : default(void);
                  return instance4;
              };
              resultContext.Values = new object[]
              { 
                  entity, 
                  entity, 
                  entity, 
                  entity 
              };
              ShaperProcessingExpressionVisitor.IncludeReference<User, User, StudentProfile>(
                  queryContext: queryContext, 
                  entity: (User)(resultContext.Values[1]), 
                  relatedEntity: (StudentProfile)(resultContext.Values[2]), 
                  navigation: [LIFTABLE Constant: Navigation: User.StudentProfile (StudentProfile) Optional ToDependent StudentProfile Inverse: User | Resolver: namelessParameter{16} => namelessParameter{16}.Dependencies.Model.FindEntityType("EduConnect.Domain.Entities.User").FindNavigation("StudentProfile")], 
                  inverseNavigation: [LIFTABLE Constant: Navigation: StudentProfile.User (User) Required ToPrincipal User Inverse: StudentProfile | Resolver: namelessParameter{17} => namelessParameter{17}.Dependencies.Model.FindEntityType("EduConnect.Domain.Entities.StudentProfile").FindNavigation("User")], 
                  fixup: (namelessParameter{18}, namelessParameter{19}) => 
                  {
                      namelessParameter{18}.<StudentProfile>k__BackingField = namelessParameter{19};
                      return namelessParameter{19}.<User>k__BackingField = namelessParameter{18};
                  }, 
                  trackingQuery: False);
              ShaperProcessingExpressionVisitor.IncludeReference<Post, Post, User>(
                  queryContext: queryContext, 
                  entity: (Post)(resultContext.Values[0]), 
                  relatedEntity: (User)(resultContext.Values[1]), 
                  navigation: [LIFTABLE Constant: Navigation: Post.User (User) Required ToPrincipal User Inverse: Posts | Resolver: namelessParameter{20} => namelessParameter{20}.Dependencies.Model.FindEntityType("EduConnect.Domain.Entities.Post").FindNavigation("User")], 
                  inverseNavigation: [LIFTABLE Constant: Navigation: User.Posts (ICollection<Post>) Collection ToDependent Post Inverse: User | Resolver: namelessParameter{21} => namelessParameter{21}.Dependencies.Model.FindEntityType("EduConnect.Domain.Entities.User").FindNavigation("Posts")], 
                  fixup: (namelessParameter{22}, namelessParameter{23}) => 
                  {
                      namelessParameter{22}.<User>k__BackingField = namelessParameter{23};
                      return [LIFTABLE Constant: ClrCollectionAccessor<User, ICollection<Post>, Post> | Resolver: namelessParameter{24} => namelessParameter{24}.Dependencies.Model.FindEntityType("EduConnect.Domain.Entities.User").FindNavigation("Posts").GetCollectionAccessor()].Add(
                          entity: namelessParameter{23}, 
                          value: namelessParameter{22}, 
                          forMaterialization: True);
                  }, 
                  trackingQuery: False);
              ShaperProcessingExpressionVisitor.IncludeReference<Post, Post, Group>(
                  queryContext: queryContext, 
                  entity: (Post)(resultContext.Values[0]), 
                  relatedEntity: (Group)(resultContext.Values[3]), 
                  navigation: [LIFTABLE Constant: Navigation: Post.Group (Group) Optional ToPrincipal Group Inverse: Posts | Resolver: namelessParameter{25} => namelessParameter{25}.Dependencies.Model.FindEntityType("EduConnect.Domain.Entities.Post").FindNavigation("Group")], 
                  inverseNavigation: [LIFTABLE Constant: Navigation: Group.Posts (ICollection<Post>) Collection ToDependent Post Inverse: Group | Resolver: namelessParameter{26} => namelessParameter{26}.Dependencies.Model.FindEntityType("EduConnect.Domain.Entities.Group").FindNavigation("Posts")], 
                  fixup: (namelessParameter{27}, namelessParameter{28}) => 
                  {
                      namelessParameter{27}.<Group>k__BackingField = namelessParameter{28};
                      return [LIFTABLE Constant: ClrCollectionAccessor<Group, ICollection<Post>, Post> | Resolver: namelessParameter{29} => namelessParameter{29}.Dependencies.Model.FindEntityType("EduConnect.Domain.Entities.Group").FindNavigation("Posts").GetCollectionAccessor()].Add(
                          entity: namelessParameter{28}, 
                          value: namelessParameter{27}, 
                          forMaterialization: True);
                  }, 
                  trackingQuery: False);
              ShaperProcessingExpressionVisitor.InitializeSplitIncludeCollection<Post, Post>(
                  collectionId: 0, 
                  queryContext: queryContext, 
                  parentDataReader: dataReader, 
                  resultCoordinator: resultCoordinator, 
                  entity: (Post)(resultContext.Values[0]), 
                  parentIdentifier: [LIFTABLE Constant: Func<QueryContext, DbDataReader, object[]> | Resolver: _ => (queryContext, dataReader) => new object[]
                  { 
                      (object)(Guid?)dataReader.GetGuid(0), 
                      (object)(Guid?)dataReader.GetGuid(8), 
                      (object)dataReader.IsDBNull(23) ? default(Guid?) : (Guid?)dataReader.GetGuid(23), 
                      (object)dataReader.IsDBNull(32) ? default(Guid?) : (Guid?)dataReader.GetGuid(32) 
                  }], 
                  navigation: [LIFTABLE Constant: Navigation: Post.Likes (ICollection<PostLike>) Collection ToDependent PostLike Inverse: Post | Resolver: namelessParameter{30} => namelessParameter{30}.Dependencies.Model.FindEntityType("EduConnect.Domain.Entities.Post").FindNavigation("Likes")], 
                  clrCollectionAccessor: [LIFTABLE Constant: ClrCollectionAccessor<Post, ICollection<PostLike>, PostLike> | Resolver: namelessParameter{31} => namelessParameter{31}.Dependencies.Model.FindEntityType("EduConnect.Domain.Entities.Post").FindNavigation("Likes").GetCollectionAccessor()], 
                  trackingQuery: False, 
                  setLoaded: True);
              ShaperProcessingExpressionVisitor.InitializeSplitIncludeCollection<Post, Post>(
                  collectionId: 1, 
                  queryContext: queryContext, 
                  parentDataReader: dataReader, 
                  resultCoordinator: resultCoordinator, 
                  entity: (Post)(resultContext.Values[0]), 
                  parentIdentifier: [LIFTABLE Constant: Func<QueryContext, DbDataReader, object[]> | Resolver: _ => (queryContext, dataReader) => new object[]
                  { 
                      (object)(Guid?)dataReader.GetGuid(0), 
                      (object)(Guid?)dataReader.GetGuid(8), 
                      (object)dataReader.IsDBNull(23) ? default(Guid?) : (Guid?)dataReader.GetGuid(23), 
                      (object)dataReader.IsDBNull(32) ? default(Guid?) : (Guid?)dataReader.GetGuid(32) 
                  }], 
                  navigation: [LIFTABLE Constant: Navigation: Post.Comments (ICollection<PostComment>) Collection ToDependent PostComment Inverse: Post | Resolver: namelessParameter{32} => namelessParameter{32}.Dependencies.Model.FindEntityType("EduConnect.Domain.Entities.Post").FindNavigation("Comments")], 
                  clrCollectionAccessor: [LIFTABLE Constant: ClrCollectionAccessor<Post, ICollection<PostComment>, PostComment> | Resolver: namelessParameter{33} => namelessParameter{33}.Dependencies.Model.FindEntityType("EduConnect.Domain.Entities.Post").FindNavigation("Comments").GetCollectionAccessor()], 
                  trackingQuery: False, 
                  setLoaded: True);
              ShaperProcessingExpressionVisitor.InitializeSplitIncludeCollection<Post, Post>(
                  collectionId: 2, 
                  queryContext: queryContext, 
                  parentDataReader: dataReader, 
                  resultCoordinator: resultCoordinator, 
                  entity: (Post)(resultContext.Values[0]), 
                  parentIdentifier: [LIFTABLE Constant: Func<QueryContext, DbDataReader, object[]> | Resolver: _ => (queryContext, dataReader) => new object[]
                  { 
                      (object)(Guid?)dataReader.GetGuid(0), 
                      (object)(Guid?)dataReader.GetGuid(8), 
                      (object)dataReader.IsDBNull(23) ? default(Guid?) : (Guid?)dataReader.GetGuid(23), 
                      (object)dataReader.IsDBNull(32) ? default(Guid?) : (Guid?)dataReader.GetGuid(32) 
                  }], 
                  navigation: [LIFTABLE Constant: Navigation: Post.Bookmarks (ICollection<PostBookmark>) Collection ToDependent PostBookmark Inverse: Post | Resolver: namelessParameter{34} => namelessParameter{34}.Dependencies.Model.FindEntityType("EduConnect.Domain.Entities.Post").FindNavigation("Bookmarks")], 
                  clrCollectionAccessor: [LIFTABLE Constant: ClrCollectionAccessor<Post, ICollection<PostBookmark>, PostBookmark> | Resolver: namelessParameter{35} => namelessParameter{35}.Dependencies.Model.FindEntityType("EduConnect.Domain.Entities.Post").FindNavigation("Bookmarks").GetCollectionAccessor()], 
                  trackingQuery: False, 
                  setLoaded: True);
              ShaperProcessingExpressionVisitor.InitializeSplitIncludeCollection<Post, Post>(
                  collectionId: 3, 
                  queryContext: queryContext, 
                  parentDataReader: dataReader, 
                  resultCoordinator: resultCoordinator, 
                  entity: (Post)(resultContext.Values[0]), 
                  parentIdentifier: [LIFTABLE Constant: Func<QueryContext, DbDataReader, object[]> | Resolver: _ => (queryContext, dataReader) => new object[]
                  { 
                      (object)(Guid?)dataReader.GetGuid(0), 
                      (object)(Guid?)dataReader.GetGuid(8), 
                      (object)dataReader.IsDBNull(23) ? default(Guid?) : (Guid?)dataReader.GetGuid(23), 
                      (object)dataReader.IsDBNull(32) ? default(Guid?) : (Guid?)dataReader.GetGuid(32) 
                  }], 
                  navigation: [LIFTABLE Constant: Navigation: Post.Views (ICollection<PostView>) Collection ToDependent PostView Inverse: Post | Resolver: namelessParameter{36} => namelessParameter{36}.Dependencies.Model.FindEntityType("EduConnect.Domain.Entities.Post").FindNavigation("Views")], 
                  clrCollectionAccessor: [LIFTABLE Constant: ClrCollectionAccessor<Post, ICollection<PostView>, PostView> | Resolver: namelessParameter{37} => namelessParameter{37}.Dependencies.Model.FindEntityType("EduConnect.Domain.Entities.Post").FindNavigation("Views").GetCollectionAccessor()], 
                  trackingQuery: False, 
                  setLoaded: True);
              return } : (Post)(resultContext.Values[0]), 
          relatedDataLoaders: null, 
          relatedDataLoadersAsync: (queryContext, executionStrategy, resultCoordinator) => ShaperProcessingExpressionVisitor.TaskAwaiter(new Func<Task>[]
          { 
              () => ShaperProcessingExpressionVisitor.PopulateSplitIncludeCollectionAsync<Post, PostLike>(
                  collectionId: 0, 
                  queryContext: (RelationalQueryContext)queryContext, 
                  executionStrategy: executionStrategy, 
                  relationalCommandResolver: parameters => [LIFTABLE Constant: RelationalCommandCache.QueryExpression(
                      Client Projections:
                          0 -> Dictionary<IPropertyBase, int> { [Property: PostLike.Id (Guid) Required PK AfterSave:Throw ValueGenerated.OnAdd, 0], [Property: PostLike.CreatedAtUtc (DateTime) Required, 1], [Property: PostLike.PostId (Guid) Required FK Index, 2], [Property: PostLike.UpdatedAtUtc (DateTime?), 3], [Property: PostLike.UserId (Guid) Required FK Index, 4] }
                          1 -> 5
                          2 -> 6
                          3 -> 7
                          4 -> 8
                      SELECT p1.Id, p1.CreatedAtUtc, p1.PostId, p1.UpdatedAtUtc, p1.UserId, p0.Id, u.Id, s.Id, g.Id
                      FROM 
                      (
                          SELECT p.Id, p.CreatedAtUtc, p.GroupId, p.UserId
                          FROM Posts AS p
                          WHERE Not(p.IsDeleted)
                          ORDER BY p.CreatedAtUtc DESC
                          OFFSET @p ROWS FETCH NEXT @p1 ROWS ONLY
                      ) AS p0
                      INNER JOIN Users AS u ON p0.UserId == u.Id
                      LEFT JOIN StudentProfiles AS s ON u.Id == s.UserId
                      LEFT JOIN Groups AS g ON p0.GroupId == g.Id
                      INNER JOIN PostLikes AS p1 ON p0.Id == p1.PostId
                      ORDER BY p0.CreatedAtUtc DESC, p0.Id ASC, u.Id ASC, s.Id ASC, g.Id ASC) | Resolver: c => new RelationalCommandCache(
                      c.Dependencies.MemoryCache, 
                      c.RelationalDependencies.QuerySqlGeneratorFactory, 
                      c.RelationalDependencies.RelationalParameterBasedSqlProcessorFactory, 
                      Client Projections:
                          0 -> Dictionary<IPropertyBase, int> { [Property: PostLike.Id (Guid) Required PK AfterSave:Throw ValueGenerated.OnAdd, 0], [Property: PostLike.CreatedAtUtc (DateTime) Required, 1], [Property: PostLike.PostId (Guid) Required FK Index, 2], [Property: PostLike.UpdatedAtUtc (DateTime?), 3], [Property: PostLike.UserId (Guid) Required FK Index, 4] }
                          1 -> 5
                          2 -> 6
                          3 -> 7
                          4 -> 8
                      SELECT p1.Id, p1.CreatedAtUtc, p1.PostId, p1.UpdatedAtUtc, p1.UserId, p0.Id, u.Id, s.Id, g.Id
                      FROM 
                      (
                          SELECT p.Id, p.CreatedAtUtc, p.GroupId, p.UserId
                          FROM Posts AS p
                          WHERE Not(p.IsDeleted)
                          ORDER BY p.CreatedAtUtc DESC
                          OFFSET @p ROWS FETCH NEXT @p1 ROWS ONLY
                      ) AS p0
                      INNER JOIN Users AS u ON p0.UserId == u.Id
                      LEFT JOIN StudentProfiles AS s ON u.Id == s.UserId
                      LEFT JOIN Groups AS g ON p0.GroupId == g.Id
                      INNER JOIN PostLikes AS p1 ON p0.Id == p1.PostId
                      ORDER BY p0.CreatedAtUtc DESC, p0.Id ASC, u.Id ASC, s.Id ASC, g.Id ASC, 
                      False, 
                      MultipleParameters
                  )].GetRelationalCommandTemplate(parameters), 
                  readerColumns: [LIFTABLE Constant: ReaderColumn[] { ReaderColumn<Guid>, ReaderColumn<DateTime>, ReaderColumn<Guid>, ReaderColumn<DateTime>, ReaderColumn<Guid>, ReaderColumn<Guid>, ReaderColumn<Guid>, ReaderColumn<Guid>, ReaderColumn<Guid> } | Resolver: namelessParameter{38} => new ReaderColumn[]
                  { 
                      new ReaderColumn<Guid>(
                          False, 
                          null, 
                          namelessParameter{38}.Dependencies.Model.FindEntityType("EduConnect.Domain.Entities.PostLike").FindProperty("Id"), 
                          (dataReader, indexMap) => dataReader.GetGuid(0)
                      ), 
                      new ReaderColumn<DateTime>(
                          False, 
                          null, 
                          namelessParameter{38}.Dependencies.Model.FindEntityType("EduConnect.Domain.Entities.PostLike").FindProperty("CreatedAtUtc"), 
                          (dataReader, indexMap) => dataReader.GetDateTime(1)
                      ), 
                      new ReaderColumn<Guid>(
                          False, 
                          null, 
                          namelessParameter{38}.Dependencies.Model.FindEntityType("EduConnect.Domain.Entities.PostLike").FindProperty("PostId"), 
                          (dataReader, indexMap) => dataReader.GetGuid(2)
                      ), 
                      new ReaderColumn<DateTime>(
                          True, 
                          null, 
                          namelessParameter{38}.Dependencies.Model.FindEntityType("EduConnect.Domain.Entities.PostLike").FindProperty("UpdatedAtUtc"), 
                          (dataReader, indexMap) => dataReader.GetDateTime(3)
                      ), 
                      new ReaderColumn<Guid>(
                          False, 
                          null, 
                          namelessParameter{38}.Dependencies.Model.FindEntityType("EduConnect.Domain.Entities.PostLike").FindProperty("UserId"), 
                          (dataReader, indexMap) => dataReader.GetGuid(4)
                      ), 
                      new ReaderColumn<Guid>(
                          False, 
                          null, 
                          default(IPropertyBase), 
                          (dataReader, indexMap) => dataReader.GetGuid(5)
                      ), 
                      new ReaderColumn<Guid>(
                          False, 
                          null, 
                          default(IPropertyBase), 
                          (dataReader, indexMap) => dataReader.GetGuid(6)
                      ), 
                      new ReaderColumn<Guid>(
                          True, 
                          null, 
                          default(IPropertyBase), 
                          (dataReader, indexMap) => dataReader.GetGuid(7)
                      ), 
                      new ReaderColumn<Guid>(
                          True, 
                          null, 
                          default(IPropertyBase), 
                          (dataReader, indexMap) => dataReader.GetGuid(8)
                      ) 
                  }], 
                  detailedErrorsEnabled: False, 
                  resultCoordinator: resultCoordinator, 
                  childIdentifier: [LIFTABLE Constant: Func<QueryContext, DbDataReader, object[]> | Resolver: _ => (queryContext, dataReader) => new object[]
                  { 
                      (object)(Guid?)dataReader.GetGuid(5), 
                      (object)(Guid?)dataReader.GetGuid(6), 
                      (object)dataReader.IsDBNull(7) ? default(Guid?) : (Guid?)dataReader.GetGuid(7), 
                      (object)dataReader.IsDBNull(8) ? default(Guid?) : (Guid?)dataReader.GetGuid(8) 
                  }], 
                  identifierValueComparers: [LIFTABLE Constant: Func<object, object, bool>[] { Func<object, object, bool>, Func<object, object, bool>, Func<object, object, bool>, Func<object, object, bool> } | Resolver: _ => new Func<object, object, bool>[]
                  { 
                      (left, right) => left == null ? right == null : right != null && (Guid)left == (Guid)right, 
                      (left, right) => left == null ? right == null : right != null && (Guid)left == (Guid)right, 
                      (left, right) => left == null ? right == null : right != null && (Guid)left == (Guid)right, 
                      (left, right) => left == null ? right == null : right != null && (Guid)left == (Guid)right 
                  }], 
                  innerShaper: (queryContext, dataReader, resultContext, resultCoordinator) => 
                  {
                      PostLike entity;
                      entity = 
                      {
                          MaterializationContext materializationContext5;
                          IEntityType entityType5;
                          PostLike instance5;
                          materializationContext5 = new MaterializationContext(
                              [LIFTABLE Constant: ValueBuffer | Resolver: _ => (object)ValueBuffer.Empty], 
                              queryContext.Context
                          );
                          instance5 = default(PostLike);
                          (object)dataReader.GetGuid(0) != null ? 
                          {
                              ISnapshot shadowSnapshot5;
                              shadowSnapshot5 = [LIFTABLE Constant: Snapshot | Resolver: _ => Snapshot.Empty];
                              entityType5 = [LIFTABLE Constant: EntityType: PostLike | Resolver: namelessParameter{39} => namelessParameter{39}.Dependencies.Model.FindEntityType("EduConnect.Domain.Entities.PostLike")];
                              instance5 = switch (entityType5)
                              {
                                  case [LIFTABLE Constant: EntityType: PostLike | Resolver: namelessParameter{40} => namelessParameter{40}.Dependencies.Model.FindEntityType("EduConnect.Domain.Entities.PostLike")]: 
                                      {
                                          return 
                                          {
                                              PostLike instance;
                                              instance = new PostLike();
                                              instance.<Id>k__BackingField = dataReader.GetGuid(0);
                                              instance.<CreatedAtUtc>k__BackingField = dataReader.GetDateTime(1);
                                              instance.<PostId>k__BackingField = dataReader.GetGuid(2);
                                              instance.<UpdatedAtUtc>k__BackingField = dataReader.IsDBNull(3) ? default(DateTime?) : (DateTime?)dataReader.GetDateTime(3);
                                              instance.<UserId>k__BackingField = dataReader.GetGuid(4);
                                              (instance is IInjectableService) ? ((IInjectableService)instance).Injected(
                                                  context: materializationContext5.Context, 
                                                  entity: instance, 
                                                  queryTrackingBehavior: NoTracking, 
                                                  structuralType: [LIFTABLE Constant: EntityType: PostLike | Resolver: namelessParameter{41} => namelessParameter{41}.Dependencies.Model.FindEntityType("EduConnect.Domain.Entities.PostLike")]) : default(void);
                                              return instance;
                                          }}
                                  default: 
                                      default(PostLike)
                              }
                              ;
                              return instance5;
                          } : 
                          {
                              object[] keyValues5;
                              keyValues5 = new object[]{ (object)dataReader.GetGuid(0) };
                              return ShapedQueryCompilingExpressionVisitor.CreateNullKeyValueInNoTrackingQuery(
                                  entityType: [LIFTABLE Constant: EntityType: PostLike | Resolver: namelessParameter{42} => namelessParameter{42}.Dependencies.Model.FindEntityType("EduConnect.Domain.Entities.PostLike")], 
                                  properties: [LIFTABLE Constant: List<RuntimeProperty> { Property: PostLike.Id (Guid) Required PK AfterSave:Throw ValueGenerated.OnAdd } | Resolver: c => c.Dependencies.Model.FindEntityType("EduConnect.Domain.Entities.PostLike").FindPrimaryKey().Properties], 
                                  keyValues: keyValues5);
                          };
                          return instance5;
                      };
                      return entity;
                  }, 
                  relatedDataLoaders: null, 
                  inverseNavigation: [LIFTABLE Constant: Navigation: PostLike.Post (Post) Required ToPrincipal Post Inverse: Likes | Resolver: namelessParameter{43} => namelessParameter{43}.Dependencies.Model.FindEntityType("EduConnect.Domain.Entities.PostLike").FindNavigation("Post")], 
                  fixup: (namelessParameter{44}, namelessParameter{45}) => 
                  {
                      [LIFTABLE Constant: ClrCollectionAccessor<Post, ICollection<PostLike>, PostLike> | Resolver: namelessParameter{46} => namelessParameter{46}.Dependencies.Model.FindEntityType("EduConnect.Domain.Entities.Post").FindNavigation("Likes").GetCollectionAccessor()].Add(
                          entity: namelessParameter{44}, 
                          value: namelessParameter{45}, 
                          forMaterialization: True);
                      return namelessParameter{45}.<Post>k__BackingField = namelessParameter{44};
                  }, 
                  trackingQuery: False), 
              () => ShaperProcessingExpressionVisitor.PopulateSplitIncludeCollectionAsync<Post, PostComment>(
                  collectionId: 1, 
                  queryContext: (RelationalQueryContext)queryContext, 
                  executionStrategy: executionStrategy, 
                  relationalCommandResolver: parameters => [LIFTABLE Constant: RelationalCommandCache.QueryExpression(
                      Client Projections:
                          0 -> Dictionary<IPropertyBase, int> { [Property: PostComment.Id (Guid) Required PK AfterSave:Throw ValueGenerated.OnAdd, 0], [Property: PostComment.Content (string) Required MaxLength(500), 1], [Property: PostComment.CreatedAtUtc (DateTime) Required, 2], [Property: PostComment.PostId (Guid) Required FK Index, 3], [Property: PostComment.UpdatedAtUtc (DateTime?), 4], [Property: PostComment.UserId (Guid) Required FK Index, 5] }
                          1 -> 6
                          2 -> 7
                          3 -> 8
                          4 -> 9
                      SELECT p2.Id, p2.Content, p2.CreatedAtUtc, p2.PostId, p2.UpdatedAtUtc, p2.UserId, p0.Id, u.Id, s.Id, g.Id
                      FROM 
                      (
                          SELECT p.Id, p.CreatedAtUtc, p.GroupId, p.UserId
                          FROM Posts AS p
                          WHERE Not(p.IsDeleted)
                          ORDER BY p.CreatedAtUtc DESC
                          OFFSET @p ROWS FETCH NEXT @p1 ROWS ONLY
                      ) AS p0
                      INNER JOIN Users AS u ON p0.UserId == u.Id
                      LEFT JOIN StudentProfiles AS s ON u.Id == s.UserId
                      LEFT JOIN Groups AS g ON p0.GroupId == g.Id
                      INNER JOIN PostComments AS p2 ON p0.Id == p2.PostId
                      ORDER BY p0.CreatedAtUtc DESC, p0.Id ASC, u.Id ASC, s.Id ASC, g.Id ASC) | Resolver: c => new RelationalCommandCache(
                      c.Dependencies.MemoryCache, 
                      c.RelationalDependencies.QuerySqlGeneratorFactory, 
                      c.RelationalDependencies.RelationalParameterBasedSqlProcessorFactory, 
                      Client Projections:
                          0 -> Dictionary<IPropertyBase, int> { [Property: PostComment.Id (Guid) Required PK AfterSave:Throw ValueGenerated.OnAdd, 0], [Property: PostComment.Content (string) Required MaxLength(500), 1], [Property: PostComment.CreatedAtUtc (DateTime) Required, 2], [Property: PostComment.PostId (Guid) Required FK Index, 3], [Property: PostComment.UpdatedAtUtc (DateTime?), 4], [Property: PostComment.UserId (Guid) Required FK Index, 5] }
                          1 -> 6
                          2 -> 7
                          3 -> 8
                          4 -> 9
                      SELECT p2.Id, p2.Content, p2.CreatedAtUtc, p2.PostId, p2.UpdatedAtUtc, p2.UserId, p0.Id, u.Id, s.Id, g.Id
                      FROM 
                      (
                          SELECT p.Id, p.CreatedAtUtc, p.GroupId, p.UserId
                          FROM Posts AS p
                          WHERE Not(p.IsDeleted)
                          ORDER BY p.CreatedAtUtc DESC
                          OFFSET @p ROWS FETCH NEXT @p1 ROWS ONLY
                      ) AS p0
                      INNER JOIN Users AS u ON p0.UserId == u.Id
                      LEFT JOIN StudentProfiles AS s ON u.Id == s.UserId
                      LEFT JOIN Groups AS g ON p0.GroupId == g.Id
                      INNER JOIN PostComments AS p2 ON p0.Id == p2.PostId
                      ORDER BY p0.CreatedAtUtc DESC, p0.Id ASC, u.Id ASC, s.Id ASC, g.Id ASC, 
                      False, 
                      MultipleParameters
                  )].GetRelationalCommandTemplate(parameters), 
                  readerColumns: [LIFTABLE Constant: ReaderColumn[] { ReaderColumn<Guid>, ReaderColumn<object>, ReaderColumn<DateTime>, ReaderColumn<Guid>, ReaderColumn<DateTime>, ReaderColumn<Guid>, ReaderColumn<Guid>, ReaderColumn<Guid>, ReaderColumn<Guid>, ReaderColumn<Guid> } | Resolver: namelessParameter{47} => new ReaderColumn[]
                  { 
                      new ReaderColumn<Guid>(
                          False, 
                          null, 
                          namelessParameter{47}.Dependencies.Model.FindEntityType("EduConnect.Domain.Entities.PostComment").FindProperty("Id"), 
                          (dataReader, indexMap) => dataReader.GetGuid(0)
                      ), 
                      new ReaderColumn<object>(
                          False, 
                          null, 
                          namelessParameter{47}.Dependencies.Model.FindEntityType("EduConnect.Domain.Entities.PostComment").FindProperty("Content"), 
                          (dataReader, indexMap) => (object)dataReader.GetString(1)
                      ), 
                      new ReaderColumn<DateTime>(
                          False, 
                          null, 
                          namelessParameter{47}.Dependencies.Model.FindEntityType("EduConnect.Domain.Entities.PostComment").FindProperty("CreatedAtUtc"), 
                          (dataReader, indexMap) => dataReader.GetDateTime(2)
                      ), 
                      new ReaderColumn<Guid>(
                          False, 
                          null, 
                          namelessParameter{47}.Dependencies.Model.FindEntityType("EduConnect.Domain.Entities.PostComment").FindProperty("PostId"), 
                          (dataReader, indexMap) => dataReader.GetGuid(3)
                      ), 
                      new ReaderColumn<DateTime>(
                          True, 
                          null, 
                          namelessParameter{47}.Dependencies.Model.FindEntityType("EduConnect.Domain.Entities.PostComment").FindProperty("UpdatedAtUtc"), 
                          (dataReader, indexMap) => dataReader.GetDateTime(4)
                      ), 
                      new ReaderColumn<Guid>(
                          False, 
                          null, 
                          namelessParameter{47}.Dependencies.Model.FindEntityType("EduConnect.Domain.Entities.PostComment").FindProperty("UserId"), 
                          (dataReader, indexMap) => dataReader.GetGuid(5)
                      ), 
                      new ReaderColumn<Guid>(
                          False, 
                          null, 
                          default(IPropertyBase), 
                          (dataReader, indexMap) => dataReader.GetGuid(6)
                      ), 
                      new ReaderColumn<Guid>(
                          False, 
                          null, 
                          default(IPropertyBase), 
                          (dataReader, indexMap) => dataReader.GetGuid(7)
                      ), 
                      new ReaderColumn<Guid>(
                          True, 
                          null, 
                          default(IPropertyBase), 
                          (dataReader, indexMap) => dataReader.GetGuid(8)
                      ), 
                      new ReaderColumn<Guid>(
                          True, 
                          null, 
                          default(IPropertyBase), 
                          (dataReader, indexMap) => dataReader.GetGuid(9)
                      ) 
                  }], 
                  detailedErrorsEnabled: False, 
                  resultCoordinator: resultCoordinator, 
                  childIdentifier: [LIFTABLE Constant: Func<QueryContext, DbDataReader, object[]> | Resolver: _ => (queryContext, dataReader) => new object[]
                  { 
                      (object)(Guid?)dataReader.GetGuid(6), 
                      (object)(Guid?)dataReader.GetGuid(7), 
                      (object)dataReader.IsDBNull(8) ? default(Guid?) : (Guid?)dataReader.GetGuid(8), 
                      (object)dataReader.IsDBNull(9) ? default(Guid?) : (Guid?)dataReader.GetGuid(9) 
                  }], 
                  identifierValueComparers: [LIFTABLE Constant: Func<object, object, bool>[] { Func<object, object, bool>, Func<object, object, bool>, Func<object, object, bool>, Func<object, object, bool> } | Resolver: _ => new Func<object, object, bool>[]
                  { 
                      (left, right) => left == null ? right == null : right != null && (Guid)left == (Guid)right, 
                      (left, right) => left == null ? right == null : right != null && (Guid)left == (Guid)right, 
                      (left, right) => left == null ? right == null : right != null && (Guid)left == (Guid)right, 
                      (left, right) => left == null ? right == null : right != null && (Guid)left == (Guid)right 
                  }], 
                  innerShaper: (queryContext, dataReader, resultContext, resultCoordinator) => 
                  {
                      PostComment entity;
                      entity = 
                      {
                          MaterializationContext materializationContext6;
                          IEntityType entityType6;
                          PostComment instance6;
                          materializationContext6 = new MaterializationContext(
                              [LIFTABLE Constant: ValueBuffer | Resolver: _ => (object)ValueBuffer.Empty], 
                              queryContext.Context
                          );
                          instance6 = default(PostComment);
                          (object)dataReader.GetGuid(0) != null ? 
                          {
                              ISnapshot shadowSnapshot6;
                              shadowSnapshot6 = [LIFTABLE Constant: Snapshot | Resolver: _ => Snapshot.Empty];
                              entityType6 = [LIFTABLE Constant: EntityType: PostComment | Resolver: namelessParameter{48} => namelessParameter{48}.Dependencies.Model.FindEntityType("EduConnect.Domain.Entities.PostComment")];
                              instance6 = switch (entityType6)
                              {
                                  case [LIFTABLE Constant: EntityType: PostComment | Resolver: namelessParameter{49} => namelessParameter{49}.Dependencies.Model.FindEntityType("EduConnect.Domain.Entities.PostComment")]: 
                                      {
                                          return 
                                          {
                                              PostComment instance;
                                              instance = new PostComment();
                                              instance.<Id>k__BackingField = dataReader.GetGuid(0);
                                              instance.<Content>k__BackingField = (string)dataReader.GetFieldValue<object>(1);
                                              instance.<CreatedAtUtc>k__BackingField = dataReader.GetDateTime(2);
                                              instance.<PostId>k__BackingField = dataReader.GetGuid(3);
                                              instance.<UpdatedAtUtc>k__BackingField = dataReader.IsDBNull(4) ? default(DateTime?) : (DateTime?)dataReader.GetDateTime(4);
                                              instance.<UserId>k__BackingField = dataReader.GetGuid(5);
                                              (instance is IInjectableService) ? ((IInjectableService)instance).Injected(
                                                  context: materializationContext6.Context, 
                                                  entity: instance, 
                                                  queryTrackingBehavior: NoTracking, 
                                                  structuralType: [LIFTABLE Constant: EntityType: PostComment | Resolver: namelessParameter{50} => namelessParameter{50}.Dependencies.Model.FindEntityType("EduConnect.Domain.Entities.PostComment")]) : default(void);
                                              return instance;
                                          }}
                                  default: 
                                      default(PostComment)
                              }
                              ;
                              return instance6;
                          } : 
                          {
                              object[] keyValues6;
                              keyValues6 = new object[]{ (object)dataReader.GetGuid(0) };
                              return ShapedQueryCompilingExpressionVisitor.CreateNullKeyValueInNoTrackingQuery(
                                  entityType: [LIFTABLE Constant: EntityType: PostComment | Resolver: namelessParameter{51} => namelessParameter{51}.Dependencies.Model.FindEntityType("EduConnect.Domain.Entities.PostComment")], 
                                  properties: [LIFTABLE Constant: List<RuntimeProperty> { Property: PostComment.Id (Guid) Required PK AfterSave:Throw ValueGenerated.OnAdd } | Resolver: c => c.Dependencies.Model.FindEntityType("EduConnect.Domain.Entities.PostComment").FindPrimaryKey().Properties], 
                                  keyValues: keyValues6);
                          };
                          return instance6;
                      };
                      return entity;
                  }, 
                  relatedDataLoaders: null, 
                  inverseNavigation: [LIFTABLE Constant: Navigation: PostComment.Post (Post) Required ToPrincipal Post Inverse: Comments | Resolver: namelessParameter{52} => namelessParameter{52}.Dependencies.Model.FindEntityType("EduConnect.Domain.Entities.PostComment").FindNavigation("Post")], 
                  fixup: (namelessParameter{53}, namelessParameter{54}) => 
                  {
                      [LIFTABLE Constant: ClrCollectionAccessor<Post, ICollection<PostComment>, PostComment> | Resolver: namelessParameter{55} => namelessParameter{55}.Dependencies.Model.FindEntityType("EduConnect.Domain.Entities.Post").FindNavigation("Comments").GetCollectionAccessor()].Add(
                          entity: namelessParameter{53}, 
                          value: namelessParameter{54}, 
                          forMaterialization: True);
                      return namelessParameter{54}.<Post>k__BackingField = namelessParameter{53};
                  }, 
                  trackingQuery: False), 
              () => ShaperProcessingExpressionVisitor.PopulateSplitIncludeCollectionAsync<Post, PostBookmark>(
                  collectionId: 2, 
                  queryContext: (RelationalQueryContext)queryContext, 
                  executionStrategy: executionStrategy, 
                  relationalCommandResolver: parameters => [LIFTABLE Constant: RelationalCommandCache.QueryExpression(
                      Client Projections:
                          0 -> Dictionary<IPropertyBase, int> { [Property: PostBookmark.Id (Guid) Required PK AfterSave:Throw ValueGenerated.OnAdd, 0], [Property: PostBookmark.CreatedAtUtc (DateTime) Required, 1], [Property: PostBookmark.PostId (Guid) Required FK Index, 2], [Property: PostBookmark.UpdatedAtUtc (DateTime?), 3], [Property: PostBookmark.UserId (Guid) Required FK Index, 4] }
                          1 -> 5
                          2 -> 6
                          3 -> 7
                          4 -> 8
                      SELECT p3.Id, p3.CreatedAtUtc, p3.PostId, p3.UpdatedAtUtc, p3.UserId, p0.Id, u.Id, s.Id, g.Id
                      FROM 
                      (
                          SELECT p.Id, p.CreatedAtUtc, p.GroupId, p.UserId
                          FROM Posts AS p
                          WHERE Not(p.IsDeleted)
                          ORDER BY p.CreatedAtUtc DESC
                          OFFSET @p ROWS FETCH NEXT @p1 ROWS ONLY
                      ) AS p0
                      INNER JOIN Users AS u ON p0.UserId == u.Id
                      LEFT JOIN StudentProfiles AS s ON u.Id == s.UserId
                      LEFT JOIN Groups AS g ON p0.GroupId == g.Id
                      INNER JOIN PostBookmarks AS p3 ON p0.Id == p3.PostId
                      ORDER BY p0.CreatedAtUtc DESC, p0.Id ASC, u.Id ASC, s.Id ASC, g.Id ASC) | Resolver: c => new RelationalCommandCache(
                      c.Dependencies.MemoryCache, 
                      c.RelationalDependencies.QuerySqlGeneratorFactory, 
                      c.RelationalDependencies.RelationalParameterBasedSqlProcessorFactory, 
                      Client Projections:
                          0 -> Dictionary<IPropertyBase, int> { [Property: PostBookmark.Id (Guid) Required PK AfterSave:Throw ValueGenerated.OnAdd, 0], [Property: PostBookmark.CreatedAtUtc (DateTime) Required, 1], [Property: PostBookmark.PostId (Guid) Required FK Index, 2], [Property: PostBookmark.UpdatedAtUtc (DateTime?), 3], [Property: PostBookmark.UserId (Guid) Required FK Index, 4] }
                          1 -> 5
                          2 -> 6
                          3 -> 7
                          4 -> 8
                      SELECT p3.Id, p3.CreatedAtUtc, p3.PostId, p3.UpdatedAtUtc, p3.UserId, p0.Id, u.Id, s.Id, g.Id
                      FROM 
                      (
                          SELECT p.Id, p.CreatedAtUtc, p.GroupId, p.UserId
                          FROM Posts AS p
                          WHERE Not(p.IsDeleted)
                          ORDER BY p.CreatedAtUtc DESC
                          OFFSET @p ROWS FETCH NEXT @p1 ROWS ONLY
                      ) AS p0
                      INNER JOIN Users AS u ON p0.UserId == u.Id
                      LEFT JOIN StudentProfiles AS s ON u.Id == s.UserId
                      LEFT JOIN Groups AS g ON p0.GroupId == g.Id
                      INNER JOIN PostBookmarks AS p3 ON p0.Id == p3.PostId
                      ORDER BY p0.CreatedAtUtc DESC, p0.Id ASC, u.Id ASC, s.Id ASC, g.Id ASC, 
                      False, 
                      MultipleParameters
                  )].GetRelationalCommandTemplate(parameters), 
                  readerColumns: [LIFTABLE Constant: ReaderColumn[] { ReaderColumn<Guid>, ReaderColumn<DateTime>, ReaderColumn<Guid>, ReaderColumn<DateTime>, ReaderColumn<Guid>, ReaderColumn<Guid>, ReaderColumn<Guid>, ReaderColumn<Guid>, ReaderColumn<Guid> } | Resolver: namelessParameter{56} => new ReaderColumn[]
                  { 
                      new ReaderColumn<Guid>(
                          False, 
                          null, 
                          namelessParameter{56}.Dependencies.Model.FindEntityType("EduConnect.Domain.Entities.PostBookmark").FindProperty("Id"), 
                          (dataReader, indexMap) => dataReader.GetGuid(0)
                      ), 
                      new ReaderColumn<DateTime>(
                          False, 
                          null, 
                          namelessParameter{56}.Dependencies.Model.FindEntityType("EduConnect.Domain.Entities.PostBookmark").FindProperty("CreatedAtUtc"), 
                          (dataReader, indexMap) => dataReader.GetDateTime(1)
                      ), 
                      new ReaderColumn<Guid>(
                          False, 
                          null, 
                          namelessParameter{56}.Dependencies.Model.FindEntityType("EduConnect.Domain.Entities.PostBookmark").FindProperty("PostId"), 
                          (dataReader, indexMap) => dataReader.GetGuid(2)
                      ), 
                      new ReaderColumn<DateTime>(
                          True, 
                          null, 
                          namelessParameter{56}.Dependencies.Model.FindEntityType("EduConnect.Domain.Entities.PostBookmark").FindProperty("UpdatedAtUtc"), 
                          (dataReader, indexMap) => dataReader.GetDateTime(3)
                      ), 
                      new ReaderColumn<Guid>(
                          False, 
                          null, 
                          namelessParameter{56}.Dependencies.Model.FindEntityType("EduConnect.Domain.Entities.PostBookmark").FindProperty("UserId"), 
                          (dataReader, indexMap) => dataReader.GetGuid(4)
                      ), 
                      new ReaderColumn<Guid>(
                          False, 
                          null, 
                          default(IPropertyBase), 
                          (dataReader, indexMap) => dataReader.GetGuid(5)
                      ), 
                      new ReaderColumn<Guid>(
                          False, 
                          null, 
                          default(IPropertyBase), 
                          (dataReader, indexMap) => dataReader.GetGuid(6)
                      ), 
                      new ReaderColumn<Guid>(
                          True, 
                          null, 
                          default(IPropertyBase), 
                          (dataReader, indexMap) => dataReader.GetGuid(7)
                      ), 
                      new ReaderColumn<Guid>(
                          True, 
                          null, 
                          default(IPropertyBase), 
                          (dataReader, indexMap) => dataReader.GetGuid(8)
                      ) 
                  }], 
                  detailedErrorsEnabled: False, 
                  resultCoordinator: resultCoordinator, 
                  childIdentifier: [LIFTABLE Constant: Func<QueryContext, DbDataReader, object[]> | Resolver: _ => (queryContext, dataReader) => new object[]
                  { 
                      (object)(Guid?)dataReader.GetGuid(5), 
                      (object)(Guid?)dataReader.GetGuid(6), 
                      (object)dataReader.IsDBNull(7) ? default(Guid?) : (Guid?)dataReader.GetGuid(7), 
                      (object)dataReader.IsDBNull(8) ? default(Guid?) : (Guid?)dataReader.GetGuid(8) 
                  }], 
                  identifierValueComparers: [LIFTABLE Constant: Func<object, object, bool>[] { Func<object, object, bool>, Func<object, object, bool>, Func<object, object, bool>, Func<object, object, bool> } | Resolver: _ => new Func<object, object, bool>[]
                  { 
                      (left, right) => left == null ? right == null : right != null && (Guid)left == (Guid)right, 
                      (left, right) => left == null ? right == null : right != null && (Guid)left == (Guid)right, 
                      (left, right) => left == null ? right == null : right != null && (Guid)left == (Guid)right, 
                      (left, right) => left == null ? right == null : right != null && (Guid)left == (Guid)right 
                  }], 
                  innerShaper: (queryContext, dataReader, resultContext, resultCoordinator) => 
                  {
                      PostBookmark entity;
                      entity = 
                      {
                          MaterializationContext materializationContext7;
                          IEntityType entityType7;
                          PostBookmark instance7;
                          materializationContext7 = new MaterializationContext(
                              [LIFTABLE Constant: ValueBuffer | Resolver: _ => (object)ValueBuffer.Empty], 
                              queryContext.Context
                          );
                          instance7 = default(PostBookmark);
                          (object)dataReader.GetGuid(0) != null ? 
                          {
                              ISnapshot shadowSnapshot7;
                              shadowSnapshot7 = [LIFTABLE Constant: Snapshot | Resolver: _ => Snapshot.Empty];
                              entityType7 = [LIFTABLE Constant: EntityType: PostBookmark | Resolver: namelessParameter{57} => namelessParameter{57}.Dependencies.Model.FindEntityType("EduConnect.Domain.Entities.PostBookmark")];
                              instance7 = switch (entityType7)
                              {
                                  case [LIFTABLE Constant: EntityType: PostBookmark | Resolver: namelessParameter{58} => namelessParameter{58}.Dependencies.Model.FindEntityType("EduConnect.Domain.Entities.PostBookmark")]: 
                                      {
                                          return 
                                          {
                                              PostBookmark instance;
                                              instance = new PostBookmark();
                                              instance.<Id>k__BackingField = dataReader.GetGuid(0);
                                              instance.<CreatedAtUtc>k__BackingField = dataReader.GetDateTime(1);
                                              instance.<PostId>k__BackingField = dataReader.GetGuid(2);
                                              instance.<UpdatedAtUtc>k__BackingField = dataReader.IsDBNull(3) ? default(DateTime?) : (DateTime?)dataReader.GetDateTime(3);
                                              instance.<UserId>k__BackingField = dataReader.GetGuid(4);
                                              (instance is IInjectableService) ? ((IInjectableService)instance).Injected(
                                                  context: materializationContext7.Context, 
                                                  entity: instance, 
                                                  queryTrackingBehavior: NoTracking, 
                                                  structuralType: [LIFTABLE Constant: EntityType: PostBookmark | Resolver: namelessParameter{59} => namelessParameter{59}.Dependencies.Model.FindEntityType("EduConnect.Domain.Entities.PostBookmark")]) : default(void);
                                              return instance;
                                          }}
                                  default: 
                                      default(PostBookmark)
                              }
                              ;
                              return instance7;
                          } : 
                          {
                              object[] keyValues7;
                              keyValues7 = new object[]{ (object)dataReader.GetGuid(0) };
                              return ShapedQueryCompilingExpressionVisitor.CreateNullKeyValueInNoTrackingQuery(
                                  entityType: [LIFTABLE Constant: EntityType: PostBookmark | Resolver: namelessParameter{60} => namelessParameter{60}.Dependencies.Model.FindEntityType("EduConnect.Domain.Entities.PostBookmark")], 
                                  properties: [LIFTABLE Constant: List<RuntimeProperty> { Property: PostBookmark.Id (Guid) Required PK AfterSave:Throw ValueGenerated.OnAdd } | Resolver: c => c.Dependencies.Model.FindEntityType("EduConnect.Domain.Entities.PostBookmark").FindPrimaryKey().Properties], 
                                  keyValues: keyValues7);
                          };
                          return instance7;
                      };
                      return entity;
                  }, 
                  relatedDataLoaders: null, 
                  inverseNavigation: [LIFTABLE Constant: Navigation: PostBookmark.Post (Post) Required ToPrincipal Post Inverse: Bookmarks | Resolver: namelessParameter{61} => namelessParameter{61}.Dependencies.Model.FindEntityType("EduConnect.Domain.Entities.PostBookmark").FindNavigation("Post")], 
                  fixup: (namelessParameter{62}, namelessParameter{63}) => 
                  {
                      [LIFTABLE Constant: ClrCollectionAccessor<Post, ICollection<PostBookmark>, PostBookmark> | Resolver: namelessParameter{64} => namelessParameter{64}.Dependencies.Model.FindEntityType("EduConnect.Domain.Entities.Post").FindNavigation("Bookmarks").GetCollectionAccessor()].Add(
                          entity: namelessParameter{62}, 
                          value: namelessParameter{63}, 
                          forMaterialization: True);
                      return namelessParameter{63}.<Post>k__BackingField = namelessParameter{62};
                  }, 
                  trackingQuery: False), 
              () => ShaperProcessingExpressionVisitor.PopulateSplitIncludeCollectionAsync<Post, PostView>(
                  collectionId: 3, 
                  queryContext: (RelationalQueryContext)queryContext, 
                  executionStrategy: executionStrategy, 
                  relationalCommandResolver: parameters => [LIFTABLE Constant: RelationalCommandCache.QueryExpression(
                      Client Projections:
                          0 -> Dictionary<IPropertyBase, int> { [Property: PostView.Id (Guid) Required PK AfterSave:Throw ValueGenerated.OnAdd, 0], [Property: PostView.CreatedAtUtc (DateTime) Required, 1], [Property: PostView.PostId (Guid) Required FK Index, 2], [Property: PostView.UpdatedAtUtc (DateTime?), 3], [Property: PostView.UserId (Guid) Required FK Index, 4] }
                          1 -> 5
                          2 -> 6
                          3 -> 7
                          4 -> 8
                      SELECT p4.Id, p4.CreatedAtUtc, p4.PostId, p4.UpdatedAtUtc, p4.UserId, p0.Id, u.Id, s.Id, g.Id
                      FROM 
                      (
                          SELECT p.Id, p.CreatedAtUtc, p.GroupId, p.UserId
                          FROM Posts AS p
                          WHERE Not(p.IsDeleted)
                          ORDER BY p.CreatedAtUtc DESC
                          OFFSET @p ROWS FETCH NEXT @p1 ROWS ONLY
                      ) AS p0
                      INNER JOIN Users AS u ON p0.UserId == u.Id
                      LEFT JOIN StudentProfiles AS s ON u.Id == s.UserId
                      LEFT JOIN Groups AS g ON p0.GroupId == g.Id
                      INNER JOIN PostViews AS p4 ON p0.Id == p4.PostId
                      ORDER BY p0.CreatedAtUtc DESC, p0.Id ASC, u.Id ASC, s.Id ASC, g.Id ASC) | Resolver: c => new RelationalCommandCache(
                      c.Dependencies.MemoryCache, 
                      c.RelationalDependencies.QuerySqlGeneratorFactory, 
                      c.RelationalDependencies.RelationalParameterBasedSqlProcessorFactory, 
                      Client Projections:
                          0 -> Dictionary<IPropertyBase, int> { [Property: PostView.Id (Guid) Required PK AfterSave:Throw ValueGenerated.OnAdd, 0], [Property: PostView.CreatedAtUtc (DateTime) Required, 1], [Property: PostView.PostId (Guid) Required FK Index, 2], [Property: PostView.UpdatedAtUtc (DateTime?), 3], [Property: PostView.UserId (Guid) Required FK Index, 4] }
                          1 -> 5
                          2 -> 6
                          3 -> 7
                          4 -> 8
                      SELECT p4.Id, p4.CreatedAtUtc, p4.PostId, p4.UpdatedAtUtc, p4.UserId, p0.Id, u.Id, s.Id, g.Id
                      FROM 
                      (
                          SELECT p.Id, p.CreatedAtUtc, p.GroupId, p.UserId
                          FROM Posts AS p
                          WHERE Not(p.IsDeleted)
                          ORDER BY p.CreatedAtUtc DESC
                          OFFSET @p ROWS FETCH NEXT @p1 ROWS ONLY
                      ) AS p0
                      INNER JOIN Users AS u ON p0.UserId == u.Id
                      LEFT JOIN StudentProfiles AS s ON u.Id == s.UserId
                      LEFT JOIN Groups AS g ON p0.GroupId == g.Id
                      INNER JOIN PostViews AS p4 ON p0.Id == p4.PostId
                      ORDER BY p0.CreatedAtUtc DESC, p0.Id ASC, u.Id ASC, s.Id ASC, g.Id ASC, 
                      False, 
                      MultipleParameters
                  )].GetRelationalCommandTemplate(parameters), 
                  readerColumns: [LIFTABLE Constant: ReaderColumn[] { ReaderColumn<Guid>, ReaderColumn<DateTime>, ReaderColumn<Guid>, ReaderColumn<DateTime>, ReaderColumn<Guid>, ReaderColumn<Guid>, ReaderColumn<Guid>, ReaderColumn<Guid>, ReaderColumn<Guid> } | Resolver: namelessParameter{65} => new ReaderColumn[]
                  { 
                      new ReaderColumn<Guid>(
                          False, 
                          null, 
                          namelessParameter{65}.Dependencies.Model.FindEntityType("EduConnect.Domain.Entities.PostView").FindProperty("Id"), 
                          (dataReader, indexMap) => dataReader.GetGuid(0)
                      ), 
                      new ReaderColumn<DateTime>(
                          False, 
                          null, 
                          namelessParameter{65}.Dependencies.Model.FindEntityType("EduConnect.Domain.Entities.PostView").FindProperty("CreatedAtUtc"), 
                          (dataReader, indexMap) => dataReader.GetDateTime(1)
                      ), 
                      new ReaderColumn<Guid>(
                          False, 
                          null, 
                          namelessParameter{65}.Dependencies.Model.FindEntityType("EduConnect.Domain.Entities.PostView").FindProperty("PostId"), 
                          (dataReader, indexMap) => dataReader.GetGuid(2)
                      ), 
                      new ReaderColumn<DateTime>(
                          True, 
                          null, 
                          namelessParameter{65}.Dependencies.Model.FindEntityType("EduConnect.Domain.Entities.PostView").FindProperty("UpdatedAtUtc"), 
                          (dataReader, indexMap) => dataReader.GetDateTime(3)
                      ), 
                      new ReaderColumn<Guid>(
                          False, 
                          null, 
                          namelessParameter{65}.Dependencies.Model.FindEntityType("EduConnect.Domain.Entities.PostView").FindProperty("UserId"), 
                          (dataReader, indexMap) => dataReader.GetGuid(4)
                      ), 
                      new ReaderColumn<Guid>(
                          False, 
                          null, 
                          default(IPropertyBase), 
                          (dataReader, indexMap) => dataReader.GetGuid(5)
                      ), 
                      new ReaderColumn<Guid>(
                          False, 
                          null, 
                          default(IPropertyBase), 
                          (dataReader, indexMap) => dataReader.GetGuid(6)
                      ), 
                      new ReaderColumn<Guid>(
                          True, 
                          null, 
                          default(IPropertyBase), 
                          (dataReader, indexMap) => dataReader.GetGuid(7)
                      ), 
                      new ReaderColumn<Guid>(
                          True, 
                          null, 
                          default(IPropertyBase), 
                          (dataReader, indexMap) => dataReader.GetGuid(8)
                      ) 
                  }], 
                  detailedErrorsEnabled: False, 
                  resultCoordinator: resultCoordinator, 
                  childIdentifier: [LIFTABLE Constant: Func<QueryContext, DbDataReader, object[]> | Resolver: _ => (queryContext, dataReader) => new object[]
                  { 
                      (object)(Guid?)dataReader.GetGuid(5), 
                      (object)(Guid?)dataReader.GetGuid(6), 
                      (object)dataReader.IsDBNull(7) ? default(Guid?) : (Guid?)dataReader.GetGuid(7), 
                      (object)dataReader.IsDBNull(8) ? default(Guid?) : (Guid?)dataReader.GetGuid(8) 
                  }], 
                  identifierValueComparers: [LIFTABLE Constant: Func<object, object, bool>[] { Func<object, object, bool>, Func<object, object, bool>, Func<object, object, bool>, Func<object, object, bool> } | Resolver: _ => new Func<object, object, bool>[]
                  { 
                      (left, right) => left == null ? right == null : right != null && (Guid)left == (Guid)right, 
                      (left, right) => left == null ? right == null : right != null && (Guid)left == (Guid)right, 
                      (left, right) => left == null ? right == null : right != null && (Guid)left == (Guid)right, 
                      (left, right) => left == null ? right == null : right != null && (Guid)left == (Guid)right 
                  }], 
                  innerShaper: (queryContext, dataReader, resultContext, resultCoordinator) => 
                  {
                      PostView entity;
                      entity = 
                      {
                          MaterializationContext materializationContext8;
                          IEntityType entityType8;
                          PostView instance8;
                          materializationContext8 = new MaterializationContext(
                              [LIFTABLE Constant: ValueBuffer | Resolver: _ => (object)ValueBuffer.Empty], 
                              queryContext.Context
                          );
                          instance8 = default(PostView);
                          (object)dataReader.GetGuid(0) != null ? 
                          {
                              ISnapshot shadowSnapshot8;
                              shadowSnapshot8 = [LIFTABLE Constant: Snapshot | Resolver: _ => Snapshot.Empty];
                              entityType8 = [LIFTABLE Constant: EntityType: PostView | Resolver: namelessParameter{66} => namelessParameter{66}.Dependencies.Model.FindEntityType("EduConnect.Domain.Entities.PostView")];
                              instance8 = switch (entityType8)
                              {
                                  case [LIFTABLE Constant: EntityType: PostView | Resolver: namelessParameter{67} => namelessParameter{67}.Dependencies.Model.FindEntityType("EduConnect.Domain.Entities.PostView")]: 
                                      {
                                          return 
                                          {
                                              PostView instance;
                                              instance = new PostView();
                                              instance.<Id>k__BackingField = dataReader.GetGuid(0);
                                              instance.<CreatedAtUtc>k__BackingField = dataReader.GetDateTime(1);
                                              instance.<PostId>k__BackingField = dataReader.GetGuid(2);
                                              instance.<UpdatedAtUtc>k__BackingField = dataReader.IsDBNull(3) ? default(DateTime?) : (DateTime?)dataReader.GetDateTime(3);
                                              instance.<UserId>k__BackingField = dataReader.GetGuid(4);
                                              (instance is IInjectableService) ? ((IInjectableService)instance).Injected(
                                                  context: materializationContext8.Context, 
                                                  entity: instance, 
                                                  queryTrackingBehavior: NoTracking, 
                                                  structuralType: [LIFTABLE Constant: EntityType: PostView | Resolver: namelessParameter{68} => namelessParameter{68}.Dependencies.Model.FindEntityType("EduConnect.Domain.Entities.PostView")]) : default(void);
                                              return instance;
                                          }}
                                  default: 
                                      default(PostView)
                              }
                              ;
                              return instance8;
                          } : 
                          {
                              object[] keyValues8;
                              keyValues8 = new object[]{ (object)dataReader.GetGuid(0) };
                              return ShapedQueryCompilingExpressionVisitor.CreateNullKeyValueInNoTrackingQuery(
                                  entityType: [LIFTABLE Constant: EntityType: PostView | Resolver: namelessParameter{69} => namelessParameter{69}.Dependencies.Model.FindEntityType("EduConnect.Domain.Entities.PostView")], 
                                  properties: [LIFTABLE Constant: List<RuntimeProperty> { Property: PostView.Id (Guid) Required PK AfterSave:Throw ValueGenerated.OnAdd } | Resolver: c => c.Dependencies.Model.FindEntityType("EduConnect.Domain.Entities.PostView").FindPrimaryKey().Properties], 
                                  keyValues: keyValues8);
                          };
                          return instance8;
                      };
                      return entity;
                  }, 
                  relatedDataLoaders: null, 
                  inverseNavigation: [LIFTABLE Constant: Navigation: PostView.Post (Post) Required ToPrincipal Post Inverse: Views | Resolver: namelessParameter{70} => namelessParameter{70}.Dependencies.Model.FindEntityType("EduConnect.Domain.Entities.PostView").FindNavigation("Post")], 
                  fixup: (namelessParameter{71}, namelessParameter{72}) => 
                  {
                      [LIFTABLE Constant: ClrCollectionAccessor<Post, ICollection<PostView>, PostView> | Resolver: namelessParameter{73} => namelessParameter{73}.Dependencies.Model.FindEntityType("EduConnect.Domain.Entities.Post").FindNavigation("Views").GetCollectionAccessor()].Add(
                          entity: namelessParameter{71}, 
                          value: namelessParameter{72}, 
                          forMaterialization: True);
                      return namelessParameter{72}.<Post>k__BackingField = namelessParameter{71};
                  }, 
                  trackingQuery: False) 
          }), 
          contextType: EduConnect.Infrastructure.Data.AppDbContext, 
          standAloneStateManager: False, 
          detailedErrorsEnabled: False, 
          threadSafetyChecksEnabled: True)'
dbug: Microsoft.EntityFrameworkCore.Database.Connection[20000]
      Opening connection to database 'EduConnectDb' on server 'localhost\SQLEXPRESS'.
dbug: Microsoft.EntityFrameworkCore.Database.Connection[20001]
      Opened connection to database 'EduConnectDb' on server 'localhost\SQLEXPRESS'.
dbug: Microsoft.EntityFrameworkCore.Database.Connection[20002]
      Closing connection to database 'EduConnectDb' on server 'localhost\SQLEXPRESS'.
dbug: Microsoft.EntityFrameworkCore.Database.Connection[20003]
      Closed connection to database 'EduConnectDb' on server 'localhost\SQLEXPRESS' (0ms).
info: Microsoft.AspNetCore.Mvc.Infrastructure.ObjectResultExecutor[1]
      Executing OkObjectResult, writing value of type 'EduConnect.Application.Contracts.Common.PagedResponse`1[[EduConnect.Application.Contracts.Posts.PostResponse, EduConnect.Application, Version=1.0.0.0, Culture=neutral, PublicKeyToken=null]]'.
info: Microsoft.AspNetCore.Mvc.Infrastructure.ControllerActionInvoker[105]
      Executed action EduConnect.Api.Controllers.PostsController.GetAll (EduConnect.Api) in 266.1058ms
info: Microsoft.AspNetCore.Routing.EndpointMiddleware[1]
      Executed endpoint 'EduConnect.Api.Controllers.PostsController.GetAll (EduConnect.Api)'
dbug: Microsoft.EntityFrameworkCore.Infrastructure[10407]
      'AppDbContext' disposed.
dbug: Microsoft.EntityFrameworkCore.Database.Connection[20007]
      Disposing connection to database 'EduConnectDb' on server 'localhost\SQLEXPRESS'.
dbug: Microsoft.EntityFrameworkCore.Database.Connection[20008]
      Disposed connection to database '' on server '' (0ms).
info: Microsoft.AspNetCore.Hosting.Diagnostics[2]
      Request finished HTTP/1.1 GET http://localhost:5160/api/posts?page=1&pageSize=10 - 200 - application/json;+charset=utf-8 286.8086ms
info: Microsoft.AspNetCore.Hosting.Diagnostics[1]
      Request starting HTTP/1.1 OPTIONS http://localhost:5160/api/groups - - -
info: Microsoft.AspNetCore.Cors.Infrastructure.CorsService[4]
      CORS policy execution successful.
info: Microsoft.AspNetCore.Hosting.Diagnostics[2]
      Request finished HTTP/1.1 OPTIONS http://localhost:5160/api/groups - 204 - - 0.4596ms
info: Microsoft.AspNetCore.Hosting.Diagnostics[1]
      Request starting HTTP/1.1 GET http://localhost:5160/api/groups - - -
info: Microsoft.AspNetCore.Cors.Infrastructure.CorsService[4]
      CORS policy execution successful.
info: Microsoft.AspNetCore.Routing.EndpointMiddleware[0]
      Executing endpoint 'EduConnect.Api.Controllers.GroupsController.GetAll (EduConnect.Api)'
info: Microsoft.AspNetCore.Mvc.Infrastructure.ControllerActionInvoker[102]
      Route matched with {action = "GetAll", controller = "Groups"}. Executing controller action with signature System.Threading.Tasks.Task`1[Microsoft.AspNetCore.Mvc.ActionResult`1[System.Collections.Generic.IReadOnlyCollection`1[EduConnect.Application.Contracts.Groups.GroupResponse]]] GetAll(System.Threading.CancellationToken) on controller EduConnect.Api.Controllers.GroupsController (EduConnect.Api).
dbug: Microsoft.EntityFrameworkCore.Infrastructure[10403]
      Entity Framework Core 10.0.5 initialized 'AppDbContext' using provider 'Microsoft.EntityFrameworkCore.SqlServer:10.0.5' with options: MigrationsAssembly=EduConnect.Infrastructure, Version=1.0.0.0, Culture=neutral, PublicKeyToken=null EngineType=SqlServer 
dbug: Microsoft.EntityFrameworkCore.Query[10111]
      Compiling query expression: 
      'DbSet<Group>()
          .AsNoTracking()
          .AsSplitQuery()
          .Include(x => x.CreatorUser)
          .Include(x => x.Members)
          .ThenInclude(x => x.User)
          .ThenInclude(x => x.StudentProfile)
          .OrderByDescending(x => x.CreatedAtUtc)'
dbug: Microsoft.EntityFrameworkCore.Query[10112]
      Including navigation: 'Group.CreatorUser'.
dbug: Microsoft.EntityFrameworkCore.Query[10112]
      Including navigation: 'Group.Members'.
dbug: Microsoft.EntityFrameworkCore.Query[10112]
      Including navigation: 'GroupMember.User'.
dbug: Microsoft.EntityFrameworkCore.Query[10112]
      Including navigation: 'User.StudentProfile'.
dbug: Microsoft.EntityFrameworkCore.Query[10107]
      Generated query execution expression: 
      'queryContext => SplitQueryingEnumerable.Create<Group>(
          relationalQueryContext: (RelationalQueryContext)queryContext, 
          relationalCommandResolver: parameters => [LIFTABLE Constant: RelationalCommandCache.QueryExpression(
              Client Projections:
                  0 -> Dictionary<IPropertyBase, int> { [Property: Group.Id (Guid) Required PK AfterSave:Throw ValueGenerated.OnAdd, 0], [Property: Group.AvatarUrl (string) MaxLength(500), 1], [Property: Group.BannerUrl (string) MaxLength(500), 2], [Property: Group.Category (string) Required MaxLength(100), 3], [Property: Group.CreatedAtUtc (DateTime) Required, 4], [Property: Group.CreatorUserId (Guid) Required FK Index, 5], [Property: Group.Description (string) Required MaxLength(1000), 6], [Property: Group.Name (string) Required MaxLength(150), 7], [Property: Group.ShortDescription (string) Required MaxLength(220), 8], [Property: Group.Slug (string) Required Index MaxLength(160), 9], [Property: Group.UpdatedAtUtc (DateTime?), 10] }
                  1 -> Dictionary<IPropertyBase, int> { [Property: User.Id (Guid) Required PK AfterSave:Throw ValueGenerated.OnAdd, 11], [Property: User.CreatedAtUtc (DateTime) Required, 12], [Property: User.Email (string) Required Index MaxLength(200), 13], [Property: User.EmailVerificationAttemptCount (int) Required, 14], [Property: User.EmailVerificationCodeHash (string) MaxLength(500), 15], [Property: User.EmailVerificationExpiresAtUtc (DateTime?), 16], [Property: User.EmailVerificationSentAtUtc (DateTime?), 17], [Property: User.EmailVerifiedAtUtc (DateTime?), 18], [Property: User.FullName (string) Required MaxLength(150), 19], [Property: User.IsActive (bool) Required, 20], [Property: User.PasswordHash (string) Required MaxLength(1000), 21], [Property: User.Role (UserRole) Required, 22], [Property: User.TwoFactorEnabled (bool) Required, 23], [Property: User.UniversityId (Guid?) FK Index, 24], [Property: User.UpdatedAtUtc (DateTime?), 25] }
                  2 -> 0
                  3 -> 11
              SELECT g.Id, g.AvatarUrl, g.BannerUrl, g.Category, g.CreatedAtUtc, g.CreatorUserId, g.Description, g.Name, g.ShortDescription, g.Slug, g.UpdatedAtUtc, u.Id, u.CreatedAtUtc, u.Email, u.EmailVerificationAttemptCount, u.EmailVerificationCodeHash, u.EmailVerificationExpiresAtUtc, u.EmailVerificationSentAtUtc, u.EmailVerifiedAtUtc, u.FullName, u.IsActive, u.PasswordHash, u.Role, u.TwoFactorEnabled, u.UniversityId, u.UpdatedAtUtc
              FROM Groups AS g
              INNER JOIN Users AS u ON g.CreatorUserId == u.Id
              ORDER BY g.CreatedAtUtc DESC, g.Id ASC, u.Id ASC) | Resolver: c => new RelationalCommandCache(
              c.Dependencies.MemoryCache, 
              c.RelationalDependencies.QuerySqlGeneratorFactory, 
              c.RelationalDependencies.RelationalParameterBasedSqlProcessorFactory, 
              Client Projections:
                  0 -> Dictionary<IPropertyBase, int> { [Property: Group.Id (Guid) Required PK AfterSave:Throw ValueGenerated.OnAdd, 0], [Property: Group.AvatarUrl (string) MaxLength(500), 1], [Property: Group.BannerUrl (string) MaxLength(500), 2], [Property: Group.Category (string) Required MaxLength(100), 3], [Property: Group.CreatedAtUtc (DateTime) Required, 4], [Property: Group.CreatorUserId (Guid) Required FK Index, 5], [Property: Group.Description (string) Required MaxLength(1000), 6], [Property: Group.Name (string) Required MaxLength(150), 7], [Property: Group.ShortDescription (string) Required MaxLength(220), 8], [Property: Group.Slug (string) Required Index MaxLength(160), 9], [Property: Group.UpdatedAtUtc (DateTime?), 10] }
                  1 -> Dictionary<IPropertyBase, int> { [Property: User.Id (Guid) Required PK AfterSave:Throw ValueGenerated.OnAdd, 11], [Property: User.CreatedAtUtc (DateTime) Required, 12], [Property: User.Email (string) Required Index MaxLength(200), 13], [Property: User.EmailVerificationAttemptCount (int) Required, 14], [Property: User.EmailVerificationCodeHash (string) MaxLength(500), 15], [Property: User.EmailVerificationExpiresAtUtc (DateTime?), 16], [Property: User.EmailVerificationSentAtUtc (DateTime?), 17], [Property: User.EmailVerifiedAtUtc (DateTime?), 18], [Property: User.FullName (string) Required MaxLength(150), 19], [Property: User.IsActive (bool) Required, 20], [Property: User.PasswordHash (string) Required MaxLength(1000), 21], [Property: User.Role (UserRole) Required, 22], [Property: User.TwoFactorEnabled (bool) Required, 23], [Property: User.UniversityId (Guid?) FK Index, 24], [Property: User.UpdatedAtUtc (DateTime?), 25] }
                  2 -> 0
                  3 -> 11
              SELECT g.Id, g.AvatarUrl, g.BannerUrl, g.Category, g.CreatedAtUtc, g.CreatorUserId, g.Description, g.Name, g.ShortDescription, g.Slug, g.UpdatedAtUtc, u.Id, u.CreatedAtUtc, u.Email, u.EmailVerificationAttemptCount, u.EmailVerificationCodeHash, u.EmailVerificationExpiresAtUtc, u.EmailVerificationSentAtUtc, u.EmailVerifiedAtUtc, u.FullName, u.IsActive, u.PasswordHash, u.Role, u.TwoFactorEnabled, u.UniversityId, u.UpdatedAtUtc
              FROM Groups AS g
              INNER JOIN Users AS u ON g.CreatorUserId == u.Id
              ORDER BY g.CreatedAtUtc DESC, g.Id ASC, u.Id ASC, 
              False, 
              MultipleParameters
          )].GetRelationalCommandTemplate(parameters), 
          readerColumns: [LIFTABLE Constant: ReaderColumn[] { ReaderColumn<Guid>, ReaderColumn<object>, ReaderColumn<object>, ReaderColumn<object>, ReaderColumn<DateTime>, ReaderColumn<Guid>, ReaderColumn<object>, ReaderColumn<object>, ReaderColumn<object>, ReaderColumn<object>, ReaderColumn<DateTime>, ReaderColumn<Guid>, ReaderColumn<DateTime>, ReaderColumn<object>, ReaderColumn<int>, ReaderColumn<object>, ReaderColumn<DateTime>, ReaderColumn<DateTime>, ReaderColumn<DateTime>, ReaderColumn<object>, ReaderColumn<bool>, ReaderColumn<object>, ReaderColumn<int>, ReaderColumn<bool>, ReaderColumn<Guid>, ReaderColumn<DateTime> } | Resolver: namelessParameter{0} => new ReaderColumn[]
          { 
              new ReaderColumn<Guid>(
                  False, 
                  null, 
                  namelessParameter{0}.Dependencies.Model.FindEntityType("EduConnect.Domain.Entities.Group").FindProperty("Id"), 
                  (dataReader, indexMap) => dataReader.GetGuid(0)
              ), 
              new ReaderColumn<object>(
                  True, 
                  null, 
                  namelessParameter{0}.Dependencies.Model.FindEntityType("EduConnect.Domain.Entities.Group").FindProperty("AvatarUrl"), 
                  (dataReader, indexMap) => (object)dataReader.GetString(1)
              ), 
              new ReaderColumn<object>(
                  True, 
                  null, 
                  namelessParameter{0}.Dependencies.Model.FindEntityType("EduConnect.Domain.Entities.Group").FindProperty("BannerUrl"), 
                  (dataReader, indexMap) => (object)dataReader.GetString(2)
              ), 
              new ReaderColumn<object>(
                  False, 
                  null, 
                  namelessParameter{0}.Dependencies.Model.FindEntityType("EduConnect.Domain.Entities.Group").FindProperty("Category"), 
                  (dataReader, indexMap) => (object)dataReader.GetString(3)
              ), 
              new ReaderColumn<DateTime>(
                  False, 
                  null, 
                  namelessParameter{0}.Dependencies.Model.FindEntityType("EduConnect.Domain.Entities.Group").FindProperty("CreatedAtUtc"), 
                  (dataReader, indexMap) => dataReader.GetDateTime(4)
              ), 
              new ReaderColumn<Guid>(
                  False, 
                  null, 
                  namelessParameter{0}.Dependencies.Model.FindEntityType("EduConnect.Domain.Entities.Group").FindProperty("CreatorUserId"), 
                  (dataReader, indexMap) => dataReader.GetGuid(5)
              ), 
              new ReaderColumn<object>(
                  False, 
                  null, 
                  namelessParameter{0}.Dependencies.Model.FindEntityType("EduConnect.Domain.Entities.Group").FindProperty("Description"), 
                  (dataReader, indexMap) => (object)dataReader.GetString(6)
              ), 
              new ReaderColumn<object>(
                  False, 
                  null, 
                  namelessParameter{0}.Dependencies.Model.FindEntityType("EduConnect.Domain.Entities.Group").FindProperty("Name"), 
                  (dataReader, indexMap) => (object)dataReader.GetString(7)
              ), 
              new ReaderColumn<object>(
                  False, 
                  null, 
                  namelessParameter{0}.Dependencies.Model.FindEntityType("EduConnect.Domain.Entities.Group").FindProperty("ShortDescription"), 
                  (dataReader, indexMap) => (object)dataReader.GetString(8)
              ), 
              new ReaderColumn<object>(
                  False, 
                  null, 
                  namelessParameter{0}.Dependencies.Model.FindEntityType("EduConnect.Domain.Entities.Group").FindProperty("Slug"), 
                  (dataReader, indexMap) => (object)dataReader.GetString(9)
              ), 
              new ReaderColumn<DateTime>(
                  True, 
                  null, 
                  namelessParameter{0}.Dependencies.Model.FindEntityType("EduConnect.Domain.Entities.Group").FindProperty("UpdatedAtUtc"), 
                  (dataReader, indexMap) => dataReader.GetDateTime(10)
              ), 
              new ReaderColumn<Guid>(
                  False, 
                  null, 
                  namelessParameter{0}.Dependencies.Model.FindEntityType("EduConnect.Domain.Entities.User").FindProperty("Id"), 
                  (dataReader, indexMap) => dataReader.GetGuid(11)
              ), 
              new ReaderColumn<DateTime>(
                  False, 
                  null, 
                  namelessParameter{0}.Dependencies.Model.FindEntityType("EduConnect.Domain.Entities.User").FindProperty("CreatedAtUtc"), 
                  (dataReader, indexMap) => dataReader.GetDateTime(12)
              ), 
              new ReaderColumn<object>(
                  False, 
                  null, 
                  namelessParameter{0}.Dependencies.Model.FindEntityType("EduConnect.Domain.Entities.User").FindProperty("Email"), 
                  (dataReader, indexMap) => (object)dataReader.GetString(13)
              ), 
              new ReaderColumn<int>(
                  False, 
                  null, 
                  namelessParameter{0}.Dependencies.Model.FindEntityType("EduConnect.Domain.Entities.User").FindProperty("EmailVerificationAttemptCount"), 
                  (dataReader, indexMap) => dataReader.GetInt32(14)
              ), 
              new ReaderColumn<object>(
                  True, 
                  null, 
                  namelessParameter{0}.Dependencies.Model.FindEntityType("EduConnect.Domain.Entities.User").FindProperty("EmailVerificationCodeHash"), 
                  (dataReader, indexMap) => (object)dataReader.GetString(15)
              ), 
              new ReaderColumn<DateTime>(
                  True, 
                  null, 
                  namelessParameter{0}.Dependencies.Model.FindEntityType("EduConnect.Domain.Entities.User").FindProperty("EmailVerificationExpiresAtUtc"), 
                  (dataReader, indexMap) => dataReader.GetDateTime(16)
              ), 
              new ReaderColumn<DateTime>(
                  True, 
                  null, 
                  namelessParameter{0}.Dependencies.Model.FindEntityType("EduConnect.Domain.Entities.User").FindProperty("EmailVerificationSentAtUtc"), 
                  (dataReader, indexMap) => dataReader.GetDateTime(17)
              ), 
              new ReaderColumn<DateTime>(
                  True, 
                  null, 
                  namelessParameter{0}.Dependencies.Model.FindEntityType("EduConnect.Domain.Entities.User").FindProperty("EmailVerifiedAtUtc"), 
                  (dataReader, indexMap) => dataReader.GetDateTime(18)
              ), 
              new ReaderColumn<object>(
                  False, 
                  null, 
                  namelessParameter{0}.Dependencies.Model.FindEntityType("EduConnect.Domain.Entities.User").FindProperty("FullName"), 
                  (dataReader, indexMap) => (object)dataReader.GetString(19)
              ), 
              new ReaderColumn<bool>(
                  False, 
                  null, 
                  namelessParameter{0}.Dependencies.Model.FindEntityType("EduConnect.Domain.Entities.User").FindProperty("IsActive"), 
                  (dataReader, indexMap) => dataReader.GetBoolean(20)
              ), 
              new ReaderColumn<object>(
                  False, 
                  null, 
                  namelessParameter{0}.Dependencies.Model.FindEntityType("EduConnect.Domain.Entities.User").FindProperty("PasswordHash"), 
                  (dataReader, indexMap) => (object)dataReader.GetString(21)
              ), 
              new ReaderColumn<int>(
                  False, 
                  null, 
                  namelessParameter{0}.Dependencies.Model.FindEntityType("EduConnect.Domain.Entities.User").FindProperty("Role"), 
                  (dataReader, indexMap) => dataReader.GetInt32(22)
              ), 
              new ReaderColumn<bool>(
                  False, 
                  null, 
                  namelessParameter{0}.Dependencies.Model.FindEntityType("EduConnect.Domain.Entities.User").FindProperty("TwoFactorEnabled"), 
                  (dataReader, indexMap) => dataReader.GetBoolean(23)
              ), 
              new ReaderColumn<Guid>(
                  True, 
                  null, 
                  namelessParameter{0}.Dependencies.Model.FindEntityType("EduConnect.Domain.Entities.User").FindProperty("UniversityId"), 
                  (dataReader, indexMap) => dataReader.GetGuid(24)
              ), 
              new ReaderColumn<DateTime>(
                  True, 
                  null, 
                  namelessParameter{0}.Dependencies.Model.FindEntityType("EduConnect.Domain.Entities.User").FindProperty("UpdatedAtUtc"), 
                  (dataReader, indexMap) => dataReader.GetDateTime(25)
              ) 
          }], 
          shaper: (queryContext, dataReader, resultContext, resultCoordinator) => resultContext.Values == null ? 
          {
              Group entity;
              User entity;
              entity = 
              {
                  MaterializationContext materializationContext1;
                  IEntityType entityType1;
                  Group instance1;
                  materializationContext1 = new MaterializationContext(
                      [LIFTABLE Constant: ValueBuffer | Resolver: _ => (object)ValueBuffer.Empty], 
                      queryContext.Context
                  );
                  instance1 = default(Group);
                  (object)dataReader.GetGuid(0) != null ? 
                  {
                      ISnapshot shadowSnapshot1;
                      shadowSnapshot1 = [LIFTABLE Constant: Snapshot | Resolver: _ => Snapshot.Empty];
                      entityType1 = [LIFTABLE Constant: EntityType: Group | Resolver: namelessParameter{1} => namelessParameter{1}.Dependencies.Model.FindEntityType("EduConnect.Domain.Entities.Group")];
                      instance1 = switch (entityType1)
                      {
                          case [LIFTABLE Constant: EntityType: Group | Resolver: namelessParameter{2} => namelessParameter{2}.Dependencies.Model.FindEntityType("EduConnect.Domain.Entities.Group")]: 
                              {
                                  return 
                                  {
                                      Group instance;
                                      instance = new Group();
                                      instance.<Id>k__BackingField = dataReader.GetGuid(0);
                                      instance.<AvatarUrl>k__BackingField = dataReader.IsDBNull(1) ? default(string) : (string)dataReader.GetFieldValue<object>(1);
                                      instance.<BannerUrl>k__BackingField = dataReader.IsDBNull(2) ? default(string) : (string)dataReader.GetFieldValue<object>(2);
                                      instance.<Category>k__BackingField = (string)dataReader.GetFieldValue<object>(3);
                                      instance.<CreatedAtUtc>k__BackingField = dataReader.GetDateTime(4);
                                      instance.<CreatorUserId>k__BackingField = dataReader.GetGuid(5);
                                      instance.<Description>k__BackingField = (string)dataReader.GetFieldValue<object>(6);
                                      instance.<Name>k__BackingField = (string)dataReader.GetFieldValue<object>(7);
                                      instance.<ShortDescription>k__BackingField = (string)dataReader.GetFieldValue<object>(8);
                                      instance.<Slug>k__BackingField = (string)dataReader.GetFieldValue<object>(9);
                                      instance.<UpdatedAtUtc>k__BackingField = dataReader.IsDBNull(10) ? default(DateTime?) : (DateTime?)dataReader.GetDateTime(10);
                                      (instance is IInjectableService) ? ((IInjectableService)instance).Injected(
                                          context: materializationContext1.Context, 
                                          entity: instance, 
                                          queryTrackingBehavior: NoTracking, 
                                          structuralType: [LIFTABLE Constant: EntityType: Group | Resolver: namelessParameter{3} => namelessParameter{3}.Dependencies.Model.FindEntityType("EduConnect.Domain.Entities.Group")]) : default(void);
                                      return instance;
                                  }}
                          default: 
                              default(Group)
                      }
                      ;
                      return instance1;
                  } : 
                  {
                      object[] keyValues1;
                      keyValues1 = new object[]{ (object)dataReader.GetGuid(0) };
                      return ShapedQueryCompilingExpressionVisitor.CreateNullKeyValueInNoTrackingQuery(
                          entityType: [LIFTABLE Constant: EntityType: Group | Resolver: namelessParameter{4} => namelessParameter{4}.Dependencies.Model.FindEntityType("EduConnect.Domain.Entities.Group")], 
                          properties: [LIFTABLE Constant: List<RuntimeProperty> { Property: Group.Id (Guid) Required PK AfterSave:Throw ValueGenerated.OnAdd } | Resolver: c => c.Dependencies.Model.FindEntityType("EduConnect.Domain.Entities.Group").FindPrimaryKey().Properties], 
                          keyValues: keyValues1);
                  };
                  return instance1;
              };
              entity = 
              {
                  MaterializationContext materializationContext2;
                  IEntityType entityType2;
                  User instance2;
                  materializationContext2 = new MaterializationContext(
                      [LIFTABLE Constant: ValueBuffer | Resolver: _ => (object)ValueBuffer.Empty], 
                      queryContext.Context
                  );
                  instance2 = default(User);
                  (object)dataReader.GetGuid(11) != null ? 
                  {
                      ISnapshot shadowSnapshot2;
                      shadowSnapshot2 = [LIFTABLE Constant: Snapshot | Resolver: _ => Snapshot.Empty];
                      entityType2 = [LIFTABLE Constant: EntityType: User | Resolver: namelessParameter{5} => namelessParameter{5}.Dependencies.Model.FindEntityType("EduConnect.Domain.Entities.User")];
                      instance2 = switch (entityType2)
                      {
                          case [LIFTABLE Constant: EntityType: User | Resolver: namelessParameter{6} => namelessParameter{6}.Dependencies.Model.FindEntityType("EduConnect.Domain.Entities.User")]: 
                              {
                                  return 
                                  {
                                      User instance;
                                      instance = new User();
                                      instance.<Id>k__BackingField = dataReader.GetGuid(11);
                                      instance.<CreatedAtUtc>k__BackingField = dataReader.GetDateTime(12);
                                      instance.<Email>k__BackingField = (string)dataReader.GetFieldValue<object>(13);
                                      instance.<EmailVerificationAttemptCount>k__BackingField = dataReader.GetInt32(14);
                                      instance.<EmailVerificationCodeHash>k__BackingField = dataReader.IsDBNull(15) ? default(string) : (string)dataReader.GetFieldValue<object>(15);
                                      instance.<EmailVerificationExpiresAtUtc>k__BackingField = dataReader.IsDBNull(16) ? default(DateTime?) : (DateTime?)dataReader.GetDateTime(16);
                                      instance.<EmailVerificationSentAtUtc>k__BackingField = dataReader.IsDBNull(17) ? default(DateTime?) : (DateTime?)dataReader.GetDateTime(17);
                                      instance.<EmailVerifiedAtUtc>k__BackingField = dataReader.IsDBNull(18) ? default(DateTime?) : (DateTime?)dataReader.GetDateTime(18);
                                      instance.<FullName>k__BackingField = (string)dataReader.GetFieldValue<object>(19);
                                      instance.<IsActive>k__BackingField = dataReader.GetBoolean(20);
                                      instance.<PasswordHash>k__BackingField = (string)dataReader.GetFieldValue<object>(21);
                                      instance.<Role>k__BackingField = Invoke(((EnumToNumberConverter<UserRole, int>)((IReadOnlyProperty)[LIFTABLE Constant: Property: User.Role (UserRole) Required | Resolver: namelessParameter{7} => namelessParameter{7}.Dependencies.Model.FindEntityType("EduConnect.Domain.Entities.User").FindProperty("Role")]).GetTypeMapping().Converter).ConvertFromProviderTyped, dataReader.GetInt32(22));
                                      instance.<TwoFactorEnabled>k__BackingField = dataReader.GetBoolean(23);
                                      instance.<UniversityId>k__BackingField = dataReader.IsDBNull(24) ? default(Guid?) : (Guid?)dataReader.GetGuid(24);
                                      instance.<UpdatedAtUtc>k__BackingField = dataReader.IsDBNull(25) ? default(DateTime?) : (DateTime?)dataReader.GetDateTime(25);
                                      (instance is IInjectableService) ? ((IInjectableService)instance).Injected(
                                          context: materializationContext2.Context, 
                                          entity: instance, 
                                          queryTrackingBehavior: NoTracking, 
                                          structuralType: [LIFTABLE Constant: EntityType: User | Resolver: namelessParameter{8} => namelessParameter{8}.Dependencies.Model.FindEntityType("EduConnect.Domain.Entities.User")]) : default(void);
                                      return instance;
                                  }}
                          default: 
                              default(User)
                      }
                      ;
                      return instance2;
                  } : 
                  {
                      object[] keyValues2;
                      keyValues2 = new object[]{ (object)dataReader.GetGuid(11) };
                      return ShapedQueryCompilingExpressionVisitor.CreateNullKeyValueInNoTrackingQuery(
                          entityType: [LIFTABLE Constant: EntityType: User | Resolver: namelessParameter{9} => namelessParameter{9}.Dependencies.Model.FindEntityType("EduConnect.Domain.Entities.User")], 
                          properties: [LIFTABLE Constant: List<RuntimeProperty> { Property: User.Id (Guid) Required PK AfterSave:Throw ValueGenerated.OnAdd } | Resolver: c => c.Dependencies.Model.FindEntityType("EduConnect.Domain.Entities.User").FindPrimaryKey().Properties], 
                          keyValues: keyValues2);
                  };
                  return instance2;
              };
              resultContext.Values = new object[]
              { 
                  entity, 
                  entity 
              };
              ShaperProcessingExpressionVisitor.IncludeReference<Group, Group, User>(
                  queryContext: queryContext, 
                  entity: (Group)(resultContext.Values[0]), 
                  relatedEntity: (User)(resultContext.Values[1]), 
                  navigation: [LIFTABLE Constant: Navigation: Group.CreatorUser (User) Required ToPrincipal User Inverse: OwnedGroups | Resolver: namelessParameter{10} => namelessParameter{10}.Dependencies.Model.FindEntityType("EduConnect.Domain.Entities.Group").FindNavigation("CreatorUser")], 
                  inverseNavigation: [LIFTABLE Constant: Navigation: User.OwnedGroups (ICollection<Group>) Collection ToDependent Group Inverse: CreatorUser | Resolver: namelessParameter{11} => namelessParameter{11}.Dependencies.Model.FindEntityType("EduConnect.Domain.Entities.User").FindNavigation("OwnedGroups")], 
                  fixup: (namelessParameter{12}, namelessParameter{13}) => 
                  {
                      namelessParameter{12}.<CreatorUser>k__BackingField = namelessParameter{13};
                      return [LIFTABLE Constant: ClrCollectionAccessor<User, ICollection<Group>, Group> | Resolver: namelessParameter{14} => namelessParameter{14}.Dependencies.Model.FindEntityType("EduConnect.Domain.Entities.User").FindNavigation("OwnedGroups").GetCollectionAccessor()].Add(
                          entity: namelessParameter{13}, 
                          value: namelessParameter{12}, 
                          forMaterialization: True);
                  }, 
                  trackingQuery: False);
              ShaperProcessingExpressionVisitor.InitializeSplitIncludeCollection<Group, Group>(
                  collectionId: 0, 
                  queryContext: queryContext, 
                  parentDataReader: dataReader, 
                  resultCoordinator: resultCoordinator, 
                  entity: (Group)(resultContext.Values[0]), 
                  parentIdentifier: [LIFTABLE Constant: Func<QueryContext, DbDataReader, object[]> | Resolver: _ => (queryContext, dataReader) => new object[]
                  { 
                      (object)(Guid?)dataReader.GetGuid(0), 
                      (object)(Guid?)dataReader.GetGuid(11) 
                  }], 
                  navigation: [LIFTABLE Constant: Navigation: Group.Members (ICollection<GroupMember>) Collection ToDependent GroupMember Inverse: Group | Resolver: namelessParameter{15} => namelessParameter{15}.Dependencies.Model.FindEntityType("EduConnect.Domain.Entities.Group").FindNavigation("Members")], 
                  clrCollectionAccessor: [LIFTABLE Constant: ClrCollectionAccessor<Group, ICollection<GroupMember>, GroupMember> | Resolver: namelessParameter{16} => namelessParameter{16}.Dependencies.Model.FindEntityType("EduConnect.Domain.Entities.Group").FindNavigation("Members").GetCollectionAccessor()], 
                  trackingQuery: False, 
                  setLoaded: True);
              return } : (Group)(resultContext.Values[0]), 
          relatedDataLoaders: null, 
          relatedDataLoadersAsync: (queryContext, executionStrategy, resultCoordinator) => ShaperProcessingExpressionVisitor.TaskAwaiter(new Func<Task>[]{ () => ShaperProcessingExpressionVisitor.PopulateSplitIncludeCollectionAsync<Group, GroupMember>(
              collectionId: 0, 
              queryContext: (RelationalQueryContext)queryContext, 
              executionStrategy: executionStrategy, 
              relationalCommandResolver: parameters => [LIFTABLE Constant: RelationalCommandCache.QueryExpression(
                  Client Projections:
                      0 -> Dictionary<IPropertyBase, int> { [Property: GroupMember.Id (Guid) Required PK AfterSave:Throw ValueGenerated.OnAdd, 0], [Property: GroupMember.CreatedAtUtc (DateTime) Required, 1], [Property: GroupMember.GroupId (Guid) Required FK Index, 2], [Property: GroupMember.JoinedAtUtc (DateTime) Required, 3], [Property: GroupMember.Role (GroupMemberRole) Required, 4], [Property: GroupMember.UpdatedAtUtc (DateTime?), 5], [Property: GroupMember.UserId (Guid) Required FK Index, 6] }
                      1 -> Dictionary<IPropertyBase, int> { [Property: User.Id (Guid) Required PK AfterSave:Throw ValueGenerated.OnAdd, 7], [Property: User.CreatedAtUtc (DateTime) Required, 8], [Property: User.Email (string) Required Index MaxLength(200), 9], [Property: User.EmailVerificationAttemptCount (int) Required, 10], [Property: User.EmailVerificationCodeHash (string) MaxLength(500), 11], [Property: User.EmailVerificationExpiresAtUtc (DateTime?), 12], [Property: User.EmailVerificationSentAtUtc (DateTime?), 13], [Property: User.EmailVerifiedAtUtc (DateTime?), 14], [Property: User.FullName (string) Required MaxLength(150), 15], [Property: User.IsActive (bool) Required, 16], [Property: User.PasswordHash (string) Required MaxLength(1000), 17], [Property: User.Role (UserRole) Required, 18], [Property: User.TwoFactorEnabled (bool) Required, 19], [Property: User.UniversityId (Guid?) FK Index, 20], [Property: User.UpdatedAtUtc (DateTime?), 21] }
                      2 -> Dictionary<IPropertyBase, int> { [Property: StudentProfile.Id (Guid) Required PK AfterSave:Throw ValueGenerated.OnAdd, 22], [Property: StudentProfile.AvatarUrl (string) MaxLength(500), 23], [Property: StudentProfile.Bio (string) MaxLength(500), 24], [Property: StudentProfile.CoverImageUrl (string) MaxLength(500), 25], [Property: StudentProfile.CreatedAtUtc (DateTime) Required, 26], [Property: StudentProfile.Department (string) Required MaxLength(150), 27], [Property: StudentProfile.UpdatedAtUtc (DateTime?), 28], [Property: StudentProfile.UserId (Guid) Required FK Index, 29], [Property: StudentProfile.Year (int) Required, 30] }
                      3 -> 31
                      4 -> 32
                  SELECT s0.Id, s0.CreatedAtUtc, s0.GroupId, s0.JoinedAtUtc, s0.Role, s0.UpdatedAtUtc, s0.UserId, s0.Id0, s0.CreatedAtUtc0, s0.Email, s0.EmailVerificationAttemptCount, s0.EmailVerificationCodeHash, s0.EmailVerificationExpiresAtUtc, s0.EmailVerificationSentAtUtc, s0.EmailVerifiedAtUtc, s0.FullName, s0.IsActive, s0.PasswordHash, s0.Role0, s0.TwoFactorEnabled, s0.UniversityId, s0.UpdatedAtUtc0, s0.Id1, s0.AvatarUrl, s0.Bio, s0.CoverImageUrl, s0.CreatedAtUtc1, s0.Department, s0.UpdatedAtUtc1, s0.UserId0, s0.Year, g.Id, u.Id
                  FROM Groups AS g
                  INNER JOIN Users AS u ON g.CreatorUserId == u.Id
                  INNER JOIN 
                  (
                      SELECT g0.Id, g0.CreatedAtUtc, g0.GroupId, g0.JoinedAtUtc, g0.Role, g0.UpdatedAtUtc, g0.UserId, u0.Id AS Id0, u0.CreatedAtUtc AS CreatedAtUtc0, u0.Email, u0.EmailVerificationAttemptCount, u0.EmailVerificationCodeHash, u0.EmailVerificationExpiresAtUtc, u0.EmailVerificationSentAtUtc, u0.EmailVerifiedAtUtc, u0.FullName, u0.IsActive, u0.PasswordHash, u0.Role AS Role0, u0.TwoFactorEnabled, u0.UniversityId, u0.UpdatedAtUtc AS UpdatedAtUtc0, s.Id AS Id1, s.AvatarUrl, s.Bio, s.CoverImageUrl, s.CreatedAtUtc AS CreatedAtUtc1, s.Department, s.UpdatedAtUtc AS UpdatedAtUtc1, s.UserId AS UserId0, s.Year
                      FROM GroupMembers AS g0
                      INNER JOIN Users AS u0 ON g0.UserId == u0.Id
                      LEFT JOIN StudentProfiles AS s ON u0.Id == s.UserId
                  ) AS s0 ON g.Id == s0.GroupId
                  ORDER BY g.CreatedAtUtc DESC, g.Id ASC, u.Id ASC) | Resolver: c => new RelationalCommandCache(
                  c.Dependencies.MemoryCache, 
                  c.RelationalDependencies.QuerySqlGeneratorFactory, 
                  c.RelationalDependencies.RelationalParameterBasedSqlProcessorFactory, 
                  Client Projections:
                      0 -> Dictionary<IPropertyBase, int> { [Property: GroupMember.Id (Guid) Required PK AfterSave:Throw ValueGenerated.OnAdd, 0], [Property: GroupMember.CreatedAtUtc (DateTime) Required, 1], [Property: GroupMember.GroupId (Guid) Required FK Index, 2], [Property: GroupMember.JoinedAtUtc (DateTime) Required, 3], [Property: GroupMember.Role (GroupMemberRole) Required, 4], [Property: GroupMember.UpdatedAtUtc (DateTime?), 5], [Property: GroupMember.UserId (Guid) Required FK Index, 6] }
                      1 -> Dictionary<IPropertyBase, int> { [Property: User.Id (Guid) Required PK AfterSave:Throw ValueGenerated.OnAdd, 7], [Property: User.CreatedAtUtc (DateTime) Required, 8], [Property: User.Email (string) Required Index MaxLength(200), 9], [Property: User.EmailVerificationAttemptCount (int) Required, 10], [Property: User.EmailVerificationCodeHash (string) MaxLength(500), 11], [Property: User.EmailVerificationExpiresAtUtc (DateTime?), 12], [Property: User.EmailVerificationSentAtUtc (DateTime?), 13], [Property: User.EmailVerifiedAtUtc (DateTime?), 14], [Property: User.FullName (string) Required MaxLength(150), 15], [Property: User.IsActive (bool) Required, 16], [Property: User.PasswordHash (string) Required MaxLength(1000), 17], [Property: User.Role (UserRole) Required, 18], [Property: User.TwoFactorEnabled (bool) Required, 19], [Property: User.UniversityId (Guid?) FK Index, 20], [Property: User.UpdatedAtUtc (DateTime?), 21] }
                      2 -> Dictionary<IPropertyBase, int> { [Property: StudentProfile.Id (Guid) Required PK AfterSave:Throw ValueGenerated.OnAdd, 22], [Property: StudentProfile.AvatarUrl (string) MaxLength(500), 23], [Property: StudentProfile.Bio (string) MaxLength(500), 24], [Property: StudentProfile.CoverImageUrl (string) MaxLength(500), 25], [Property: StudentProfile.CreatedAtUtc (DateTime) Required, 26], [Property: StudentProfile.Department (string) Required MaxLength(150), 27], [Property: StudentProfile.UpdatedAtUtc (DateTime?), 28], [Property: StudentProfile.UserId (Guid) Required FK Index, 29], [Property: StudentProfile.Year (int) Required, 30] }
                      3 -> 31
                      4 -> 32
                  SELECT s0.Id, s0.CreatedAtUtc, s0.GroupId, s0.JoinedAtUtc, s0.Role, s0.UpdatedAtUtc, s0.UserId, s0.Id0, s0.CreatedAtUtc0, s0.Email, s0.EmailVerificationAttemptCount, s0.EmailVerificationCodeHash, s0.EmailVerificationExpiresAtUtc, s0.EmailVerificationSentAtUtc, s0.EmailVerifiedAtUtc, s0.FullName, s0.IsActive, s0.PasswordHash, s0.Role0, s0.TwoFactorEnabled, s0.UniversityId, s0.UpdatedAtUtc0, s0.Id1, s0.AvatarUrl, s0.Bio, s0.CoverImageUrl, s0.CreatedAtUtc1, s0.Department, s0.UpdatedAtUtc1, s0.UserId0, s0.Year, g.Id, u.Id
                  FROM Groups AS g
                  INNER JOIN Users AS u ON g.CreatorUserId == u.Id
                  INNER JOIN 
                  (
                      SELECT g0.Id, g0.CreatedAtUtc, g0.GroupId, g0.JoinedAtUtc, g0.Role, g0.UpdatedAtUtc, g0.UserId, u0.Id AS Id0, u0.CreatedAtUtc AS CreatedAtUtc0, u0.Email, u0.EmailVerificationAttemptCount, u0.EmailVerificationCodeHash, u0.EmailVerificationExpiresAtUtc, u0.EmailVerificationSentAtUtc, u0.EmailVerifiedAtUtc, u0.FullName, u0.IsActive, u0.PasswordHash, u0.Role AS Role0, u0.TwoFactorEnabled, u0.UniversityId, u0.UpdatedAtUtc AS UpdatedAtUtc0, s.Id AS Id1, s.AvatarUrl, s.Bio, s.CoverImageUrl, s.CreatedAtUtc AS CreatedAtUtc1, s.Department, s.UpdatedAtUtc AS UpdatedAtUtc1, s.UserId AS UserId0, s.Year
                      FROM GroupMembers AS g0
                      INNER JOIN Users AS u0 ON g0.UserId == u0.Id
                      LEFT JOIN StudentProfiles AS s ON u0.Id == s.UserId
                  ) AS s0 ON g.Id == s0.GroupId
                  ORDER BY g.CreatedAtUtc DESC, g.Id ASC, u.Id ASC, 
                  False, 
                  MultipleParameters
              )].GetRelationalCommandTemplate(parameters), 
              readerColumns: [LIFTABLE Constant: ReaderColumn[] { ReaderColumn<Guid>, ReaderColumn<DateTime>, ReaderColumn<Guid>, ReaderColumn<DateTime>, ReaderColumn<int>, ReaderColumn<DateTime>, ReaderColumn<Guid>, ReaderColumn<Guid>, ReaderColumn<DateTime>, ReaderColumn<object>, ReaderColumn<int>, ReaderColumn<object>, ReaderColumn<DateTime>, ReaderColumn<DateTime>, ReaderColumn<DateTime>, ReaderColumn<object>, ReaderColumn<bool>, ReaderColumn<object>, ReaderColumn<int>, ReaderColumn<bool>, ReaderColumn<Guid>, ReaderColumn<DateTime>, ReaderColumn<Guid>, ReaderColumn<object>, ReaderColumn<object>, ReaderColumn<object>, ReaderColumn<DateTime>, ReaderColumn<object>, ReaderColumn<DateTime>, ReaderColumn<Guid>, ReaderColumn<int>, ReaderColumn<Guid>, ReaderColumn<Guid> } | Resolver: namelessParameter{17} => new ReaderColumn[]
              { 
                  new ReaderColumn<Guid>(
                      False, 
                      null, 
                      namelessParameter{17}.Dependencies.Model.FindEntityType("EduConnect.Domain.Entities.GroupMember").FindProperty("Id"), 
                      (dataReader, indexMap) => dataReader.GetGuid(0)
                  ), 
                  new ReaderColumn<DateTime>(
                      False, 
                      null, 
                      namelessParameter{17}.Dependencies.Model.FindEntityType("EduConnect.Domain.Entities.GroupMember").FindProperty("CreatedAtUtc"), 
                      (dataReader, indexMap) => dataReader.GetDateTime(1)
                  ), 
                  new ReaderColumn<Guid>(
                      False, 
                      null, 
                      namelessParameter{17}.Dependencies.Model.FindEntityType("EduConnect.Domain.Entities.GroupMember").FindProperty("GroupId"), 
                      (dataReader, indexMap) => dataReader.GetGuid(2)
                  ), 
                  new ReaderColumn<DateTime>(
                      False, 
                      null, 
                      namelessParameter{17}.Dependencies.Model.FindEntityType("EduConnect.Domain.Entities.GroupMember").FindProperty("JoinedAtUtc"), 
                      (dataReader, indexMap) => dataReader.GetDateTime(3)
                  ), 
                  new ReaderColumn<int>(
                      False, 
                      null, 
                      namelessParameter{17}.Dependencies.Model.FindEntityType("EduConnect.Domain.Entities.GroupMember").FindProperty("Role"), 
                      (dataReader, indexMap) => dataReader.GetInt32(4)
                  ), 
                  new ReaderColumn<DateTime>(
                      True, 
                      null, 
                      namelessParameter{17}.Dependencies.Model.FindEntityType("EduConnect.Domain.Entities.GroupMember").FindProperty("UpdatedAtUtc"), 
                      (dataReader, indexMap) => dataReader.GetDateTime(5)
                  ), 
                  new ReaderColumn<Guid>(
                      False, 
                      null, 
                      namelessParameter{17}.Dependencies.Model.FindEntityType("EduConnect.Domain.Entities.GroupMember").FindProperty("UserId"), 
                      (dataReader, indexMap) => dataReader.GetGuid(6)
                  ), 
                  new ReaderColumn<Guid>(
                      False, 
                      null, 
                      namelessParameter{17}.Dependencies.Model.FindEntityType("EduConnect.Domain.Entities.User").FindProperty("Id"), 
                      (dataReader, indexMap) => dataReader.GetGuid(7)
                  ), 
                  new ReaderColumn<DateTime>(
                      False, 
                      null, 
                      namelessParameter{17}.Dependencies.Model.FindEntityType("EduConnect.Domain.Entities.User").FindProperty("CreatedAtUtc"), 
                      (dataReader, indexMap) => dataReader.GetDateTime(8)
                  ), 
                  new ReaderColumn<object>(
                      False, 
                      null, 
                      namelessParameter{17}.Dependencies.Model.FindEntityType("EduConnect.Domain.Entities.User").FindProperty("Email"), 
                      (dataReader, indexMap) => (object)dataReader.GetString(9)
                  ), 
                  new ReaderColumn<int>(
                      False, 
                      null, 
                      namelessParameter{17}.Dependencies.Model.FindEntityType("EduConnect.Domain.Entities.User").FindProperty("EmailVerificationAttemptCount"), 
                      (dataReader, indexMap) => dataReader.GetInt32(10)
                  ), 
                  new ReaderColumn<object>(
                      True, 
                      null, 
                      namelessParameter{17}.Dependencies.Model.FindEntityType("EduConnect.Domain.Entities.User").FindProperty("EmailVerificationCodeHash"), 
                      (dataReader, indexMap) => (object)dataReader.GetString(11)
                  ), 
                  new ReaderColumn<DateTime>(
                      True, 
                      null, 
                      namelessParameter{17}.Dependencies.Model.FindEntityType("EduConnect.Domain.Entities.User").FindProperty("EmailVerificationExpiresAtUtc"), 
                      (dataReader, indexMap) => dataReader.GetDateTime(12)
                  ), 
                  new ReaderColumn<DateTime>(
                      True, 
                      null, 
                      namelessParameter{17}.Dependencies.Model.FindEntityType("EduConnect.Domain.Entities.User").FindProperty("EmailVerificationSentAtUtc"), 
                      (dataReader, indexMap) => dataReader.GetDateTime(13)
                  ), 
                  new ReaderColumn<DateTime>(
                      True, 
                      null, 
                      namelessParameter{17}.Dependencies.Model.FindEntityType("EduConnect.Domain.Entities.User").FindProperty("EmailVerifiedAtUtc"), 
                      (dataReader, indexMap) => dataReader.GetDateTime(14)
                  ), 
                  new ReaderColumn<object>(
                      False, 
                      null, 
                      namelessParameter{17}.Dependencies.Model.FindEntityType("EduConnect.Domain.Entities.User").FindProperty("FullName"), 
                      (dataReader, indexMap) => (object)dataReader.GetString(15)
                  ), 
                  new ReaderColumn<bool>(
                      False, 
                      null, 
                      namelessParameter{17}.Dependencies.Model.FindEntityType("EduConnect.Domain.Entities.User").FindProperty("IsActive"), 
                      (dataReader, indexMap) => dataReader.GetBoolean(16)
                  ), 
                  new ReaderColumn<object>(
                      False, 
                      null, 
                      namelessParameter{17}.Dependencies.Model.FindEntityType("EduConnect.Domain.Entities.User").FindProperty("PasswordHash"), 
                      (dataReader, indexMap) => (object)dataReader.GetString(17)
                  ), 
                  new ReaderColumn<int>(
                      False, 
                      null, 
                      namelessParameter{17}.Dependencies.Model.FindEntityType("EduConnect.Domain.Entities.User").FindProperty("Role"), 
                      (dataReader, indexMap) => dataReader.GetInt32(18)
                  ), 
                  new ReaderColumn<bool>(
                      False, 
                      null, 
                      namelessParameter{17}.Dependencies.Model.FindEntityType("EduConnect.Domain.Entities.User").FindProperty("TwoFactorEnabled"), 
                      (dataReader, indexMap) => dataReader.GetBoolean(19)
                  ), 
                  new ReaderColumn<Guid>(
                      True, 
                      null, 
                      namelessParameter{17}.Dependencies.Model.FindEntityType("EduConnect.Domain.Entities.User").FindProperty("UniversityId"), 
                      (dataReader, indexMap) => dataReader.GetGuid(20)
                  ), 
                  new ReaderColumn<DateTime>(
                      True, 
                      null, 
                      namelessParameter{17}.Dependencies.Model.FindEntityType("EduConnect.Domain.Entities.User").FindProperty("UpdatedAtUtc"), 
                      (dataReader, indexMap) => dataReader.GetDateTime(21)
                  ), 
                  new ReaderColumn<Guid>(
                      True, 
                      null, 
                      namelessParameter{17}.Dependencies.Model.FindEntityType("EduConnect.Domain.Entities.StudentProfile").FindProperty("Id"), 
                      (dataReader, indexMap) => dataReader.GetGuid(22)
                  ), 
                  new ReaderColumn<object>(
                      True, 
                      null, 
                      namelessParameter{17}.Dependencies.Model.FindEntityType("EduConnect.Domain.Entities.StudentProfile").FindProperty("AvatarUrl"), 
                      (dataReader, indexMap) => (object)dataReader.GetString(23)
                  ), 
                  new ReaderColumn<object>(
                      True, 
                      null, 
                      namelessParameter{17}.Dependencies.Model.FindEntityType("EduConnect.Domain.Entities.StudentProfile").FindProperty("Bio"), 
                      (dataReader, indexMap) => (object)dataReader.GetString(24)
                  ), 
                  new ReaderColumn<object>(
                      True, 
                      null, 
                      namelessParameter{17}.Dependencies.Model.FindEntityType("EduConnect.Domain.Entities.StudentProfile").FindProperty("CoverImageUrl"), 
                      (dataReader, indexMap) => (object)dataReader.GetString(25)
                  ), 
                  new ReaderColumn<DateTime>(
                      True, 
                      null, 
                      namelessParameter{17}.Dependencies.Model.FindEntityType("EduConnect.Domain.Entities.StudentProfile").FindProperty("CreatedAtUtc"), 
                      (dataReader, indexMap) => dataReader.GetDateTime(26)
                  ), 
                  new ReaderColumn<object>(
                      True, 
                      null, 
                      namelessParameter{17}.Dependencies.Model.FindEntityType("EduConnect.Domain.Entities.StudentProfile").FindProperty("Department"), 
                      (dataReader, indexMap) => (object)dataReader.GetString(27)
                  ), 
                  new ReaderColumn<DateTime>(
                      True, 
                      null, 
                      namelessParameter{17}.Dependencies.Model.FindEntityType("EduConnect.Domain.Entities.StudentProfile").FindProperty("UpdatedAtUtc"), 
                      (dataReader, indexMap) => dataReader.GetDateTime(28)
                  ), 
                  new ReaderColumn<Guid>(
                      True, 
                      null, 
                      namelessParameter{17}.Dependencies.Model.FindEntityType("EduConnect.Domain.Entities.StudentProfile").FindProperty("UserId"), 
                      (dataReader, indexMap) => dataReader.GetGuid(29)
                  ), 
                  new ReaderColumn<int>(
                      True, 
                      null, 
                      namelessParameter{17}.Dependencies.Model.FindEntityType("EduConnect.Domain.Entities.StudentProfile").FindProperty("Year"), 
                      (dataReader, indexMap) => dataReader.GetInt32(30)
                  ), 
                  new ReaderColumn<Guid>(
                      False, 
                      null, 
                      default(IPropertyBase), 
                      (dataReader, indexMap) => dataReader.GetGuid(31)
                  ), 
                  new ReaderColumn<Guid>(
                      False, 
                      null, 
                      default(IPropertyBase), 
                      (dataReader, indexMap) => dataReader.GetGuid(32)
                  ) 
              }], 
              detailedErrorsEnabled: False, 
              resultCoordinator: resultCoordinator, 
              childIdentifier: [LIFTABLE Constant: Func<QueryContext, DbDataReader, object[]> | Resolver: _ => (queryContext, dataReader) => new object[]
              { 
                  (object)(Guid?)dataReader.GetGuid(31), 
                  (object)(Guid?)dataReader.GetGuid(32) 
              }], 
              identifierValueComparers: [LIFTABLE Constant: Func<object, object, bool>[] { Func<object, object, bool>, Func<object, object, bool> } | Resolver: _ => new Func<object, object, bool>[]
              { 
                  (left, right) => left == null ? right == null : right != null && (Guid)left == (Guid)right, 
                  (left, right) => left == null ? right == null : right != null && (Guid)left == (Guid)right 
              }], 
              innerShaper: (queryContext, dataReader, resultContext, resultCoordinator) => 
              {
                  GroupMember entity;
                  User entity;
                  StudentProfile entity;
                  entity = 
                  {
                      MaterializationContext materializationContext3;
                      IEntityType entityType3;
                      GroupMember instance3;
                      materializationContext3 = new MaterializationContext(
                          [LIFTABLE Constant: ValueBuffer | Resolver: _ => (object)ValueBuffer.Empty], 
                          queryContext.Context
                      );
                      instance3 = default(GroupMember);
                      (object)dataReader.GetGuid(0) != null ? 
                      {
                          ISnapshot shadowSnapshot3;
                          shadowSnapshot3 = [LIFTABLE Constant: Snapshot | Resolver: _ => Snapshot.Empty];
                          entityType3 = [LIFTABLE Constant: EntityType: GroupMember | Resolver: namelessParameter{18} => namelessParameter{18}.Dependencies.Model.FindEntityType("EduConnect.Domain.Entities.GroupMember")];
                          instance3 = switch (entityType3)
                          {
                              case [LIFTABLE Constant: EntityType: GroupMember | Resolver: namelessParameter{19} => namelessParameter{19}.Dependencies.Model.FindEntityType("EduConnect.Domain.Entities.GroupMember")]: 
                                  {
                                      return 
                                      {
                                          GroupMember instance;
                                          instance = new GroupMember();
                                          instance.<Id>k__BackingField = dataReader.GetGuid(0);
                                          instance.<CreatedAtUtc>k__BackingField = dataReader.GetDateTime(1);
                                          instance.<GroupId>k__BackingField = dataReader.GetGuid(2);
                                          instance.<JoinedAtUtc>k__BackingField = dataReader.GetDateTime(3);
                                          instance.<Role>k__BackingField = Invoke(((EnumToNumberConverter<GroupMemberRole, int>)((IReadOnlyProperty)[LIFTABLE Constant: Property: GroupMember.Role (GroupMemberRole) Required | Resolver: namelessParameter{20} => namelessParameter{20}.Dependencies.Model.FindEntityType("EduConnect.Domain.Entities.GroupMember").FindProperty("Role")]).GetTypeMapping().Converter).ConvertFromProviderTyped, dataReader.GetInt32(4));
                                          instance.<UpdatedAtUtc>k__BackingField = dataReader.IsDBNull(5) ? default(DateTime?) : (DateTime?)dataReader.GetDateTime(5);
                                          instance.<UserId>k__BackingField = dataReader.GetGuid(6);
                                          (instance is IInjectableService) ? ((IInjectableService)instance).Injected(
                                              context: materializationContext3.Context, 
                                              entity: instance, 
                                              queryTrackingBehavior: NoTracking, 
                                              structuralType: [LIFTABLE Constant: EntityType: GroupMember | Resolver: namelessParameter{21} => namelessParameter{21}.Dependencies.Model.FindEntityType("EduConnect.Domain.Entities.GroupMember")]) : default(void);
                                          return instance;
                                      }}
                              default: 
                                  default(GroupMember)
                          }
                          ;
                          return instance3;
                      } : 
                      {
                          object[] keyValues3;
                          keyValues3 = new object[]{ (object)dataReader.GetGuid(0) };
                          return ShapedQueryCompilingExpressionVisitor.CreateNullKeyValueInNoTrackingQuery(
                              entityType: [LIFTABLE Constant: EntityType: GroupMember | Resolver: namelessParameter{22} => namelessParameter{22}.Dependencies.Model.FindEntityType("EduConnect.Domain.Entities.GroupMember")], 
                              properties: [LIFTABLE Constant: List<RuntimeProperty> { Property: GroupMember.Id (Guid) Required PK AfterSave:Throw ValueGenerated.OnAdd } | Resolver: c => c.Dependencies.Model.FindEntityType("EduConnect.Domain.Entities.GroupMember").FindPrimaryKey().Properties], 
                              keyValues: keyValues3);
                      };
                      return instance3;
                  };
                  entity = 
                  {
                      MaterializationContext materializationContext4;
                      IEntityType entityType4;
                      User instance4;
                      materializationContext4 = new MaterializationContext(
                          [LIFTABLE Constant: ValueBuffer | Resolver: _ => (object)ValueBuffer.Empty], 
                          queryContext.Context
                      );
                      instance4 = default(User);
                      (object)dataReader.GetGuid(7) != null ? 
                      {
                          ISnapshot shadowSnapshot4;
                          shadowSnapshot4 = [LIFTABLE Constant: Snapshot | Resolver: _ => Snapshot.Empty];
                          entityType4 = [LIFTABLE Constant: EntityType: User | Resolver: namelessParameter{23} => namelessParameter{23}.Dependencies.Model.FindEntityType("EduConnect.Domain.Entities.User")];
                          instance4 = switch (entityType4)
                          {
                              case [LIFTABLE Constant: EntityType: User | Resolver: namelessParameter{24} => namelessParameter{24}.Dependencies.Model.FindEntityType("EduConnect.Domain.Entities.User")]: 
                                  {
                                      return 
                                      {
                                          User instance;
                                          instance = new User();
                                          instance.<Id>k__BackingField = dataReader.GetGuid(7);
                                          instance.<CreatedAtUtc>k__BackingField = dataReader.GetDateTime(8);
                                          instance.<Email>k__BackingField = (string)dataReader.GetFieldValue<object>(9);
                                          instance.<EmailVerificationAttemptCount>k__BackingField = dataReader.GetInt32(10);
                                          instance.<EmailVerificationCodeHash>k__BackingField = dataReader.IsDBNull(11) ? default(string) : (string)dataReader.GetFieldValue<object>(11);
                                          instance.<EmailVerificationExpiresAtUtc>k__BackingField = dataReader.IsDBNull(12) ? default(DateTime?) : (DateTime?)dataReader.GetDateTime(12);
                                          instance.<EmailVerificationSentAtUtc>k__BackingField = dataReader.IsDBNull(13) ? default(DateTime?) : (DateTime?)dataReader.GetDateTime(13);
                                          instance.<EmailVerifiedAtUtc>k__BackingField = dataReader.IsDBNull(14) ? default(DateTime?) : (DateTime?)dataReader.GetDateTime(14);
                                          instance.<FullName>k__BackingField = (string)dataReader.GetFieldValue<object>(15);
                                          instance.<IsActive>k__BackingField = dataReader.GetBoolean(16);
                                          instance.<PasswordHash>k__BackingField = (string)dataReader.GetFieldValue<object>(17);
                                          instance.<Role>k__BackingField = Invoke(((EnumToNumberConverter<UserRole, int>)((IReadOnlyProperty)[LIFTABLE Constant: Property: User.Role (UserRole) Required | Resolver: namelessParameter{25} => namelessParameter{25}.Dependencies.Model.FindEntityType("EduConnect.Domain.Entities.User").FindProperty("Role")]).GetTypeMapping().Converter).ConvertFromProviderTyped, dataReader.GetInt32(18));
                                          instance.<TwoFactorEnabled>k__BackingField = dataReader.GetBoolean(19);
                                          instance.<UniversityId>k__BackingField = dataReader.IsDBNull(20) ? default(Guid?) : (Guid?)dataReader.GetGuid(20);
                                          instance.<UpdatedAtUtc>k__BackingField = dataReader.IsDBNull(21) ? default(DateTime?) : (DateTime?)dataReader.GetDateTime(21);
                                          (instance is IInjectableService) ? ((IInjectableService)instance).Injected(
                                              context: materializationContext4.Context, 
                                              entity: instance, 
                                              queryTrackingBehavior: NoTracking, 
                                              structuralType: [LIFTABLE Constant: EntityType: User | Resolver: namelessParameter{26} => namelessParameter{26}.Dependencies.Model.FindEntityType("EduConnect.Domain.Entities.User")]) : default(void);
                                          return instance;
                                      }}
                              default: 
                                  default(User)
                          }
                          ;
                          return instance4;
                      } : 
                      {
                          object[] keyValues4;
                          keyValues4 = new object[]{ (object)dataReader.GetGuid(7) };
                          return ShapedQueryCompilingExpressionVisitor.CreateNullKeyValueInNoTrackingQuery(
                              entityType: [LIFTABLE Constant: EntityType: User | Resolver: namelessParameter{27} => namelessParameter{27}.Dependencies.Model.FindEntityType("EduConnect.Domain.Entities.User")], 
                              properties: [LIFTABLE Constant: List<RuntimeProperty> { Property: User.Id (Guid) Required PK AfterSave:Throw ValueGenerated.OnAdd } | Resolver: c => c.Dependencies.Model.FindEntityType("EduConnect.Domain.Entities.User").FindPrimaryKey().Properties], 
                              keyValues: keyValues4);
                      };
                      return instance4;
                  };
                  entity = 
                  {
                      MaterializationContext materializationContext5;
                      IEntityType entityType5;
                      StudentProfile instance5;
                      materializationContext5 = new MaterializationContext(
                          [LIFTABLE Constant: ValueBuffer | Resolver: _ => (object)ValueBuffer.Empty], 
                          queryContext.Context
                      );
                      instance5 = default(StudentProfile);
                      dataReader.IsDBNull(22) ? default(object) : (object)dataReader.GetGuid(22) != null ? 
                      {
                          ISnapshot shadowSnapshot5;
                          shadowSnapshot5 = [LIFTABLE Constant: Snapshot | Resolver: _ => Snapshot.Empty];
                          entityType5 = [LIFTABLE Constant: EntityType: StudentProfile | Resolver: namelessParameter{28} => namelessParameter{28}.Dependencies.Model.FindEntityType("EduConnect.Domain.Entities.StudentProfile")];
                          instance5 = switch (entityType5)
                          {
                              case [LIFTABLE Constant: EntityType: StudentProfile | Resolver: namelessParameter{29} => namelessParameter{29}.Dependencies.Model.FindEntityType("EduConnect.Domain.Entities.StudentProfile")]: 
                                  {
                                      return 
                                      {
                                          StudentProfile instance;
                                          instance = new StudentProfile();
                                          instance.<Id>k__BackingField = dataReader.IsDBNull(22) ? default(Guid) : dataReader.GetGuid(22);
                                          instance.<AvatarUrl>k__BackingField = dataReader.IsDBNull(23) ? default(string) : (string)dataReader.GetFieldValue<object>(23);
                                          instance.<Bio>k__BackingField = dataReader.IsDBNull(24) ? default(string) : (string)dataReader.GetFieldValue<object>(24);
                                          instance.<CoverImageUrl>k__BackingField = dataReader.IsDBNull(25) ? default(string) : (string)dataReader.GetFieldValue<object>(25);
                                          instance.<CreatedAtUtc>k__BackingField = dataReader.IsDBNull(26) ? default(DateTime) : dataReader.GetDateTime(26);
                                          instance.<Department>k__BackingField = dataReader.IsDBNull(27) ? default(string) : (string)dataReader.GetFieldValue<object>(27);
                                          instance.<UpdatedAtUtc>k__BackingField = dataReader.IsDBNull(28) ? default(DateTime?) : (DateTime?)dataReader.GetDateTime(28);
                                          instance.<UserId>k__BackingField = dataReader.IsDBNull(29) ? default(Guid) : dataReader.GetGuid(29);
                                          instance.<Year>k__BackingField = dataReader.IsDBNull(30) ? default(int) : dataReader.GetInt32(30);
                                          (instance is IInjectableService) ? ((IInjectableService)instance).Injected(
                                              context: materializationContext5.Context, 
                                              entity: instance, 
                                              queryTrackingBehavior: NoTracking, 
                                              structuralType: [LIFTABLE Constant: EntityType: StudentProfile | Resolver: namelessParameter{30} => namelessParameter{30}.Dependencies.Model.FindEntityType("EduConnect.Domain.Entities.StudentProfile")]) : default(void);
                                          return instance;
                                      }}
                              default: 
                                  default(StudentProfile)
                          }
                          ;
                          return instance5;
                      } : default(void);
                      return instance5;
                  };
                  ShaperProcessingExpressionVisitor.IncludeReference<User, User, StudentProfile>(
                      queryContext: queryContext, 
                      entity: entity, 
                      relatedEntity: entity, 
                      navigation: [LIFTABLE Constant: Navigation: User.StudentProfile (StudentProfile) Optional ToDependent StudentProfile Inverse: User | Resolver: namelessParameter{31} => namelessParameter{31}.Dependencies.Model.FindEntityType("EduConnect.Domain.Entities.User").FindNavigation("StudentProfile")], 
                      inverseNavigation: [LIFTABLE Constant: Navigation: StudentProfile.User (User) Required ToPrincipal User Inverse: StudentProfile | Resolver: namelessParameter{32} => namelessParameter{32}.Dependencies.Model.FindEntityType("EduConnect.Domain.Entities.StudentProfile").FindNavigation("User")], 
                      fixup: (namelessParameter{33}, namelessParameter{34}) => 
                      {
                          namelessParameter{33}.<StudentProfile>k__BackingField = namelessParameter{34};
                          return namelessParameter{34}.<User>k__BackingField = namelessParameter{33};
                      }, 
                      trackingQuery: False);
                  ShaperProcessingExpressionVisitor.IncludeReference<GroupMember, GroupMember, User>(
                      queryContext: queryContext, 
                      entity: entity, 
                      relatedEntity: entity, 
                      navigation: [LIFTABLE Constant: Navigation: GroupMember.User (User) Required ToPrincipal User Inverse: GroupMemberships | Resolver: namelessParameter{35} => namelessParameter{35}.Dependencies.Model.FindEntityType("EduConnect.Domain.Entities.GroupMember").FindNavigation("User")], 
                      inverseNavigation: [LIFTABLE Constant: Navigation: User.GroupMemberships (ICollection<GroupMember>) Collection ToDependent GroupMember Inverse: User | Resolver: namelessParameter{36} => namelessParameter{36}.Dependencies.Model.FindEntityType("EduConnect.Domain.Entities.User").FindNavigation("GroupMemberships")], 
                      fixup: (namelessParameter{37}, namelessParameter{38}) => 
                      {
                          namelessParameter{37}.<User>k__BackingField = namelessParameter{38};
                          return [LIFTABLE Constant: ClrCollectionAccessor<User, ICollection<GroupMember>, GroupMember> | Resolver: namelessParameter{39} => namelessParameter{39}.Dependencies.Model.FindEntityType("EduConnect.Domain.Entities.User").FindNavigation("GroupMemberships").GetCollectionAccessor()].Add(
                              entity: namelessParameter{38}, 
                              value: namelessParameter{37}, 
                              forMaterialization: True);
                      }, 
                      trackingQuery: False);
                  return entity;
              }, 
              relatedDataLoaders: null, 
              inverseNavigation: [LIFTABLE Constant: Navigation: GroupMember.Group (Group) Required ToPrincipal Group Inverse: Members | Resolver: namelessParameter{40} => namelessParameter{40}.Dependencies.Model.FindEntityType("EduConnect.Domain.Entities.GroupMember").FindNavigation("Group")], 
              fixup: (namelessParameter{41}, namelessParameter{42}) => 
              {
                  [LIFTABLE Constant: ClrCollectionAccessor<Group, ICollection<GroupMember>, GroupMember> | Resolver: namelessParameter{43} => namelessParameter{43}.Dependencies.Model.FindEntityType("EduConnect.Domain.Entities.Group").FindNavigation("Members").GetCollectionAccessor()].Add(
                      entity: namelessParameter{41}, 
                      value: namelessParameter{42}, 
                      forMaterialization: True);
                  return namelessParameter{42}.<Group>k__BackingField = namelessParameter{41};
              }, 
              trackingQuery: False) }), 
          contextType: EduConnect.Infrastructure.Data.AppDbContext, 
          standAloneStateManager: False, 
          detailedErrorsEnabled: False, 
          threadSafetyChecksEnabled: True)'
dbug: Microsoft.EntityFrameworkCore.Database.Connection[20005]
      Creating DbConnection.
dbug: Microsoft.EntityFrameworkCore.Database.Connection[20006]
      Created DbConnection. (0ms).
dbug: Microsoft.EntityFrameworkCore.Database.Connection[20000]
      Opening connection to database 'EduConnectDb' on server 'localhost\SQLEXPRESS'.
dbug: Microsoft.EntityFrameworkCore.Database.Connection[20001]
      Opened connection to database 'EduConnectDb' on server 'localhost\SQLEXPRESS'.
dbug: Microsoft.EntityFrameworkCore.Database.Connection[20002]
      Closing connection to database 'EduConnectDb' on server 'localhost\SQLEXPRESS'.
dbug: Microsoft.EntityFrameworkCore.Database.Connection[20003]
      Closed connection to database 'EduConnectDb' on server 'localhost\SQLEXPRESS' (0ms).
info: Microsoft.AspNetCore.Mvc.Infrastructure.ObjectResultExecutor[1]
      Executing OkObjectResult, writing value of type 'EduConnect.Application.Contracts.Groups.GroupResponse[]'.
info: Microsoft.AspNetCore.Mvc.Infrastructure.ControllerActionInvoker[105]
      Executed action EduConnect.Api.Controllers.GroupsController.GetAll (EduConnect.Api) in 114.7113ms
info: Microsoft.AspNetCore.Routing.EndpointMiddleware[1]
      Executed endpoint 'EduConnect.Api.Controllers.GroupsController.GetAll (EduConnect.Api)'
dbug: Microsoft.EntityFrameworkCore.Infrastructure[10407]
      'AppDbContext' disposed.
dbug: Microsoft.EntityFrameworkCore.Database.Connection[20007]
      Disposing connection to database 'EduConnectDb' on server 'localhost\SQLEXPRESS'.
dbug: Microsoft.EntityFrameworkCore.Database.Connection[20008]
      Disposed connection to database '' on server '' (0ms).
info: Microsoft.AspNetCore.Hosting.Diagnostics[2]
      Request finished HTTP/1.1 GET http://localhost:5160/api/groups - 200 - application/json;+charset=utf-8 123.2075ms
info: Microsoft.AspNetCore.Hosting.Diagnostics[1]
      Request starting HTTP/1.1 OPTIONS http://localhost:5160/api/events - - -
info: Microsoft.AspNetCore.Cors.Infrastructure.CorsService[4]
      CORS policy execution successful.
info: Microsoft.AspNetCore.Hosting.Diagnostics[2]
      Request finished HTTP/1.1 OPTIONS http://localhost:5160/api/events - 204 - - 0.2454ms
info: Microsoft.AspNetCore.Hosting.Diagnostics[1]
      Request starting HTTP/1.1 GET http://localhost:5160/api/events - - -
info: Microsoft.AspNetCore.Cors.Infrastructure.CorsService[4]
      CORS policy execution successful.
info: Microsoft.AspNetCore.Routing.EndpointMiddleware[0]
      Executing endpoint 'EduConnect.Api.Controllers.EventsController.GetAll (EduConnect.Api)'
info: Microsoft.AspNetCore.Mvc.Infrastructure.ControllerActionInvoker[102]
      Route matched with {action = "GetAll", controller = "Events"}. Executing controller action with signature System.Threading.Tasks.Task`1[Microsoft.AspNetCore.Mvc.ActionResult`1[System.Collections.Generic.IReadOnlyCollection`1[EduConnect.Application.Contracts.Events.EventResponse]]] GetAll(System.Threading.CancellationToken) on controller EduConnect.Api.Controllers.EventsController (EduConnect.Api).
dbug: Microsoft.EntityFrameworkCore.Infrastructure[10403]
      Entity Framework Core 10.0.5 initialized 'AppDbContext' using provider 'Microsoft.EntityFrameworkCore.SqlServer:10.0.5' with options: MigrationsAssembly=EduConnect.Infrastructure, Version=1.0.0.0, Culture=neutral, PublicKeyToken=null EngineType=SqlServer 
dbug: Microsoft.EntityFrameworkCore.Query[10111]
      Compiling query expression: 
      'DbSet<Event>()
          .AsNoTracking()
          .AsSplitQuery()
          .Include(x => x.CreatorUser)
          .Include(x => x.Group)
          .Include(x => x.Participants)
          .OrderBy(x => x.StartDateUtc)'
dbug: Microsoft.EntityFrameworkCore.Query[10112]
      Including navigation: 'Event.CreatorUser'.
dbug: Microsoft.EntityFrameworkCore.Query[10112]
      Including navigation: 'Event.Group'.
dbug: Microsoft.EntityFrameworkCore.Query[10112]
      Including navigation: 'Event.Participants'.
dbug: Microsoft.EntityFrameworkCore.Query[10107]
      Generated query execution expression: 
      'queryContext => SplitQueryingEnumerable.Create<Event>(
          relationalQueryContext: (RelationalQueryContext)queryContext, 
          relationalCommandResolver: parameters => [LIFTABLE Constant: RelationalCommandCache.QueryExpression(
              Client Projections:
                  0 -> Dictionary<IPropertyBase, int> { [Property: Event.Id (Guid) Required PK AfterSave:Throw ValueGenerated.OnAdd, 0], [Property: Event.Category (string) Required MaxLength(100), 1], [Property: Event.CreatedAtUtc (DateTime) Required, 2], [Property: Event.CreatorUserId (Guid) Required FK Index, 3], [Property: Event.Description (string) Required MaxLength(1500), 4], [Property: Event.EndDateUtc (DateTime) Required, 5], [Property: Event.GroupId (Guid?) FK Index, 6], [Property: Event.Location (string) Required MaxLength(250), 7], [Property: Event.MaxParticipants (int) Required, 8], [Property: Event.StartDateUtc (DateTime) Required, 9], [Property: Event.Title (string) Required MaxLength(200), 10], [Property: Event.UpdatedAtUtc (DateTime?), 11] }
                  1 -> Dictionary<IPropertyBase, int> { [Property: User.Id (Guid) Required PK AfterSave:Throw ValueGenerated.OnAdd, 12], [Property: User.CreatedAtUtc (DateTime) Required, 13], [Property: User.Email (string) Required Index MaxLength(200), 14], [Property: User.EmailVerificationAttemptCount (int) Required, 15], [Property: User.EmailVerificationCodeHash (string) MaxLength(500), 16], [Property: User.EmailVerificationExpiresAtUtc (DateTime?), 17], [Property: User.EmailVerificationSentAtUtc (DateTime?), 18], [Property: User.EmailVerifiedAtUtc (DateTime?), 19], [Property: User.FullName (string) Required MaxLength(150), 20], [Property: User.IsActive (bool) Required, 21], [Property: User.PasswordHash (string) Required MaxLength(1000), 22], [Property: User.Role (UserRole) Required, 23], [Property: User.TwoFactorEnabled (bool) Required, 24], [Property: User.UniversityId (Guid?) FK Index, 25], [Property: User.UpdatedAtUtc (DateTime?), 26] }
                  2 -> Dictionary<IPropertyBase, int> { [Property: Group.Id (Guid) Required PK AfterSave:Throw ValueGenerated.OnAdd, 27], [Property: Group.AvatarUrl (string) MaxLength(500), 28], [Property: Group.BannerUrl (string) MaxLength(500), 29], [Property: Group.Category (string) Required MaxLength(100), 30], [Property: Group.CreatedAtUtc (DateTime) Required, 31], [Property: Group.CreatorUserId (Guid) Required FK Index, 32], [Property: Group.Description (string) Required MaxLength(1000), 33], [Property: Group.Name (string) Required MaxLength(150), 34], [Property: Group.ShortDescription (string) Required MaxLength(220), 35], [Property: Group.Slug (string) Required Index MaxLength(160), 36], [Property: Group.UpdatedAtUtc (DateTime?), 37] }
                  3 -> 0
                  4 -> 12
                  5 -> 27
              SELECT e.Id, e.Category, e.CreatedAtUtc, e.CreatorUserId, e.Description, e.EndDateUtc, e.GroupId, e.Location, e.MaxParticipants, e.StartDateUtc, e.Title, e.UpdatedAtUtc, u.Id, u.CreatedAtUtc, u.Email, u.EmailVerificationAttemptCount, u.EmailVerificationCodeHash, u.EmailVerificationExpiresAtUtc, u.EmailVerificationSentAtUtc, u.EmailVerifiedAtUtc, u.FullName, u.IsActive, u.PasswordHash, u.Role, u.TwoFactorEnabled, u.UniversityId, u.UpdatedAtUtc, g.Id, g.AvatarUrl, g.BannerUrl, g.Category, g.CreatedAtUtc, g.CreatorUserId, g.Description, g.Name, g.ShortDescription, g.Slug, g.UpdatedAtUtc
              FROM Events AS e
              INNER JOIN Users AS u ON e.CreatorUserId == u.Id
              LEFT JOIN Groups AS g ON e.GroupId == g.Id
              ORDER BY e.StartDateUtc ASC, e.Id ASC, u.Id ASC, g.Id ASC) | Resolver: c => new RelationalCommandCache(
              c.Dependencies.MemoryCache, 
              c.RelationalDependencies.QuerySqlGeneratorFactory, 
              c.RelationalDependencies.RelationalParameterBasedSqlProcessorFactory, 
              Client Projections:
                  0 -> Dictionary<IPropertyBase, int> { [Property: Event.Id (Guid) Required PK AfterSave:Throw ValueGenerated.OnAdd, 0], [Property: Event.Category (string) Required MaxLength(100), 1], [Property: Event.CreatedAtUtc (DateTime) Required, 2], [Property: Event.CreatorUserId (Guid) Required FK Index, 3], [Property: Event.Description (string) Required MaxLength(1500), 4], [Property: Event.EndDateUtc (DateTime) Required, 5], [Property: Event.GroupId (Guid?) FK Index, 6], [Property: Event.Location (string) Required MaxLength(250), 7], [Property: Event.MaxParticipants (int) Required, 8], [Property: Event.StartDateUtc (DateTime) Required, 9], [Property: Event.Title (string) Required MaxLength(200), 10], [Property: Event.UpdatedAtUtc (DateTime?), 11] }
                  1 -> Dictionary<IPropertyBase, int> { [Property: User.Id (Guid) Required PK AfterSave:Throw ValueGenerated.OnAdd, 12], [Property: User.CreatedAtUtc (DateTime) Required, 13], [Property: User.Email (string) Required Index MaxLength(200), 14], [Property: User.EmailVerificationAttemptCount (int) Required, 15], [Property: User.EmailVerificationCodeHash (string) MaxLength(500), 16], [Property: User.EmailVerificationExpiresAtUtc (DateTime?), 17], [Property: User.EmailVerificationSentAtUtc (DateTime?), 18], [Property: User.EmailVerifiedAtUtc (DateTime?), 19], [Property: User.FullName (string) Required MaxLength(150), 20], [Property: User.IsActive (bool) Required, 21], [Property: User.PasswordHash (string) Required MaxLength(1000), 22], [Property: User.Role (UserRole) Required, 23], [Property: User.TwoFactorEnabled (bool) Required, 24], [Property: User.UniversityId (Guid?) FK Index, 25], [Property: User.UpdatedAtUtc (DateTime?), 26] }
                  2 -> Dictionary<IPropertyBase, int> { [Property: Group.Id (Guid) Required PK AfterSave:Throw ValueGenerated.OnAdd, 27], [Property: Group.AvatarUrl (string) MaxLength(500), 28], [Property: Group.BannerUrl (string) MaxLength(500), 29], [Property: Group.Category (string) Required MaxLength(100), 30], [Property: Group.CreatedAtUtc (DateTime) Required, 31], [Property: Group.CreatorUserId (Guid) Required FK Index, 32], [Property: Group.Description (string) Required MaxLength(1000), 33], [Property: Group.Name (string) Required MaxLength(150), 34], [Property: Group.ShortDescription (string) Required MaxLength(220), 35], [Property: Group.Slug (string) Required Index MaxLength(160), 36], [Property: Group.UpdatedAtUtc (DateTime?), 37] }
                  3 -> 0
                  4 -> 12
                  5 -> 27
              SELECT e.Id, e.Category, e.CreatedAtUtc, e.CreatorUserId, e.Description, e.EndDateUtc, e.GroupId, e.Location, e.MaxParticipants, e.StartDateUtc, e.Title, e.UpdatedAtUtc, u.Id, u.CreatedAtUtc, u.Email, u.EmailVerificationAttemptCount, u.EmailVerificationCodeHash, u.EmailVerificationExpiresAtUtc, u.EmailVerificationSentAtUtc, u.EmailVerifiedAtUtc, u.FullName, u.IsActive, u.PasswordHash, u.Role, u.TwoFactorEnabled, u.UniversityId, u.UpdatedAtUtc, g.Id, g.AvatarUrl, g.BannerUrl, g.Category, g.CreatedAtUtc, g.CreatorUserId, g.Description, g.Name, g.ShortDescription, g.Slug, g.UpdatedAtUtc
              FROM Events AS e
              INNER JOIN Users AS u ON e.CreatorUserId == u.Id
              LEFT JOIN Groups AS g ON e.GroupId == g.Id
              ORDER BY e.StartDateUtc ASC, e.Id ASC, u.Id ASC, g.Id ASC, 
              False, 
              MultipleParameters
          )].GetRelationalCommandTemplate(parameters), 
          readerColumns: [LIFTABLE Constant: ReaderColumn[] { ReaderColumn<Guid>, ReaderColumn<object>, ReaderColumn<DateTime>, ReaderColumn<Guid>, ReaderColumn<object>, ReaderColumn<DateTime>, ReaderColumn<Guid>, ReaderColumn<object>, ReaderColumn<int>, ReaderColumn<DateTime>, ReaderColumn<object>, ReaderColumn<DateTime>, ReaderColumn<Guid>, ReaderColumn<DateTime>, ReaderColumn<object>, ReaderColumn<int>, ReaderColumn<object>, ReaderColumn<DateTime>, ReaderColumn<DateTime>, ReaderColumn<DateTime>, ReaderColumn<object>, ReaderColumn<bool>, ReaderColumn<object>, ReaderColumn<int>, ReaderColumn<bool>, ReaderColumn<Guid>, ReaderColumn<DateTime>, ReaderColumn<Guid>, ReaderColumn<object>, ReaderColumn<object>, ReaderColumn<object>, ReaderColumn<DateTime>, ReaderColumn<Guid>, ReaderColumn<object>, ReaderColumn<object>, ReaderColumn<object>, ReaderColumn<object>, ReaderColumn<DateTime> } | Resolver: namelessParameter{0} => new ReaderColumn[]
          { 
              new ReaderColumn<Guid>(
                  False, 
                  null, 
                  namelessParameter{0}.Dependencies.Model.FindEntityType("EduConnect.Domain.Entities.Event").FindProperty("Id"), 
                  (dataReader, indexMap) => dataReader.GetGuid(0)
              ), 
              new ReaderColumn<object>(
                  False, 
                  null, 
                  namelessParameter{0}.Dependencies.Model.FindEntityType("EduConnect.Domain.Entities.Event").FindProperty("Category"), 
                  (dataReader, indexMap) => (object)dataReader.GetString(1)
              ), 
              new ReaderColumn<DateTime>(
                  False, 
                  null, 
                  namelessParameter{0}.Dependencies.Model.FindEntityType("EduConnect.Domain.Entities.Event").FindProperty("CreatedAtUtc"), 
                  (dataReader, indexMap) => dataReader.GetDateTime(2)
              ), 
              new ReaderColumn<Guid>(
                  False, 
                  null, 
                  namelessParameter{0}.Dependencies.Model.FindEntityType("EduConnect.Domain.Entities.Event").FindProperty("CreatorUserId"), 
                  (dataReader, indexMap) => dataReader.GetGuid(3)
              ), 
              new ReaderColumn<object>(
                  False, 
                  null, 
                  namelessParameter{0}.Dependencies.Model.FindEntityType("EduConnect.Domain.Entities.Event").FindProperty("Description"), 
                  (dataReader, indexMap) => (object)dataReader.GetString(4)
              ), 
              new ReaderColumn<DateTime>(
                  False, 
                  null, 
                  namelessParameter{0}.Dependencies.Model.FindEntityType("EduConnect.Domain.Entities.Event").FindProperty("EndDateUtc"), 
                  (dataReader, indexMap) => dataReader.GetDateTime(5)
              ), 
              new ReaderColumn<Guid>(
                  True, 
                  null, 
                  namelessParameter{0}.Dependencies.Model.FindEntityType("EduConnect.Domain.Entities.Event").FindProperty("GroupId"), 
                  (dataReader, indexMap) => dataReader.GetGuid(6)
              ), 
              new ReaderColumn<object>(
                  False, 
                  null, 
                  namelessParameter{0}.Dependencies.Model.FindEntityType("EduConnect.Domain.Entities.Event").FindProperty("Location"), 
                  (dataReader, indexMap) => (object)dataReader.GetString(7)
              ), 
              new ReaderColumn<int>(
                  False, 
                  null, 
                  namelessParameter{0}.Dependencies.Model.FindEntityType("EduConnect.Domain.Entities.Event").FindProperty("MaxParticipants"), 
                  (dataReader, indexMap) => dataReader.GetInt32(8)
              ), 
              new ReaderColumn<DateTime>(
                  False, 
                  null, 
                  namelessParameter{0}.Dependencies.Model.FindEntityType("EduConnect.Domain.Entities.Event").FindProperty("StartDateUtc"), 
                  (dataReader, indexMap) => dataReader.GetDateTime(9)
              ), 
              new ReaderColumn<object>(
                  False, 
                  null, 
                  namelessParameter{0}.Dependencies.Model.FindEntityType("EduConnect.Domain.Entities.Event").FindProperty("Title"), 
                  (dataReader, indexMap) => (object)dataReader.GetString(10)
              ), 
              new ReaderColumn<DateTime>(
                  True, 
                  null, 
                  namelessParameter{0}.Dependencies.Model.FindEntityType("EduConnect.Domain.Entities.Event").FindProperty("UpdatedAtUtc"), 
                  (dataReader, indexMap) => dataReader.GetDateTime(11)
              ), 
              new ReaderColumn<Guid>(
                  False, 
                  null, 
                  namelessParameter{0}.Dependencies.Model.FindEntityType("EduConnect.Domain.Entities.User").FindProperty("Id"), 
                  (dataReader, indexMap) => dataReader.GetGuid(12)
              ), 
              new ReaderColumn<DateTime>(
                  False, 
                  null, 
                  namelessParameter{0}.Dependencies.Model.FindEntityType("EduConnect.Domain.Entities.User").FindProperty("CreatedAtUtc"), 
                  (dataReader, indexMap) => dataReader.GetDateTime(13)
              ), 
              new ReaderColumn<object>(
                  False, 
                  null, 
                  namelessParameter{0}.Dependencies.Model.FindEntityType("EduConnect.Domain.Entities.User").FindProperty("Email"), 
                  (dataReader, indexMap) => (object)dataReader.GetString(14)
              ), 
              new ReaderColumn<int>(
                  False, 
                  null, 
                  namelessParameter{0}.Dependencies.Model.FindEntityType("EduConnect.Domain.Entities.User").FindProperty("EmailVerificationAttemptCount"), 
                  (dataReader, indexMap) => dataReader.GetInt32(15)
              ), 
              new ReaderColumn<object>(
                  True, 
                  null, 
                  namelessParameter{0}.Dependencies.Model.FindEntityType("EduConnect.Domain.Entities.User").FindProperty("EmailVerificationCodeHash"), 
                  (dataReader, indexMap) => (object)dataReader.GetString(16)
              ), 
              new ReaderColumn<DateTime>(
                  True, 
                  null, 
                  namelessParameter{0}.Dependencies.Model.FindEntityType("EduConnect.Domain.Entities.User").FindProperty("EmailVerificationExpiresAtUtc"), 
                  (dataReader, indexMap) => dataReader.GetDateTime(17)
              ), 
              new ReaderColumn<DateTime>(
                  True, 
                  null, 
                  namelessParameter{0}.Dependencies.Model.FindEntityType("EduConnect.Domain.Entities.User").FindProperty("EmailVerificationSentAtUtc"), 
                  (dataReader, indexMap) => dataReader.GetDateTime(18)
              ), 
              new ReaderColumn<DateTime>(
                  True, 
                  null, 
                  namelessParameter{0}.Dependencies.Model.FindEntityType("EduConnect.Domain.Entities.User").FindProperty("EmailVerifiedAtUtc"), 
                  (dataReader, indexMap) => dataReader.GetDateTime(19)
              ), 
              new ReaderColumn<object>(
                  False, 
                  null, 
                  namelessParameter{0}.Dependencies.Model.FindEntityType("EduConnect.Domain.Entities.User").FindProperty("FullName"), 
                  (dataReader, indexMap) => (object)dataReader.GetString(20)
              ), 
              new ReaderColumn<bool>(
                  False, 
                  null, 
                  namelessParameter{0}.Dependencies.Model.FindEntityType("EduConnect.Domain.Entities.User").FindProperty("IsActive"), 
                  (dataReader, indexMap) => dataReader.GetBoolean(21)
              ), 
              new ReaderColumn<object>(
                  False, 
                  null, 
                  namelessParameter{0}.Dependencies.Model.FindEntityType("EduConnect.Domain.Entities.User").FindProperty("PasswordHash"), 
                  (dataReader, indexMap) => (object)dataReader.GetString(22)
              ), 
              new ReaderColumn<int>(
                  False, 
                  null, 
                  namelessParameter{0}.Dependencies.Model.FindEntityType("EduConnect.Domain.Entities.User").FindProperty("Role"), 
                  (dataReader, indexMap) => dataReader.GetInt32(23)
              ), 
              new ReaderColumn<bool>(
                  False, 
                  null, 
                  namelessParameter{0}.Dependencies.Model.FindEntityType("EduConnect.Domain.Entities.User").FindProperty("TwoFactorEnabled"), 
                  (dataReader, indexMap) => dataReader.GetBoolean(24)
              ), 
              new ReaderColumn<Guid>(
                  True, 
                  null, 
                  namelessParameter{0}.Dependencies.Model.FindEntityType("EduConnect.Domain.Entities.User").FindProperty("UniversityId"), 
                  (dataReader, indexMap) => dataReader.GetGuid(25)
              ), 
              new ReaderColumn<DateTime>(
                  True, 
                  null, 
                  namelessParameter{0}.Dependencies.Model.FindEntityType("EduConnect.Domain.Entities.User").FindProperty("UpdatedAtUtc"), 
                  (dataReader, indexMap) => dataReader.GetDateTime(26)
              ), 
              new ReaderColumn<Guid>(
                  True, 
                  null, 
                  namelessParameter{0}.Dependencies.Model.FindEntityType("EduConnect.Domain.Entities.Group").FindProperty("Id"), 
                  (dataReader, indexMap) => dataReader.GetGuid(27)
              ), 
              new ReaderColumn<object>(
                  True, 
                  null, 
                  namelessParameter{0}.Dependencies.Model.FindEntityType("EduConnect.Domain.Entities.Group").FindProperty("AvatarUrl"), 
                  (dataReader, indexMap) => (object)dataReader.GetString(28)
              ), 
              new ReaderColumn<object>(
                  True, 
                  null, 
                  namelessParameter{0}.Dependencies.Model.FindEntityType("EduConnect.Domain.Entities.Group").FindProperty("BannerUrl"), 
                  (dataReader, indexMap) => (object)dataReader.GetString(29)
              ), 
              new ReaderColumn<object>(
                  True, 
                  null, 
                  namelessParameter{0}.Dependencies.Model.FindEntityType("EduConnect.Domain.Entities.Group").FindProperty("Category"), 
                  (dataReader, indexMap) => (object)dataReader.GetString(30)
              ), 
              new ReaderColumn<DateTime>(
                  True, 
                  null, 
                  namelessParameter{0}.Dependencies.Model.FindEntityType("EduConnect.Domain.Entities.Group").FindProperty("CreatedAtUtc"), 
                  (dataReader, indexMap) => dataReader.GetDateTime(31)
              ), 
              new ReaderColumn<Guid>(
                  True, 
                  null, 
                  namelessParameter{0}.Dependencies.Model.FindEntityType("EduConnect.Domain.Entities.Group").FindProperty("CreatorUserId"), 
                  (dataReader, indexMap) => dataReader.GetGuid(32)
              ), 
              new ReaderColumn<object>(
                  True, 
                  null, 
                  namelessParameter{0}.Dependencies.Model.FindEntityType("EduConnect.Domain.Entities.Group").FindProperty("Description"), 
                  (dataReader, indexMap) => (object)dataReader.GetString(33)
              ), 
              new ReaderColumn<object>(
                  True, 
                  null, 
                  namelessParameter{0}.Dependencies.Model.FindEntityType("EduConnect.Domain.Entities.Group").FindProperty("Name"), 
                  (dataReader, indexMap) => (object)dataReader.GetString(34)
              ), 
              new ReaderColumn<object>(
                  True, 
                  null, 
                  namelessParameter{0}.Dependencies.Model.FindEntityType("EduConnect.Domain.Entities.Group").FindProperty("ShortDescription"), 
                  (dataReader, indexMap) => (object)dataReader.GetString(35)
              ), 
              new ReaderColumn<object>(
                  True, 
                  null, 
                  namelessParameter{0}.Dependencies.Model.FindEntityType("EduConnect.Domain.Entities.Group").FindProperty("Slug"), 
                  (dataReader, indexMap) => (object)dataReader.GetString(36)
              ), 
              new ReaderColumn<DateTime>(
                  True, 
                  null, 
                  namelessParameter{0}.Dependencies.Model.FindEntityType("EduConnect.Domain.Entities.Group").FindProperty("UpdatedAtUtc"), 
                  (dataReader, indexMap) => dataReader.GetDateTime(37)
              ) 
          }], 
          shaper: (queryContext, dataReader, resultContext, resultCoordinator) => resultContext.Values == null ? 
          {
              Event entity;
              User entity;
              Group entity;
              entity = 
              {
                  MaterializationContext materializationContext1;
                  IEntityType entityType1;
                  Event instance1;
                  materializationContext1 = new MaterializationContext(
                      [LIFTABLE Constant: ValueBuffer | Resolver: _ => (object)ValueBuffer.Empty], 
                      queryContext.Context
                  );
                  instance1 = default(Event);
                  (object)dataReader.GetGuid(0) != null ? 
                  {
                      ISnapshot shadowSnapshot1;
                      shadowSnapshot1 = [LIFTABLE Constant: Snapshot | Resolver: _ => Snapshot.Empty];
                      entityType1 = [LIFTABLE Constant: EntityType: Event | Resolver: namelessParameter{1} => namelessParameter{1}.Dependencies.Model.FindEntityType("EduConnect.Domain.Entities.Event")];
                      instance1 = switch (entityType1)
                      {
                          case [LIFTABLE Constant: EntityType: Event | Resolver: namelessParameter{2} => namelessParameter{2}.Dependencies.Model.FindEntityType("EduConnect.Domain.Entities.Event")]: 
                              {
                                  return 
                                  {
                                      Event instance;
                                      instance = new Event();
                                      instance.<Id>k__BackingField = dataReader.GetGuid(0);
                                      instance.<Category>k__BackingField = (string)dataReader.GetFieldValue<object>(1);
                                      instance.<CreatedAtUtc>k__BackingField = dataReader.GetDateTime(2);
                                      instance.<CreatorUserId>k__BackingField = dataReader.GetGuid(3);
                                      instance.<Description>k__BackingField = (string)dataReader.GetFieldValue<object>(4);
                                      instance.<EndDateUtc>k__BackingField = dataReader.GetDateTime(5);
                                      instance.<GroupId>k__BackingField = dataReader.IsDBNull(6) ? default(Guid?) : (Guid?)dataReader.GetGuid(6);
                                      instance.<Location>k__BackingField = (string)dataReader.GetFieldValue<object>(7);
                                      instance.<MaxParticipants>k__BackingField = dataReader.GetInt32(8);
                                      instance.<StartDateUtc>k__BackingField = dataReader.GetDateTime(9);
                                      instance.<Title>k__BackingField = (string)dataReader.GetFieldValue<object>(10);
                                      instance.<UpdatedAtUtc>k__BackingField = dataReader.IsDBNull(11) ? default(DateTime?) : (DateTime?)dataReader.GetDateTime(11);
                                      (instance is IInjectableService) ? ((IInjectableService)instance).Injected(
                                          context: materializationContext1.Context, 
                                          entity: instance, 
                                          queryTrackingBehavior: NoTracking, 
                                          structuralType: [LIFTABLE Constant: EntityType: Event | Resolver: namelessParameter{3} => namelessParameter{3}.Dependencies.Model.FindEntityType("EduConnect.Domain.Entities.Event")]) : default(void);
                                      return instance;
                                  }}
                          default: 
                              default(Event)
                      }
                      ;
                      return instance1;
                  } : 
                  {
                      object[] keyValues1;
                      keyValues1 = new object[]{ (object)dataReader.GetGuid(0) };
                      return ShapedQueryCompilingExpressionVisitor.CreateNullKeyValueInNoTrackingQuery(
                          entityType: [LIFTABLE Constant: EntityType: Event | Resolver: namelessParameter{4} => namelessParameter{4}.Dependencies.Model.FindEntityType("EduConnect.Domain.Entities.Event")], 
                          properties: [LIFTABLE Constant: List<RuntimeProperty> { Property: Event.Id (Guid) Required PK AfterSave:Throw ValueGenerated.OnAdd } | Resolver: c => c.Dependencies.Model.FindEntityType("EduConnect.Domain.Entities.Event").FindPrimaryKey().Properties], 
                          keyValues: keyValues1);
                  };
                  return instance1;
              };
              entity = 
              {
                  MaterializationContext materializationContext2;
                  IEntityType entityType2;
                  User instance2;
                  materializationContext2 = new MaterializationContext(
                      [LIFTABLE Constant: ValueBuffer | Resolver: _ => (object)ValueBuffer.Empty], 
                      queryContext.Context
                  );
                  instance2 = default(User);
                  (object)dataReader.GetGuid(12) != null ? 
                  {
                      ISnapshot shadowSnapshot2;
                      shadowSnapshot2 = [LIFTABLE Constant: Snapshot | Resolver: _ => Snapshot.Empty];
                      entityType2 = [LIFTABLE Constant: EntityType: User | Resolver: namelessParameter{5} => namelessParameter{5}.Dependencies.Model.FindEntityType("EduConnect.Domain.Entities.User")];
                      instance2 = switch (entityType2)
                      {
                          case [LIFTABLE Constant: EntityType: User | Resolver: namelessParameter{6} => namelessParameter{6}.Dependencies.Model.FindEntityType("EduConnect.Domain.Entities.User")]: 
                              {
                                  return 
                                  {
                                      User instance;
                                      instance = new User();
                                      instance.<Id>k__BackingField = dataReader.GetGuid(12);
                                      instance.<CreatedAtUtc>k__BackingField = dataReader.GetDateTime(13);
                                      instance.<Email>k__BackingField = (string)dataReader.GetFieldValue<object>(14);
                                      instance.<EmailVerificationAttemptCount>k__BackingField = dataReader.GetInt32(15);
                                      instance.<EmailVerificationCodeHash>k__BackingField = dataReader.IsDBNull(16) ? default(string) : (string)dataReader.GetFieldValue<object>(16);
                                      instance.<EmailVerificationExpiresAtUtc>k__BackingField = dataReader.IsDBNull(17) ? default(DateTime?) : (DateTime?)dataReader.GetDateTime(17);
                                      instance.<EmailVerificationSentAtUtc>k__BackingField = dataReader.IsDBNull(18) ? default(DateTime?) : (DateTime?)dataReader.GetDateTime(18);
                                      instance.<EmailVerifiedAtUtc>k__BackingField = dataReader.IsDBNull(19) ? default(DateTime?) : (DateTime?)dataReader.GetDateTime(19);
                                      instance.<FullName>k__BackingField = (string)dataReader.GetFieldValue<object>(20);
                                      instance.<IsActive>k__BackingField = dataReader.GetBoolean(21);
                                      instance.<PasswordHash>k__BackingField = (string)dataReader.GetFieldValue<object>(22);
                                      instance.<Role>k__BackingField = Invoke(((EnumToNumberConverter<UserRole, int>)((IReadOnlyProperty)[LIFTABLE Constant: Property: User.Role (UserRole) Required | Resolver: namelessParameter{7} => namelessParameter{7}.Dependencies.Model.FindEntityType("EduConnect.Domain.Entities.User").FindProperty("Role")]).GetTypeMapping().Converter).ConvertFromProviderTyped, dataReader.GetInt32(23));
                                      instance.<TwoFactorEnabled>k__BackingField = dataReader.GetBoolean(24);
                                      instance.<UniversityId>k__BackingField = dataReader.IsDBNull(25) ? default(Guid?) : (Guid?)dataReader.GetGuid(25);
                                      instance.<UpdatedAtUtc>k__BackingField = dataReader.IsDBNull(26) ? default(DateTime?) : (DateTime?)dataReader.GetDateTime(26);
                                      (instance is IInjectableService) ? ((IInjectableService)instance).Injected(
                                          context: materializationContext2.Context, 
                                          entity: instance, 
                                          queryTrackingBehavior: NoTracking, 
                                          structuralType: [LIFTABLE Constant: EntityType: User | Resolver: namelessParameter{8} => namelessParameter{8}.Dependencies.Model.FindEntityType("EduConnect.Domain.Entities.User")]) : default(void);
                                      return instance;
                                  }}
                          default: 
                              default(User)
                      }
                      ;
                      return instance2;
                  } : 
                  {
                      object[] keyValues2;
                      keyValues2 = new object[]{ (object)dataReader.GetGuid(12) };
                      return ShapedQueryCompilingExpressionVisitor.CreateNullKeyValueInNoTrackingQuery(
                          entityType: [LIFTABLE Constant: EntityType: User | Resolver: namelessParameter{9} => namelessParameter{9}.Dependencies.Model.FindEntityType("EduConnect.Domain.Entities.User")], 
                          properties: [LIFTABLE Constant: List<RuntimeProperty> { Property: User.Id (Guid) Required PK AfterSave:Throw ValueGenerated.OnAdd } | Resolver: c => c.Dependencies.Model.FindEntityType("EduConnect.Domain.Entities.User").FindPrimaryKey().Properties], 
                          keyValues: keyValues2);
                  };
                  return instance2;
              };
              entity = 
              {
                  MaterializationContext materializationContext3;
                  IEntityType entityType3;
                  Group instance3;
                  materializationContext3 = new MaterializationContext(
                      [LIFTABLE Constant: ValueBuffer | Resolver: _ => (object)ValueBuffer.Empty], 
                      queryContext.Context
                  );
                  instance3 = default(Group);
                  dataReader.IsDBNull(27) ? default(object) : (object)dataReader.GetGuid(27) != null ? 
                  {
                      ISnapshot shadowSnapshot3;
                      shadowSnapshot3 = [LIFTABLE Constant: Snapshot | Resolver: _ => Snapshot.Empty];
                      entityType3 = [LIFTABLE Constant: EntityType: Group | Resolver: namelessParameter{10} => namelessParameter{10}.Dependencies.Model.FindEntityType("EduConnect.Domain.Entities.Group")];
                      instance3 = switch (entityType3)
                      {
                          case [LIFTABLE Constant: EntityType: Group | Resolver: namelessParameter{11} => namelessParameter{11}.Dependencies.Model.FindEntityType("EduConnect.Domain.Entities.Group")]: 
                              {
                                  return 
                                  {
                                      Group instance;
                                      instance = new Group();
                                      instance.<Id>k__BackingField = dataReader.IsDBNull(27) ? default(Guid) : dataReader.GetGuid(27);
                                      instance.<AvatarUrl>k__BackingField = dataReader.IsDBNull(28) ? default(string) : (string)dataReader.GetFieldValue<object>(28);
                                      instance.<BannerUrl>k__BackingField = dataReader.IsDBNull(29) ? default(string) : (string)dataReader.GetFieldValue<object>(29);
                                      instance.<Category>k__BackingField = dataReader.IsDBNull(30) ? default(string) : (string)dataReader.GetFieldValue<object>(30);
                                      instance.<CreatedAtUtc>k__BackingField = dataReader.IsDBNull(31) ? default(DateTime) : dataReader.GetDateTime(31);
                                      instance.<CreatorUserId>k__BackingField = dataReader.IsDBNull(32) ? default(Guid) : dataReader.GetGuid(32);
                                      instance.<Description>k__BackingField = dataReader.IsDBNull(33) ? default(string) : (string)dataReader.GetFieldValue<object>(33);
                                      instance.<Name>k__BackingField = dataReader.IsDBNull(34) ? default(string) : (string)dataReader.GetFieldValue<object>(34);
                                      instance.<ShortDescription>k__BackingField = dataReader.IsDBNull(35) ? default(string) : (string)dataReader.GetFieldValue<object>(35);
                                      instance.<Slug>k__BackingField = dataReader.IsDBNull(36) ? default(string) : (string)dataReader.GetFieldValue<object>(36);
                                      instance.<UpdatedAtUtc>k__BackingField = dataReader.IsDBNull(37) ? default(DateTime?) : (DateTime?)dataReader.GetDateTime(37);
                                      (instance is IInjectableService) ? ((IInjectableService)instance).Injected(
                                          context: materializationContext3.Context, 
                                          entity: instance, 
                                          queryTrackingBehavior: NoTracking, 
                                          structuralType: [LIFTABLE Constant: EntityType: Group | Resolver: namelessParameter{12} => namelessParameter{12}.Dependencies.Model.FindEntityType("EduConnect.Domain.Entities.Group")]) : default(void);
                                      return instance;
                                  }}
                          default: 
                              default(Group)
                      }
                      ;
                      return instance3;
                  } : default(void);
                  return instance3;
              };
              resultContext.Values = new object[]
              { 
                  entity, 
                  entity, 
                  entity 
              };
              ShaperProcessingExpressionVisitor.IncludeReference<Event, Event, User>(
                  queryContext: queryContext, 
                  entity: (Event)(resultContext.Values[0]), 
                  relatedEntity: (User)(resultContext.Values[1]), 
                  navigation: [LIFTABLE Constant: Navigation: Event.CreatorUser (User) Required ToPrincipal User Inverse: OwnedEvents | Resolver: namelessParameter{13} => namelessParameter{13}.Dependencies.Model.FindEntityType("EduConnect.Domain.Entities.Event").FindNavigation("CreatorUser")], 
                  inverseNavigation: [LIFTABLE Constant: Navigation: User.OwnedEvents (ICollection<Event>) Collection ToDependent Event Inverse: CreatorUser | Resolver: namelessParameter{14} => namelessParameter{14}.Dependencies.Model.FindEntityType("EduConnect.Domain.Entities.User").FindNavigation("OwnedEvents")], 
                  fixup: (namelessParameter{15}, namelessParameter{16}) => 
                  {
                      namelessParameter{15}.<CreatorUser>k__BackingField = namelessParameter{16};
                      return [LIFTABLE Constant: ClrCollectionAccessor<User, ICollection<Event>, Event> | Resolver: namelessParameter{17} => namelessParameter{17}.Dependencies.Model.FindEntityType("EduConnect.Domain.Entities.User").FindNavigation("OwnedEvents").GetCollectionAccessor()].Add(
                          entity: namelessParameter{16}, 
                          value: namelessParameter{15}, 
                          forMaterialization: True);
                  }, 
                  trackingQuery: False);
              ShaperProcessingExpressionVisitor.IncludeReference<Event, Event, Group>(
                  queryContext: queryContext, 
                  entity: (Event)(resultContext.Values[0]), 
                  relatedEntity: (Group)(resultContext.Values[2]), 
                  navigation: [LIFTABLE Constant: Navigation: Event.Group (Group) Optional ToPrincipal Group Inverse: Events | Resolver: namelessParameter{18} => namelessParameter{18}.Dependencies.Model.FindEntityType("EduConnect.Domain.Entities.Event").FindNavigation("Group")], 
                  inverseNavigation: [LIFTABLE Constant: Navigation: Group.Events (ICollection<Event>) Collection ToDependent Event Inverse: Group | Resolver: namelessParameter{19} => namelessParameter{19}.Dependencies.Model.FindEntityType("EduConnect.Domain.Entities.Group").FindNavigation("Events")], 
                  fixup: (namelessParameter{20}, namelessParameter{21}) => 
                  {
                      namelessParameter{20}.<Group>k__BackingField = namelessParameter{21};
                      return [LIFTABLE Constant: ClrCollectionAccessor<Group, ICollection<Event>, Event> | Resolver: namelessParameter{22} => namelessParameter{22}.Dependencies.Model.FindEntityType("EduConnect.Domain.Entities.Group").FindNavigation("Events").GetCollectionAccessor()].Add(
                          entity: namelessParameter{21}, 
                          value: namelessParameter{20}, 
                          forMaterialization: True);
                  }, 
                  trackingQuery: False);
              ShaperProcessingExpressionVisitor.InitializeSplitIncludeCollection<Event, Event>(
                  collectionId: 0, 
                  queryContext: queryContext, 
                  parentDataReader: dataReader, 
                  resultCoordinator: resultCoordinator, 
                  entity: (Event)(resultContext.Values[0]), 
                  parentIdentifier: [LIFTABLE Constant: Func<QueryContext, DbDataReader, object[]> | Resolver: _ => (queryContext, dataReader) => new object[]
                  { 
                      (object)(Guid?)dataReader.GetGuid(0), 
                      (object)(Guid?)dataReader.GetGuid(12), 
                      (object)dataReader.IsDBNull(27) ? default(Guid?) : (Guid?)dataReader.GetGuid(27) 
                  }], 
                  navigation: [LIFTABLE Constant: Navigation: Event.Participants (ICollection<EventParticipant>) Collection ToDependent EventParticipant Inverse: Event | Resolver: namelessParameter{23} => namelessParameter{23}.Dependencies.Model.FindEntityType("EduConnect.Domain.Entities.Event").FindNavigation("Participants")], 
                  clrCollectionAccessor: [LIFTABLE Constant: ClrCollectionAccessor<Event, ICollection<EventParticipant>, EventParticipant> | Resolver: namelessParameter{24} => namelessParameter{24}.Dependencies.Model.FindEntityType("EduConnect.Domain.Entities.Event").FindNavigation("Participants").GetCollectionAccessor()], 
                  trackingQuery: False, 
                  setLoaded: True);
              return } : (Event)(resultContext.Values[0]), 
          relatedDataLoaders: null, 
          relatedDataLoadersAsync: (queryContext, executionStrategy, resultCoordinator) => ShaperProcessingExpressionVisitor.TaskAwaiter(new Func<Task>[]{ () => ShaperProcessingExpressionVisitor.PopulateSplitIncludeCollectionAsync<Event, EventParticipant>(
              collectionId: 0, 
              queryContext: (RelationalQueryContext)queryContext, 
              executionStrategy: executionStrategy, 
              relationalCommandResolver: parameters => [LIFTABLE Constant: RelationalCommandCache.QueryExpression(
                  Client Projections:
                      0 -> Dictionary<IPropertyBase, int> { [Property: EventParticipant.Id (Guid) Required PK AfterSave:Throw ValueGenerated.OnAdd, 0], [Property: EventParticipant.CreatedAtUtc (DateTime) Required, 1], [Property: EventParticipant.EventId (Guid) Required FK Index, 2], [Property: EventParticipant.RegisteredAtUtc (DateTime) Required, 3], [Property: EventParticipant.Status (EventParticipantStatus) Required, 4], [Property: EventParticipant.UpdatedAtUtc (DateTime?), 5], [Property: EventParticipant.UserId (Guid) Required FK Index, 6] }
                      1 -> 7
                      2 -> 8
                      3 -> 9
                  SELECT e0.Id, e0.CreatedAtUtc, e0.EventId, e0.RegisteredAtUtc, e0.Status, e0.UpdatedAtUtc, e0.UserId, e.Id, u.Id, g.Id
                  FROM Events AS e
                  INNER JOIN Users AS u ON e.CreatorUserId == u.Id
                  LEFT JOIN Groups AS g ON e.GroupId == g.Id
                  INNER JOIN EventParticipants AS e0 ON e.Id == e0.EventId
                  ORDER BY e.StartDateUtc ASC, e.Id ASC, u.Id ASC, g.Id ASC) | Resolver: c => new RelationalCommandCache(
                  c.Dependencies.MemoryCache, 
                  c.RelationalDependencies.QuerySqlGeneratorFactory, 
                  c.RelationalDependencies.RelationalParameterBasedSqlProcessorFactory, 
                  Client Projections:
                      0 -> Dictionary<IPropertyBase, int> { [Property: EventParticipant.Id (Guid) Required PK AfterSave:Throw ValueGenerated.OnAdd, 0], [Property: EventParticipant.CreatedAtUtc (DateTime) Required, 1], [Property: EventParticipant.EventId (Guid) Required FK Index, 2], [Property: EventParticipant.RegisteredAtUtc (DateTime) Required, 3], [Property: EventParticipant.Status (EventParticipantStatus) Required, 4], [Property: EventParticipant.UpdatedAtUtc (DateTime?), 5], [Property: EventParticipant.UserId (Guid) Required FK Index, 6] }
                      1 -> 7
                      2 -> 8
                      3 -> 9
                  SELECT e0.Id, e0.CreatedAtUtc, e0.EventId, e0.RegisteredAtUtc, e0.Status, e0.UpdatedAtUtc, e0.UserId, e.Id, u.Id, g.Id
                  FROM Events AS e
                  INNER JOIN Users AS u ON e.CreatorUserId == u.Id
                  LEFT JOIN Groups AS g ON e.GroupId == g.Id
                  INNER JOIN EventParticipants AS e0 ON e.Id == e0.EventId
                  ORDER BY e.StartDateUtc ASC, e.Id ASC, u.Id ASC, g.Id ASC, 
                  False, 
                  MultipleParameters
              )].GetRelationalCommandTemplate(parameters), 
              readerColumns: [LIFTABLE Constant: ReaderColumn[] { ReaderColumn<Guid>, ReaderColumn<DateTime>, ReaderColumn<Guid>, ReaderColumn<DateTime>, ReaderColumn<int>, ReaderColumn<DateTime>, ReaderColumn<Guid>, ReaderColumn<Guid>, ReaderColumn<Guid>, ReaderColumn<Guid> } | Resolver: namelessParameter{25} => new ReaderColumn[]
              { 
                  new ReaderColumn<Guid>(
                      False, 
                      null, 
                      namelessParameter{25}.Dependencies.Model.FindEntityType("EduConnect.Domain.Entities.EventParticipant").FindProperty("Id"), 
                      (dataReader, indexMap) => dataReader.GetGuid(0)
                  ), 
                  new ReaderColumn<DateTime>(
                      False, 
                      null, 
                      namelessParameter{25}.Dependencies.Model.FindEntityType("EduConnect.Domain.Entities.EventParticipant").FindProperty("CreatedAtUtc"), 
                      (dataReader, indexMap) => dataReader.GetDateTime(1)
                  ), 
                  new ReaderColumn<Guid>(
                      False, 
                      null, 
                      namelessParameter{25}.Dependencies.Model.FindEntityType("EduConnect.Domain.Entities.EventParticipant").FindProperty("EventId"), 
                      (dataReader, indexMap) => dataReader.GetGuid(2)
                  ), 
                  new ReaderColumn<DateTime>(
                      False, 
                      null, 
                      namelessParameter{25}.Dependencies.Model.FindEntityType("EduConnect.Domain.Entities.EventParticipant").FindProperty("RegisteredAtUtc"), 
                      (dataReader, indexMap) => dataReader.GetDateTime(3)
                  ), 
                  new ReaderColumn<int>(
                      False, 
                      null, 
                      namelessParameter{25}.Dependencies.Model.FindEntityType("EduConnect.Domain.Entities.EventParticipant").FindProperty("Status"), 
                      (dataReader, indexMap) => dataReader.GetInt32(4)
                  ), 
                  new ReaderColumn<DateTime>(
                      True, 
                      null, 
                      namelessParameter{25}.Dependencies.Model.FindEntityType("EduConnect.Domain.Entities.EventParticipant").FindProperty("UpdatedAtUtc"), 
                      (dataReader, indexMap) => dataReader.GetDateTime(5)
                  ), 
                  new ReaderColumn<Guid>(
                      False, 
                      null, 
                      namelessParameter{25}.Dependencies.Model.FindEntityType("EduConnect.Domain.Entities.EventParticipant").FindProperty("UserId"), 
                      (dataReader, indexMap) => dataReader.GetGuid(6)
                  ), 
                  new ReaderColumn<Guid>(
                      False, 
                      null, 
                      default(IPropertyBase), 
                      (dataReader, indexMap) => dataReader.GetGuid(7)
                  ), 
                  new ReaderColumn<Guid>(
                      False, 
                      null, 
                      default(IPropertyBase), 
                      (dataReader, indexMap) => dataReader.GetGuid(8)
                  ), 
                  new ReaderColumn<Guid>(
                      True, 
                      null, 
                      default(IPropertyBase), 
                      (dataReader, indexMap) => dataReader.GetGuid(9)
                  ) 
              }], 
              detailedErrorsEnabled: False, 
              resultCoordinator: resultCoordinator, 
              childIdentifier: [LIFTABLE Constant: Func<QueryContext, DbDataReader, object[]> | Resolver: _ => (queryContext, dataReader) => new object[]
              { 
                  (object)(Guid?)dataReader.GetGuid(7), 
                  (object)(Guid?)dataReader.GetGuid(8), 
                  (object)dataReader.IsDBNull(9) ? default(Guid?) : (Guid?)dataReader.GetGuid(9) 
              }], 
              identifierValueComparers: [LIFTABLE Constant: Func<object, object, bool>[] { Func<object, object, bool>, Func<object, object, bool>, Func<object, object, bool> } | Resolver: _ => new Func<object, object, bool>[]
              { 
                  (left, right) => left == null ? right == null : right != null && (Guid)left == (Guid)right, 
                  (left, right) => left == null ? right == null : right != null && (Guid)left == (Guid)right, 
                  (left, right) => left == null ? right == null : right != null && (Guid)left == (Guid)right 
              }], 
              innerShaper: (queryContext, dataReader, resultContext, resultCoordinator) => 
              {
                  EventParticipant entity;
                  entity = 
                  {
                      MaterializationContext materializationContext4;
                      IEntityType entityType4;
                      EventParticipant instance4;
                      materializationContext4 = new MaterializationContext(
                          [LIFTABLE Constant: ValueBuffer | Resolver: _ => (object)ValueBuffer.Empty], 
                          queryContext.Context
                      );
                      instance4 = default(EventParticipant);
                      (object)dataReader.GetGuid(0) != null ? 
                      {
                          ISnapshot shadowSnapshot4;
                          shadowSnapshot4 = [LIFTABLE Constant: Snapshot | Resolver: _ => Snapshot.Empty];
                          entityType4 = [LIFTABLE Constant: EntityType: EventParticipant | Resolver: namelessParameter{26} => namelessParameter{26}.Dependencies.Model.FindEntityType("EduConnect.Domain.Entities.EventParticipant")];
                          instance4 = switch (entityType4)
                          {
                              case [LIFTABLE Constant: EntityType: EventParticipant | Resolver: namelessParameter{27} => namelessParameter{27}.Dependencies.Model.FindEntityType("EduConnect.Domain.Entities.EventParticipant")]: 
                                  {
                                      return 
                                      {
                                          EventParticipant instance;
                                          instance = new EventParticipant();
                                          instance.<Id>k__BackingField = dataReader.GetGuid(0);
                                          instance.<CreatedAtUtc>k__BackingField = dataReader.GetDateTime(1);
                                          instance.<EventId>k__BackingField = dataReader.GetGuid(2);
                                          instance.<RegisteredAtUtc>k__BackingField = dataReader.GetDateTime(3);
                                          instance.<Status>k__BackingField = Invoke(((EnumToNumberConverter<EventParticipantStatus, int>)((IReadOnlyProperty)[LIFTABLE Constant: Property: EventParticipant.Status (EventParticipantStatus) Required | Resolver: namelessParameter{28} => namelessParameter{28}.Dependencies.Model.FindEntityType("EduConnect.Domain.Entities.EventParticipant").FindProperty("Status")]).GetTypeMapping().Converter).ConvertFromProviderTyped, dataReader.GetInt32(4));
                                          instance.<UpdatedAtUtc>k__BackingField = dataReader.IsDBNull(5) ? default(DateTime?) : (DateTime?)dataReader.GetDateTime(5);
                                          instance.<UserId>k__BackingField = dataReader.GetGuid(6);
                                          (instance is IInjectableService) ? ((IInjectableService)instance).Injected(
                                              context: materializationContext4.Context, 
                                              entity: instance, 
                                              queryTrackingBehavior: NoTracking, 
                                              structuralType: [LIFTABLE Constant: EntityType: EventParticipant | Resolver: namelessParameter{29} => namelessParameter{29}.Dependencies.Model.FindEntityType("EduConnect.Domain.Entities.EventParticipant")]) : default(void);
                                          return instance;
                                      }}
                              default: 
                                  default(EventParticipant)
                          }
                          ;
                          return instance4;
                      } : 
                      {
                          object[] keyValues4;
                          keyValues4 = new object[]{ (object)dataReader.GetGuid(0) };
                          return ShapedQueryCompilingExpressionVisitor.CreateNullKeyValueInNoTrackingQuery(
                              entityType: [LIFTABLE Constant: EntityType: EventParticipant | Resolver: namelessParameter{30} => namelessParameter{30}.Dependencies.Model.FindEntityType("EduConnect.Domain.Entities.EventParticipant")], 
                              properties: [LIFTABLE Constant: List<RuntimeProperty> { Property: EventParticipant.Id (Guid) Required PK AfterSave:Throw ValueGenerated.OnAdd } | Resolver: c => c.Dependencies.Model.FindEntityType("EduConnect.Domain.Entities.EventParticipant").FindPrimaryKey().Properties], 
                              keyValues: keyValues4);
                      };
                      return instance4;
                  };
                  return entity;
              }, 
              relatedDataLoaders: null, 
              inverseNavigation: [LIFTABLE Constant: Navigation: EventParticipant.Event (Event) Required ToPrincipal Event Inverse: Participants | Resolver: namelessParameter{31} => namelessParameter{31}.Dependencies.Model.FindEntityType("EduConnect.Domain.Entities.EventParticipant").FindNavigation("Event")], 
              fixup: (namelessParameter{32}, namelessParameter{33}) => 
              {
                  [LIFTABLE Constant: ClrCollectionAccessor<Event, ICollection<EventParticipant>, EventParticipant> | Resolver: namelessParameter{34} => namelessParameter{34}.Dependencies.Model.FindEntityType("EduConnect.Domain.Entities.Event").FindNavigation("Participants").GetCollectionAccessor()].Add(
                      entity: namelessParameter{32}, 
                      value: namelessParameter{33}, 
                      forMaterialization: True);
                  return namelessParameter{33}.<Event>k__BackingField = namelessParameter{32};
              }, 
              trackingQuery: False) }), 
          contextType: EduConnect.Infrastructure.Data.AppDbContext, 
          standAloneStateManager: False, 
          detailedErrorsEnabled: False, 
          threadSafetyChecksEnabled: True)'
dbug: Microsoft.EntityFrameworkCore.Database.Connection[20005]
      Creating DbConnection.
dbug: Microsoft.EntityFrameworkCore.Database.Connection[20006]
      Created DbConnection. (0ms).
dbug: Microsoft.EntityFrameworkCore.Database.Connection[20000]
      Opening connection to database 'EduConnectDb' on server 'localhost\SQLEXPRESS'.
dbug: Microsoft.EntityFrameworkCore.Database.Connection[20001]
      Opened connection to database 'EduConnectDb' on server 'localhost\SQLEXPRESS'.
dbug: Microsoft.EntityFrameworkCore.Database.Connection[20002]
      Closing connection to database 'EduConnectDb' on server 'localhost\SQLEXPRESS'.
dbug: Microsoft.EntityFrameworkCore.Database.Connection[20003]
      Closed connection to database 'EduConnectDb' on server 'localhost\SQLEXPRESS' (0ms).
info: Microsoft.AspNetCore.Mvc.Infrastructure.ObjectResultExecutor[1]
      Executing OkObjectResult, writing value of type 'EduConnect.Application.Contracts.Events.EventResponse[]'.
info: Microsoft.AspNetCore.Mvc.Infrastructure.ControllerActionInvoker[105]
      Executed action EduConnect.Api.Controllers.EventsController.GetAll (EduConnect.Api) in 79.3135ms
info: Microsoft.AspNetCore.Routing.EndpointMiddleware[1]
      Executed endpoint 'EduConnect.Api.Controllers.EventsController.GetAll (EduConnect.Api)'
dbug: Microsoft.EntityFrameworkCore.Infrastructure[10407]
      'AppDbContext' disposed.
dbug: Microsoft.EntityFrameworkCore.Database.Connection[20007]
      Disposing connection to database 'EduConnectDb' on server 'localhost\SQLEXPRESS'.
dbug: Microsoft.EntityFrameworkCore.Database.Connection[20008]
      Disposed connection to database '' on server '' (0ms).
info: Microsoft.AspNetCore.Hosting.Diagnostics[2]
      Request finished HTTP/1.1 GET http://localhost:5160/api/events - 200 - application/json;+charset=utf-8 89.4553ms
info: Microsoft.AspNetCore.Hosting.Diagnostics[1]
      Request starting HTTP/1.1 OPTIONS http://localhost:5160/api/notifications - - -
info: Microsoft.AspNetCore.Cors.Infrastructure.CorsService[4]
      CORS policy execution successful.
info: Microsoft.AspNetCore.Hosting.Diagnostics[2]
      Request finished HTTP/1.1 OPTIONS http://localhost:5160/api/notifications - 204 - - 0.2171ms
info: Microsoft.AspNetCore.Hosting.Diagnostics[1]
      Request starting HTTP/1.1 GET http://localhost:5160/api/notifications - - -
info: Microsoft.AspNetCore.Cors.Infrastructure.CorsService[4]
      CORS policy execution successful.
info: Microsoft.AspNetCore.Routing.EndpointMiddleware[0]
      Executing endpoint 'EduConnect.Api.Controllers.NotificationsController.GetAll (EduConnect.Api)'
info: Microsoft.AspNetCore.Mvc.Infrastructure.ControllerActionInvoker[102]
      Route matched with {action = "GetAll", controller = "Notifications"}. Executing controller action with signature System.Threading.Tasks.Task`1[Microsoft.AspNetCore.Mvc.IActionResult] GetAll(System.Threading.CancellationToken) on controller EduConnect.Api.Controllers.NotificationsController (EduConnect.Api).
dbug: Microsoft.EntityFrameworkCore.Infrastructure[10403]
      Entity Framework Core 10.0.5 initialized 'AppDbContext' using provider 'Microsoft.EntityFrameworkCore.SqlServer:10.0.5' with options: MigrationsAssembly=EduConnect.Infrastructure, Version=1.0.0.0, Culture=neutral, PublicKeyToken=null EngineType=SqlServer 
dbug: Microsoft.EntityFrameworkCore.Query[10111]
      Compiling query expression: 
      'DbSet<Notification>()
          .AsNoTracking()
          .Where(x => x.UserId == @userId_Value)
          .OrderByDescending(x => x.CreatedAtUtc)'
dbug: Microsoft.EntityFrameworkCore.Query[10107]
      Generated query execution expression: 
      'queryContext => SingleQueryingEnumerable.Create<Notification>(
          relationalQueryContext: (RelationalQueryContext)queryContext, 
          relationalCommandResolver: parameters => [LIFTABLE Constant: RelationalCommandCache.QueryExpression(
              Projection Mapping:
                  EmptyProjectionMember -> Dictionary<IPropertyBase, int> { [Property: Notification.Id (Guid) Required PK AfterSave:Throw ValueGenerated.OnAdd, 0], [Property: Notification.CreatedAtUtc (DateTime) Required, 1], [Property: Notification.IsRead (bool) Required, 2], [Property: Notification.Message (string) Required MaxLength(1000), 3], [Property: Notification.TargetPath (string) MaxLength(500), 4], [Property: Notification.Title (string) Required MaxLength(200), 5], [Property: Notification.Type (NotificationType) Required, 6], [Property: Notification.UpdatedAtUtc (DateTime?), 7], [Property: Notification.UserId (Guid) Required FK Index, 8] }
              SELECT n.Id, n.CreatedAtUtc, n.IsRead, n.Message, n.TargetPath, n.Title, n.Type, n.UpdatedAtUtc, n.UserId
              FROM Notifications AS n
              WHERE n.UserId == @userId_Value
              ORDER BY n.CreatedAtUtc DESC) | Resolver: c => new RelationalCommandCache(
              c.Dependencies.MemoryCache, 
              c.RelationalDependencies.QuerySqlGeneratorFactory, 
              c.RelationalDependencies.RelationalParameterBasedSqlProcessorFactory, 
              Projection Mapping:
                  EmptyProjectionMember -> Dictionary<IPropertyBase, int> { [Property: Notification.Id (Guid) Required PK AfterSave:Throw ValueGenerated.OnAdd, 0], [Property: Notification.CreatedAtUtc (DateTime) Required, 1], [Property: Notification.IsRead (bool) Required, 2], [Property: Notification.Message (string) Required MaxLength(1000), 3], [Property: Notification.TargetPath (string) MaxLength(500), 4], [Property: Notification.Title (string) Required MaxLength(200), 5], [Property: Notification.Type (NotificationType) Required, 6], [Property: Notification.UpdatedAtUtc (DateTime?), 7], [Property: Notification.UserId (Guid) Required FK Index, 8] }
              SELECT n.Id, n.CreatedAtUtc, n.IsRead, n.Message, n.TargetPath, n.Title, n.Type, n.UpdatedAtUtc, n.UserId
              FROM Notifications AS n
              WHERE n.UserId == @userId_Value
              ORDER BY n.CreatedAtUtc DESC, 
              False, 
              MultipleParameters
          )].GetRelationalCommandTemplate(parameters), 
          readerColumns: null, 
          shaper: (queryContext, dataReader, resultContext, resultCoordinator) => 
          {
              Notification entity;
              entity = 
              {
                  MaterializationContext materializationContext1;
                  IEntityType entityType1;
                  Notification instance1;
                  materializationContext1 = new MaterializationContext(
                      [LIFTABLE Constant: ValueBuffer | Resolver: _ => (object)ValueBuffer.Empty], 
                      queryContext.Context
                  );
                  instance1 = default(Notification);
                  (object)dataReader.GetGuid(0) != null ? 
                  {
                      ISnapshot shadowSnapshot1;
                      shadowSnapshot1 = [LIFTABLE Constant: Snapshot | Resolver: _ => Snapshot.Empty];
                      entityType1 = [LIFTABLE Constant: EntityType: Notification | Resolver: namelessParameter{0} => namelessParameter{0}.Dependencies.Model.FindEntityType("EduConnect.Domain.Entities.Notification")];
                      instance1 = switch (entityType1)
                      {
                          case [LIFTABLE Constant: EntityType: Notification | Resolver: namelessParameter{1} => namelessParameter{1}.Dependencies.Model.FindEntityType("EduConnect.Domain.Entities.Notification")]: 
                              {
                                  return 
                                  {
                                      Notification instance;
                                      instance = new Notification();
                                      instance.<Id>k__BackingField = dataReader.GetGuid(0);
                                      instance.<CreatedAtUtc>k__BackingField = dataReader.GetDateTime(1);
                                      instance.<IsRead>k__BackingField = dataReader.GetBoolean(2);
                                      instance.<Message>k__BackingField = dataReader.GetString(3);
                                      instance.<TargetPath>k__BackingField = dataReader.IsDBNull(4) ? default(string) : dataReader.GetString(4);
                                      instance.<Title>k__BackingField = dataReader.GetString(5);
                                      instance.<Type>k__BackingField = Invoke(((EnumToNumberConverter<NotificationType, int>)((IReadOnlyProperty)[LIFTABLE Constant: Property: Notification.Type (NotificationType) Required | Resolver: namelessParameter{2} => namelessParameter{2}.Dependencies.Model.FindEntityType("EduConnect.Domain.Entities.Notification").FindProperty("Type")]).GetTypeMapping().Converter).ConvertFromProviderTyped, dataReader.GetInt32(6));
                                      instance.<UpdatedAtUtc>k__BackingField = dataReader.IsDBNull(7) ? default(DateTime?) : (DateTime?)dataReader.GetDateTime(7);
                                      instance.<UserId>k__BackingField = dataReader.GetGuid(8);
                                      (instance is IInjectableService) ? ((IInjectableService)instance).Injected(
                                          context: materializationContext1.Context, 
                                          entity: instance, 
                                          queryTrackingBehavior: NoTracking, 
                                          structuralType: [LIFTABLE Constant: EntityType: Notification | Resolver: namelessParameter{3} => namelessParameter{3}.Dependencies.Model.FindEntityType("EduConnect.Domain.Entities.Notification")]) : default(void);
                                      return instance;
                                  }}
                          default: 
                              default(Notification)
                      }
                      ;
                      return instance1;
                  } : 
                  {
                      object[] keyValues1;
                      keyValues1 = new object[]{ (object)dataReader.GetGuid(0) };
                      return ShapedQueryCompilingExpressionVisitor.CreateNullKeyValueInNoTrackingQuery(
                          entityType: [LIFTABLE Constant: EntityType: Notification | Resolver: namelessParameter{4} => namelessParameter{4}.Dependencies.Model.FindEntityType("EduConnect.Domain.Entities.Notification")], 
                          properties: [LIFTABLE Constant: List<RuntimeProperty> { Property: Notification.Id (Guid) Required PK AfterSave:Throw ValueGenerated.OnAdd } | Resolver: c => c.Dependencies.Model.FindEntityType("EduConnect.Domain.Entities.Notification").FindPrimaryKey().Properties], 
                          keyValues: keyValues1);
                  };
                  return instance1;
              };
              return entity;
          }, 
          contextType: EduConnect.Infrastructure.Data.AppDbContext, 
          standAloneStateManager: False, 
          detailedErrorsEnabled: False, 
          threadSafetyChecksEnabled: True)'
dbug: Microsoft.EntityFrameworkCore.Database.Connection[20005]
      Creating DbConnection.
dbug: Microsoft.EntityFrameworkCore.Database.Connection[20006]
      Created DbConnection. (0ms).
dbug: Microsoft.EntityFrameworkCore.Database.Connection[20000]
      Opening connection to database 'EduConnectDb' on server 'localhost\SQLEXPRESS'.
dbug: Microsoft.EntityFrameworkCore.Database.Connection[20001]
      Opened connection to database 'EduConnectDb' on server 'localhost\SQLEXPRESS'.
dbug: Microsoft.EntityFrameworkCore.Database.Connection[20002]
      Closing connection to database 'EduConnectDb' on server 'localhost\SQLEXPRESS'.
dbug: Microsoft.EntityFrameworkCore.Database.Connection[20003]
      Closed connection to database 'EduConnectDb' on server 'localhost\SQLEXPRESS' (0ms).
info: Microsoft.AspNetCore.Mvc.Infrastructure.ObjectResultExecutor[1]
      Executing OkObjectResult, writing value of type 'EduConnect.Application.Contracts.Notifications.NotificationResponse[]'.
info: Microsoft.AspNetCore.Mvc.Infrastructure.ControllerActionInvoker[105]
      Executed action EduConnect.Api.Controllers.NotificationsController.GetAll (EduConnect.Api) in 28.265ms
info: Microsoft.AspNetCore.Routing.EndpointMiddleware[1]
      Executed endpoint 'EduConnect.Api.Controllers.NotificationsController.GetAll (EduConnect.Api)'
dbug: Microsoft.EntityFrameworkCore.Infrastructure[10407]
      'AppDbContext' disposed.
dbug: Microsoft.EntityFrameworkCore.Database.Connection[20007]
      Disposing connection to database 'EduConnectDb' on server 'localhost\SQLEXPRESS'.
dbug: Microsoft.EntityFrameworkCore.Database.Connection[20008]
      Disposed connection to database '' on server '' (0ms).
info: Microsoft.AspNetCore.Hosting.Diagnostics[2]
      Request finished HTTP/1.1 GET http://localhost:5160/api/notifications - 200 - application/json;+charset=utf-8 36.7052ms
info: Microsoft.AspNetCore.Hosting.Diagnostics[1]
      Request starting HTTP/1.1 POST http://localhost:5160/api/auth/logout - - 0
info: Microsoft.AspNetCore.Cors.Infrastructure.CorsService[4]
      CORS policy execution successful.
info: Microsoft.AspNetCore.Routing.EndpointMiddleware[0]
      Executing endpoint 'EduConnect.Api.Controllers.AuthController.Logout (EduConnect.Api)'
info: Microsoft.AspNetCore.Mvc.Infrastructure.ControllerActionInvoker[102]
      Route matched with {action = "Logout", controller = "Auth"}. Executing controller action with signature System.Threading.Tasks.Task`1[Microsoft.AspNetCore.Mvc.IActionResult] Logout(System.Threading.CancellationToken) on controller EduConnect.Api.Controllers.AuthController (EduConnect.Api).
dbug: Microsoft.EntityFrameworkCore.Infrastructure[10403]
      Entity Framework Core 10.0.5 initialized 'AppDbContext' using provider 'Microsoft.EntityFrameworkCore.SqlServer:10.0.5' with options: MigrationsAssembly=EduConnect.Infrastructure, Version=1.0.0.0, Culture=neutral, PublicKeyToken=null EngineType=SqlServer 
dbug: Microsoft.EntityFrameworkCore.Query[10111]
      Compiling query expression: 
      'DbSet<RefreshToken>()
          .FirstOrDefault(item => item.Token == @refreshToken)'
dbug: Microsoft.EntityFrameworkCore.Query[10107]
      Generated query execution expression: 
      'queryContext => ShapedQueryCompilingExpressionVisitor.SingleOrDefaultAsync<RefreshToken>(
          asyncEnumerable: SingleQueryingEnumerable.Create<RefreshToken>(
              relationalQueryContext: (RelationalQueryContext)queryContext, 
              relationalCommandResolver: parameters => [LIFTABLE Constant: RelationalCommandCache.QueryExpression(
                  Projection Mapping:
                      EmptyProjectionMember -> Dictionary<IPropertyBase, int> { [Property: RefreshToken.Id (Guid) Required PK AfterSave:Throw ValueGenerated.OnAdd, 0], [Property: RefreshToken.CreatedAtUtc (DateTime) Required, 1], [Property: RefreshToken.CreatedByIp (string) MaxLength(100), 2], [Property: RefreshToken.ExpiresAtUtc (DateTime) Required, 3], [Property: RefreshToken.ReplacedByToken (string) MaxLength(500), 4], [Property: RefreshToken.RevokedAtUtc (DateTime?), 5], [Property: RefreshToken.Token (string) Required Index MaxLength(500), 6], [Property: RefreshToken.UpdatedAtUtc (DateTime?), 7], [Property: RefreshToken.UserId (Guid) Required FK Index, 8] }
                  SELECT TOP(1) r.Id, r.CreatedAtUtc, r.CreatedByIp, r.ExpiresAtUtc, r.ReplacedByToken, r.RevokedAtUtc, r.Token, r.UpdatedAtUtc, r.UserId
                  FROM RefreshTokens AS r
                  WHERE r.Token == @refreshToken) | Resolver: c => new RelationalCommandCache(
                  c.Dependencies.MemoryCache, 
                  c.RelationalDependencies.QuerySqlGeneratorFactory, 
                  c.RelationalDependencies.RelationalParameterBasedSqlProcessorFactory, 
                  Projection Mapping:
                      EmptyProjectionMember -> Dictionary<IPropertyBase, int> { [Property: RefreshToken.Id (Guid) Required PK AfterSave:Throw ValueGenerated.OnAdd, 0], [Property: RefreshToken.CreatedAtUtc (DateTime) Required, 1], [Property: RefreshToken.CreatedByIp (string) MaxLength(100), 2], [Property: RefreshToken.ExpiresAtUtc (DateTime) Required, 3], [Property: RefreshToken.ReplacedByToken (string) MaxLength(500), 4], [Property: RefreshToken.RevokedAtUtc (DateTime?), 5], [Property: RefreshToken.Token (string) Required Index MaxLength(500), 6], [Property: RefreshToken.UpdatedAtUtc (DateTime?), 7], [Property: RefreshToken.UserId (Guid) Required FK Index, 8] }
                  SELECT TOP(1) r.Id, r.CreatedAtUtc, r.CreatedByIp, r.ExpiresAtUtc, r.ReplacedByToken, r.RevokedAtUtc, r.Token, r.UpdatedAtUtc, r.UserId
                  FROM RefreshTokens AS r
                  WHERE r.Token == @refreshToken, 
                  False, 
                  MultipleParameters
              )].GetRelationalCommandTemplate(parameters), 
              readerColumns: null, 
              shaper: (queryContext, dataReader, resultContext, resultCoordinator) => 
              {
                  RefreshToken entity;
                  entity = 
                  {
                      MaterializationContext materializationContext1;
                      IEntityType entityType1;
                      RefreshToken instance1;
                      InternalEntityEntry entry1;
                      bool hasNullKey1;
                      materializationContext1 = new MaterializationContext(
                          [LIFTABLE Constant: ValueBuffer | Resolver: _ => (object)ValueBuffer.Empty], 
                          queryContext.Context
                      );
                      instance1 = default(RefreshToken);
                      entry1 = queryContext.TryGetEntry(
                          key: [LIFTABLE Constant: Key: RefreshToken.Id PK | Resolver: c => c.Dependencies.Model.FindEntityType("EduConnect.Domain.Entities.RefreshToken").FindPrimaryKey()], 
                          keyValues: new object[]{ (object)dataReader.GetGuid(0) }, 
                          throwOnNullKey: True, 
                          hasNullKey: hasNullKey1);
                      !(hasNullKey1) ? entry1 != default(InternalEntityEntry) ? 
                      {
                          entityType1 = entry1.EntityType;
                          return instance1 = (RefreshToken)entry1.Entity;
                      } : 
                      {
                          ISnapshot shadowSnapshot1;
                          shadowSnapshot1 = [LIFTABLE Constant: Snapshot | Resolver: _ => Snapshot.Empty];
                          entityType1 = [LIFTABLE Constant: EntityType: RefreshToken | Resolver: namelessParameter{0} => namelessParameter{0}.Dependencies.Model.FindEntityType("EduConnect.Domain.Entities.RefreshToken")];
                          instance1 = switch (entityType1)
                          {
                              case [LIFTABLE Constant: EntityType: RefreshToken | Resolver: namelessParameter{1} => namelessParameter{1}.Dependencies.Model.FindEntityType("EduConnect.Domain.Entities.RefreshToken")]: 
                                  {
                                      return 
                                      {
                                          RefreshToken instance;
                                          instance = new RefreshToken();
                                          instance.<Id>k__BackingField = dataReader.GetGuid(0);
                                          instance.<CreatedAtUtc>k__BackingField = dataReader.GetDateTime(1);
                                          instance.<CreatedByIp>k__BackingField = dataReader.IsDBNull(2) ? default(string) : dataReader.GetString(2);
                                          instance.<ExpiresAtUtc>k__BackingField = dataReader.GetDateTime(3);
                                          instance.<ReplacedByToken>k__BackingField = dataReader.IsDBNull(4) ? default(string) : dataReader.GetString(4);
                                          instance.<RevokedAtUtc>k__BackingField = dataReader.IsDBNull(5) ? default(DateTime?) : (DateTime?)dataReader.GetDateTime(5);
                                          instance.<Token>k__BackingField = dataReader.GetString(6);
                                          instance.<UpdatedAtUtc>k__BackingField = dataReader.IsDBNull(7) ? default(DateTime?) : (DateTime?)dataReader.GetDateTime(7);
                                          instance.<UserId>k__BackingField = dataReader.GetGuid(8);
                                          (instance is IInjectableService) ? ((IInjectableService)instance).Injected(
                                              context: materializationContext1.Context, 
                                              entity: instance, 
                                              queryTrackingBehavior: TrackAll, 
                                              structuralType: [LIFTABLE Constant: EntityType: RefreshToken | Resolver: namelessParameter{2} => namelessParameter{2}.Dependencies.Model.FindEntityType("EduConnect.Domain.Entities.RefreshToken")]) : default(void);
                                          return instance;
                                      }}
                              default: 
                                  default(RefreshToken)
                          }
                          ;
                          entry1 = entityType1 == default(IEntityType) ? default(InternalEntityEntry) : queryContext.StartTracking(
                              entityType: entityType1, 
                              entity: instance1, 
                              snapshot: shadowSnapshot1);
                          return instance1;
                      } : default(void);
                      return instance1;
                  };
                  return entity;
              }, 
              contextType: EduConnect.Infrastructure.Data.AppDbContext, 
              standAloneStateManager: False, 
              detailedErrorsEnabled: False, 
              threadSafetyChecksEnabled: True), 
          cancellationToken: queryContext.CancellationToken)'
dbug: Microsoft.EntityFrameworkCore.Database.Connection[20005]
      Creating DbConnection.
dbug: Microsoft.EntityFrameworkCore.Database.Connection[20006]
      Created DbConnection. (0ms).
dbug: Microsoft.EntityFrameworkCore.Database.Connection[20000]
      Opening connection to database 'EduConnectDb' on server 'localhost\SQLEXPRESS'.
dbug: Microsoft.EntityFrameworkCore.Database.Connection[20001]
      Opened connection to database 'EduConnectDb' on server 'localhost\SQLEXPRESS'.
dbug: Microsoft.EntityFrameworkCore.ChangeTracking[10806]
      Context 'AppDbContext' started tracking 'RefreshToken' entity. Consider using 'DbContextOptionsBuilder.EnableSensitiveDataLogging' to see key values.
dbug: Microsoft.EntityFrameworkCore.Database.Connection[20002]
      Closing connection to database 'EduConnectDb' on server 'localhost\SQLEXPRESS'.
dbug: Microsoft.EntityFrameworkCore.Database.Connection[20003]
      Closed connection to database 'EduConnectDb' on server 'localhost\SQLEXPRESS' (0ms).
dbug: Microsoft.EntityFrameworkCore.ChangeTracking[10800]
      DetectChanges starting for 'AppDbContext'.
dbug: Microsoft.EntityFrameworkCore.ChangeTracking[10802]
      The unchanged property 'RefreshToken.RevokedAtUtc' was detected as changed and will be marked as modified. Consider using 'DbContextOptionsBuilder.EnableSensitiveDataLogging' to see property values.
dbug: Microsoft.EntityFrameworkCore.ChangeTracking[10807]
      An entity of type 'RefreshToken' tracked by 'AppDbContext' changed state from 'Unchanged' to 'Modified'. Consider using 'DbContextOptionsBuilder.EnableSensitiveDataLogging' to see key values.
dbug: Microsoft.EntityFrameworkCore.ChangeTracking[10801]
      DetectChanges completed for 'AppDbContext'.
dbug: Microsoft.EntityFrameworkCore.Update[10004]
      SaveChanges starting for 'AppDbContext'.
dbug: Microsoft.EntityFrameworkCore.ChangeTracking[10800]
      DetectChanges starting for 'AppDbContext'.
dbug: Microsoft.EntityFrameworkCore.ChangeTracking[10802]
      The unchanged property 'RefreshToken.UpdatedAtUtc' was detected as changed and will be marked as modified. Consider using 'DbContextOptionsBuilder.EnableSensitiveDataLogging' to see property values.
dbug: Microsoft.EntityFrameworkCore.ChangeTracking[10801]
      DetectChanges completed for 'AppDbContext'.
dbug: Microsoft.EntityFrameworkCore.Database.Connection[20000]
      Opening connection to database 'EduConnectDb' on server 'localhost\SQLEXPRESS'.
dbug: Microsoft.EntityFrameworkCore.Database.Connection[20001]
      Opened connection to database 'EduConnectDb' on server 'localhost\SQLEXPRESS'.
dbug: Microsoft.EntityFrameworkCore.Database.Connection[20002]
      Closing connection to database 'EduConnectDb' on server 'localhost\SQLEXPRESS'.
dbug: Microsoft.EntityFrameworkCore.Database.Connection[20003]
      Closed connection to database 'EduConnectDb' on server 'localhost\SQLEXPRESS' (0ms).
dbug: Microsoft.EntityFrameworkCore.ChangeTracking[10807]
      An entity of type 'RefreshToken' tracked by 'AppDbContext' changed state from 'Modified' to 'Unchanged'. Consider using 'DbContextOptionsBuilder.EnableSensitiveDataLogging' to see key values.
dbug: Microsoft.EntityFrameworkCore.Update[10005]
      SaveChanges completed for 'AppDbContext' with 1 entities written to the database.
info: Microsoft.AspNetCore.Mvc.StatusCodeResult[1]
      Executing StatusCodeResult, setting HTTP status code 204
info: Microsoft.AspNetCore.Mvc.Infrastructure.ControllerActionInvoker[105]
      Executed action EduConnect.Api.Controllers.AuthController.Logout (EduConnect.Api) in 80.617ms
info: Microsoft.AspNetCore.Routing.EndpointMiddleware[1]
      Executed endpoint 'EduConnect.Api.Controllers.AuthController.Logout (EduConnect.Api)'
dbug: Microsoft.EntityFrameworkCore.Infrastructure[10407]
      'AppDbContext' disposed.
dbug: Microsoft.EntityFrameworkCore.Database.Connection[20007]
      Disposing connection to database 'EduConnectDb' on server 'localhost\SQLEXPRESS'.
dbug: Microsoft.EntityFrameworkCore.Database.Connection[20008]
      Disposed connection to database '' on server '' (0ms).
info: Microsoft.AspNetCore.Hosting.Diagnostics[2]
      Request finished HTTP/1.1 POST http://localhost:5160/api/auth/logout - 204 - - 89.3146ms
info: Microsoft.AspNetCore.Hosting.Diagnostics[1]
      Request starting HTTP/1.1 POST http://localhost:5160/api/auth/register - application/json 255
info: Microsoft.AspNetCore.Routing.EndpointMiddleware[0]
      Executing endpoint 'EduConnect.Api.Controllers.AuthController.Register (EduConnect.Api)'
info: Microsoft.AspNetCore.Mvc.Infrastructure.ControllerActionInvoker[102]
      Route matched with {action = "Register", controller = "Auth"}. Executing controller action with signature System.Threading.Tasks.Task`1[Microsoft.AspNetCore.Mvc.ActionResult`1[EduConnect.Application.Contracts.Auth.EmailVerificationChallengeResponse]] Register(EduConnect.Application.Contracts.Auth.RegisterRequest, System.Threading.CancellationToken) on controller EduConnect.Api.Controllers.AuthController (EduConnect.Api).
dbug: Microsoft.EntityFrameworkCore.Infrastructure[10403]
      Entity Framework Core 10.0.5 initialized 'AppDbContext' using provider 'Microsoft.EntityFrameworkCore.SqlServer:10.0.5' with options: MigrationsAssembly=EduConnect.Infrastructure, Version=1.0.0.0, Culture=neutral, PublicKeyToken=null EngineType=SqlServer 
dbug: Microsoft.EntityFrameworkCore.Query[10111]
      Compiling query expression: 
      'DbSet<University>()
          .FirstOrDefault(item => item.Id == @universityId)'
dbug: Microsoft.EntityFrameworkCore.Query[10107]
      Generated query execution expression: 
      'queryContext => ShapedQueryCompilingExpressionVisitor.SingleOrDefaultAsync<University>(
          asyncEnumerable: SingleQueryingEnumerable.Create<University>(
              relationalQueryContext: (RelationalQueryContext)queryContext, 
              relationalCommandResolver: parameters => [LIFTABLE Constant: RelationalCommandCache.QueryExpression(
                  Projection Mapping:
                      EmptyProjectionMember -> Dictionary<IPropertyBase, int> { [Property: University.Id (Guid) Required PK AfterSave:Throw ValueGenerated.OnAdd, 0], [Property: University.City (string) Required MaxLength(120), 1], [Property: University.CreatedAtUtc (DateTime) Required, 2], [Property: University.Domain (string) Required MaxLength(200), 3], [Property: University.Name (string) Required Index MaxLength(200), 4], [Property: University.UpdatedAtUtc (DateTime?), 5] }
                  SELECT TOP(1) u.Id, u.City, u.CreatedAtUtc, u.Domain, u.Name, u.UpdatedAtUtc
                  FROM Universities AS u
                  WHERE u.Id == @universityId) | Resolver: c => new RelationalCommandCache(
                  c.Dependencies.MemoryCache, 
                  c.RelationalDependencies.QuerySqlGeneratorFactory, 
                  c.RelationalDependencies.RelationalParameterBasedSqlProcessorFactory, 
                  Projection Mapping:
                      EmptyProjectionMember -> Dictionary<IPropertyBase, int> { [Property: University.Id (Guid) Required PK AfterSave:Throw ValueGenerated.OnAdd, 0], [Property: University.City (string) Required MaxLength(120), 1], [Property: University.CreatedAtUtc (DateTime) Required, 2], [Property: University.Domain (string) Required MaxLength(200), 3], [Property: University.Name (string) Required Index MaxLength(200), 4], [Property: University.UpdatedAtUtc (DateTime?), 5] }
                  SELECT TOP(1) u.Id, u.City, u.CreatedAtUtc, u.Domain, u.Name, u.UpdatedAtUtc
                  FROM Universities AS u
                  WHERE u.Id == @universityId, 
                  False, 
                  MultipleParameters
              )].GetRelationalCommandTemplate(parameters), 
              readerColumns: null, 
              shaper: (queryContext, dataReader, resultContext, resultCoordinator) => 
              {
                  University entity;
                  entity = 
                  {
                      MaterializationContext materializationContext1;
                      IEntityType entityType1;
                      University instance1;
                      InternalEntityEntry entry1;
                      bool hasNullKey1;
                      materializationContext1 = new MaterializationContext(
                          [LIFTABLE Constant: ValueBuffer | Resolver: _ => (object)ValueBuffer.Empty], 
                          queryContext.Context
                      );
                      instance1 = default(University);
                      entry1 = queryContext.TryGetEntry(
                          key: [LIFTABLE Constant: Key: University.Id PK | Resolver: c => c.Dependencies.Model.FindEntityType("EduConnect.Domain.Entities.University").FindPrimaryKey()], 
                          keyValues: new object[]{ (object)dataReader.GetGuid(0) }, 
                          throwOnNullKey: True, 
                          hasNullKey: hasNullKey1);
                      !(hasNullKey1) ? entry1 != default(InternalEntityEntry) ? 
                      {
                          entityType1 = entry1.EntityType;
                          return instance1 = (University)entry1.Entity;
                      } : 
                      {
                          ISnapshot shadowSnapshot1;
                          shadowSnapshot1 = [LIFTABLE Constant: Snapshot | Resolver: _ => Snapshot.Empty];
                          entityType1 = [LIFTABLE Constant: EntityType: University | Resolver: namelessParameter{0} => namelessParameter{0}.Dependencies.Model.FindEntityType("EduConnect.Domain.Entities.University")];
                          instance1 = switch (entityType1)
                          {
                              case [LIFTABLE Constant: EntityType: University | Resolver: namelessParameter{1} => namelessParameter{1}.Dependencies.Model.FindEntityType("EduConnect.Domain.Entities.University")]: 
                                  {
                                      return 
                                      {
                                          University instance;
                                          instance = new University();
                                          instance.<Id>k__BackingField = dataReader.GetGuid(0);
                                          instance.<City>k__BackingField = dataReader.GetString(1);
                                          instance.<CreatedAtUtc>k__BackingField = dataReader.GetDateTime(2);
                                          instance.<Domain>k__BackingField = dataReader.GetString(3);
                                          instance.<Name>k__BackingField = dataReader.GetString(4);
                                          instance.<UpdatedAtUtc>k__BackingField = dataReader.IsDBNull(5) ? default(DateTime?) : (DateTime?)dataReader.GetDateTime(5);
                                          (instance is IInjectableService) ? ((IInjectableService)instance).Injected(
                                              context: materializationContext1.Context, 
                                              entity: instance, 
                                              queryTrackingBehavior: TrackAll, 
                                              structuralType: [LIFTABLE Constant: EntityType: University | Resolver: namelessParameter{2} => namelessParameter{2}.Dependencies.Model.FindEntityType("EduConnect.Domain.Entities.University")]) : default(void);
                                          return instance;
                                      }}
                              default: 
                                  default(University)
                          }
                          ;
                          entry1 = entityType1 == default(IEntityType) ? default(InternalEntityEntry) : queryContext.StartTracking(
                              entityType: entityType1, 
                              entity: instance1, 
                              snapshot: shadowSnapshot1);
                          return instance1;
                      } : default(void);
                      return instance1;
                  };
                  return entity;
              }, 
              contextType: EduConnect.Infrastructure.Data.AppDbContext, 
              standAloneStateManager: False, 
              detailedErrorsEnabled: False, 
              threadSafetyChecksEnabled: True), 
          cancellationToken: queryContext.CancellationToken)'
dbug: Microsoft.EntityFrameworkCore.Database.Connection[20005]
      Creating DbConnection.
dbug: Microsoft.EntityFrameworkCore.Database.Connection[20006]
      Created DbConnection. (0ms).
dbug: Microsoft.EntityFrameworkCore.Database.Connection[20000]
      Opening connection to database 'EduConnectDb' on server 'localhost\SQLEXPRESS'.
dbug: Microsoft.EntityFrameworkCore.Database.Connection[20001]
      Opened connection to database 'EduConnectDb' on server 'localhost\SQLEXPRESS'.
dbug: Microsoft.EntityFrameworkCore.ChangeTracking[10806]
      Context 'AppDbContext' started tracking 'University' entity. Consider using 'DbContextOptionsBuilder.EnableSensitiveDataLogging' to see key values.
dbug: Microsoft.EntityFrameworkCore.Database.Connection[20002]
      Closing connection to database 'EduConnectDb' on server 'localhost\SQLEXPRESS'.
dbug: Microsoft.EntityFrameworkCore.Database.Connection[20003]
      Closed connection to database 'EduConnectDb' on server 'localhost\SQLEXPRESS' (0ms).
dbug: Microsoft.EntityFrameworkCore.Query[10111]
      Compiling query expression: 
      'DbSet<User>()
          .Include(item => item.StudentProfile)
          .FirstOrDefault(item => item.Email == @normalizedEmail)'
dbug: Microsoft.EntityFrameworkCore.Query[10112]
      Including navigation: 'User.StudentProfile'.
dbug: Microsoft.EntityFrameworkCore.Query[10107]
      Generated query execution expression: 
      'queryContext => ShapedQueryCompilingExpressionVisitor.SingleOrDefaultAsync<User>(
          asyncEnumerable: SingleQueryingEnumerable.Create<User>(
              relationalQueryContext: (RelationalQueryContext)queryContext, 
              relationalCommandResolver: parameters => [LIFTABLE Constant: RelationalCommandCache.QueryExpression(
                  Client Projections:
                      0 -> Dictionary<IPropertyBase, int> { [Property: User.Id (Guid) Required PK AfterSave:Throw ValueGenerated.OnAdd, 0], [Property: User.CreatedAtUtc (DateTime) Required, 1], [Property: User.Email (string) Required Index MaxLength(200), 2], [Property: User.EmailVerificationAttemptCount (int) Required, 3], [Property: User.EmailVerificationCodeHash (string) MaxLength(500), 4], [Property: User.EmailVerificationExpiresAtUtc (DateTime?), 5], [Property: User.EmailVerificationSentAtUtc (DateTime?), 6], [Property: User.EmailVerifiedAtUtc (DateTime?), 7], [Property: User.FullName (string) Required MaxLength(150), 8], [Property: User.IsActive (bool) Required, 9], [Property: User.PasswordHash (string) Required MaxLength(1000), 10], [Property: User.Role (UserRole) Required, 11], [Property: User.TwoFactorEnabled (bool) Required, 12], [Property: User.UniversityId (Guid?) FK Index, 13], [Property: User.UpdatedAtUtc (DateTime?), 14] }
                      1 -> Dictionary<IPropertyBase, int> { [Property: StudentProfile.Id (Guid) Required PK AfterSave:Throw ValueGenerated.OnAdd, 15], [Property: StudentProfile.AvatarUrl (string) MaxLength(500), 16], [Property: StudentProfile.Bio (string) MaxLength(500), 17], [Property: StudentProfile.CoverImageUrl (string) MaxLength(500), 18], [Property: StudentProfile.CreatedAtUtc (DateTime) Required, 19], [Property: StudentProfile.Department (string) Required MaxLength(150), 20], [Property: StudentProfile.UpdatedAtUtc (DateTime?), 21], [Property: StudentProfile.UserId (Guid) Required FK Index, 22], [Property: StudentProfile.Year (int) Required, 23] }
                  SELECT TOP(1) u.Id, u.CreatedAtUtc, u.Email, u.EmailVerificationAttemptCount, u.EmailVerificationCodeHash, u.EmailVerificationExpiresAtUtc, u.EmailVerificationSentAtUtc, u.EmailVerifiedAtUtc, u.FullName, u.IsActive, u.PasswordHash, u.Role, u.TwoFactorEnabled, u.UniversityId, u.UpdatedAtUtc, s.Id, s.AvatarUrl, s.Bio, s.CoverImageUrl, s.CreatedAtUtc, s.Department, s.UpdatedAtUtc, s.UserId, s.Year
                  FROM Users AS u
                  LEFT JOIN StudentProfiles AS s ON u.Id == s.UserId
                  WHERE u.Email == @normalizedEmail) | Resolver: c => new RelationalCommandCache(
                  c.Dependencies.MemoryCache, 
                  c.RelationalDependencies.QuerySqlGeneratorFactory, 
                  c.RelationalDependencies.RelationalParameterBasedSqlProcessorFactory, 
                  Client Projections:
                      0 -> Dictionary<IPropertyBase, int> { [Property: User.Id (Guid) Required PK AfterSave:Throw ValueGenerated.OnAdd, 0], [Property: User.CreatedAtUtc (DateTime) Required, 1], [Property: User.Email (string) Required Index MaxLength(200), 2], [Property: User.EmailVerificationAttemptCount (int) Required, 3], [Property: User.EmailVerificationCodeHash (string) MaxLength(500), 4], [Property: User.EmailVerificationExpiresAtUtc (DateTime?), 5], [Property: User.EmailVerificationSentAtUtc (DateTime?), 6], [Property: User.EmailVerifiedAtUtc (DateTime?), 7], [Property: User.FullName (string) Required MaxLength(150), 8], [Property: User.IsActive (bool) Required, 9], [Property: User.PasswordHash (string) Required MaxLength(1000), 10], [Property: User.Role (UserRole) Required, 11], [Property: User.TwoFactorEnabled (bool) Required, 12], [Property: User.UniversityId (Guid?) FK Index, 13], [Property: User.UpdatedAtUtc (DateTime?), 14] }
                      1 -> Dictionary<IPropertyBase, int> { [Property: StudentProfile.Id (Guid) Required PK AfterSave:Throw ValueGenerated.OnAdd, 15], [Property: StudentProfile.AvatarUrl (string) MaxLength(500), 16], [Property: StudentProfile.Bio (string) MaxLength(500), 17], [Property: StudentProfile.CoverImageUrl (string) MaxLength(500), 18], [Property: StudentProfile.CreatedAtUtc (DateTime) Required, 19], [Property: StudentProfile.Department (string) Required MaxLength(150), 20], [Property: StudentProfile.UpdatedAtUtc (DateTime?), 21], [Property: StudentProfile.UserId (Guid) Required FK Index, 22], [Property: StudentProfile.Year (int) Required, 23] }
                  SELECT TOP(1) u.Id, u.CreatedAtUtc, u.Email, u.EmailVerificationAttemptCount, u.EmailVerificationCodeHash, u.EmailVerificationExpiresAtUtc, u.EmailVerificationSentAtUtc, u.EmailVerifiedAtUtc, u.FullName, u.IsActive, u.PasswordHash, u.Role, u.TwoFactorEnabled, u.UniversityId, u.UpdatedAtUtc, s.Id, s.AvatarUrl, s.Bio, s.CoverImageUrl, s.CreatedAtUtc, s.Department, s.UpdatedAtUtc, s.UserId, s.Year
                  FROM Users AS u
                  LEFT JOIN StudentProfiles AS s ON u.Id == s.UserId
                  WHERE u.Email == @normalizedEmail, 
                  False, 
                  MultipleParameters
              )].GetRelationalCommandTemplate(parameters), 
              readerColumns: null, 
              shaper: (queryContext, dataReader, resultContext, resultCoordinator) => 
              {
                  User entity;
                  StudentProfile entity;
                  entity = 
                  {
                      MaterializationContext materializationContext1;
                      IEntityType entityType1;
                      User instance1;
                      InternalEntityEntry entry1;
                      bool hasNullKey1;
                      materializationContext1 = new MaterializationContext(
                          [LIFTABLE Constant: ValueBuffer | Resolver: _ => (object)ValueBuffer.Empty], 
                          queryContext.Context
                      );
                      instance1 = default(User);
                      entry1 = queryContext.TryGetEntry(
                          key: [LIFTABLE Constant: Key: User.Id PK | Resolver: c => c.Dependencies.Model.FindEntityType("EduConnect.Domain.Entities.User").FindPrimaryKey()], 
                          keyValues: new object[]{ (object)dataReader.GetGuid(0) }, 
                          throwOnNullKey: True, 
                          hasNullKey: hasNullKey1);
                      !(hasNullKey1) ? entry1 != default(InternalEntityEntry) ? 
                      {
                          entityType1 = entry1.EntityType;
                          return instance1 = (User)entry1.Entity;
                      } : 
                      {
                          ISnapshot shadowSnapshot1;
                          shadowSnapshot1 = [LIFTABLE Constant: Snapshot | Resolver: _ => Snapshot.Empty];
                          entityType1 = [LIFTABLE Constant: EntityType: User | Resolver: namelessParameter{0} => namelessParameter{0}.Dependencies.Model.FindEntityType("EduConnect.Domain.Entities.User")];
                          instance1 = switch (entityType1)
                          {
                              case [LIFTABLE Constant: EntityType: User | Resolver: namelessParameter{1} => namelessParameter{1}.Dependencies.Model.FindEntityType("EduConnect.Domain.Entities.User")]: 
                                  {
                                      return 
                                      {
                                          User instance;
                                          instance = new User();
                                          instance.<Id>k__BackingField = dataReader.GetGuid(0);
                                          instance.<CreatedAtUtc>k__BackingField = dataReader.GetDateTime(1);
                                          instance.<Email>k__BackingField = dataReader.GetString(2);
                                          instance.<EmailVerificationAttemptCount>k__BackingField = dataReader.GetInt32(3);
                                          instance.<EmailVerificationCodeHash>k__BackingField = dataReader.IsDBNull(4) ? default(string) : dataReader.GetString(4);
                                          instance.<EmailVerificationExpiresAtUtc>k__BackingField = dataReader.IsDBNull(5) ? default(DateTime?) : (DateTime?)dataReader.GetDateTime(5);
                                          instance.<EmailVerificationSentAtUtc>k__BackingField = dataReader.IsDBNull(6) ? default(DateTime?) : (DateTime?)dataReader.GetDateTime(6);
                                          instance.<EmailVerifiedAtUtc>k__BackingField = dataReader.IsDBNull(7) ? default(DateTime?) : (DateTime?)dataReader.GetDateTime(7);
                                          instance.<FullName>k__BackingField = dataReader.GetString(8);
                                          instance.<IsActive>k__BackingField = dataReader.GetBoolean(9);
                                          instance.<PasswordHash>k__BackingField = dataReader.GetString(10);
                                          instance.<Role>k__BackingField = Invoke(((EnumToNumberConverter<UserRole, int>)((IReadOnlyProperty)[LIFTABLE Constant: Property: User.Role (UserRole) Required | Resolver: namelessParameter{2} => namelessParameter{2}.Dependencies.Model.FindEntityType("EduConnect.Domain.Entities.User").FindProperty("Role")]).GetTypeMapping().Converter).ConvertFromProviderTyped, dataReader.GetInt32(11));
                                          instance.<TwoFactorEnabled>k__BackingField = dataReader.GetBoolean(12);
                                          instance.<UniversityId>k__BackingField = dataReader.IsDBNull(13) ? default(Guid?) : (Guid?)dataReader.GetGuid(13);
                                          instance.<UpdatedAtUtc>k__BackingField = dataReader.IsDBNull(14) ? default(DateTime?) : (DateTime?)dataReader.GetDateTime(14);
                                          (instance is IInjectableService) ? ((IInjectableService)instance).Injected(
                                              context: materializationContext1.Context, 
                                              entity: instance, 
                                              queryTrackingBehavior: TrackAll, 
                                              structuralType: [LIFTABLE Constant: EntityType: User | Resolver: namelessParameter{3} => namelessParameter{3}.Dependencies.Model.FindEntityType("EduConnect.Domain.Entities.User")]) : default(void);
                                          return instance;
                                      }}
                              default: 
                                  default(User)
                          }
                          ;
                          entry1 = entityType1 == default(IEntityType) ? default(InternalEntityEntry) : queryContext.StartTracking(
                              entityType: entityType1, 
                              entity: instance1, 
                              snapshot: shadowSnapshot1);
                          return instance1;
                      } : default(void);
                      return instance1;
                  };
                  entity = 
                  {
                      MaterializationContext materializationContext2;
                      IEntityType entityType2;
                      StudentProfile instance2;
                      InternalEntityEntry entry2;
                      bool hasNullKey2;
                      materializationContext2 = new MaterializationContext(
                          [LIFTABLE Constant: ValueBuffer | Resolver: _ => (object)ValueBuffer.Empty], 
                          queryContext.Context
                      );
                      instance2 = default(StudentProfile);
                      entry2 = queryContext.TryGetEntry(
                          key: [LIFTABLE Constant: Key: StudentProfile.Id PK | Resolver: c => c.Dependencies.Model.FindEntityType("EduConnect.Domain.Entities.StudentProfile").FindPrimaryKey()], 
                          keyValues: new object[]{ dataReader.IsDBNull(15) ? default(object) : (object)dataReader.GetGuid(15) }, 
                          throwOnNullKey: False, 
                          hasNullKey: hasNullKey2);
                      !(hasNullKey2) ? entry2 != default(InternalEntityEntry) ? 
                      {
                          entityType2 = entry2.EntityType;
                          return instance2 = (StudentProfile)entry2.Entity;
                      } : 
                      {
                          ISnapshot shadowSnapshot2;
                          shadowSnapshot2 = [LIFTABLE Constant: Snapshot | Resolver: _ => Snapshot.Empty];
                          entityType2 = [LIFTABLE Constant: EntityType: StudentProfile | Resolver: namelessParameter{4} => namelessParameter{4}.Dependencies.Model.FindEntityType("EduConnect.Domain.Entities.StudentProfile")];
                          instance2 = switch (entityType2)
                          {
                              case [LIFTABLE Constant: EntityType: StudentProfile | Resolver: namelessParameter{5} => namelessParameter{5}.Dependencies.Model.FindEntityType("EduConnect.Domain.Entities.StudentProfile")]: 
                                  {
                                      return 
                                      {
                                          StudentProfile instance;
                                          instance = new StudentProfile();
                                          instance.<Id>k__BackingField = dataReader.IsDBNull(15) ? default(Guid) : dataReader.GetGuid(15);
                                          instance.<AvatarUrl>k__BackingField = dataReader.IsDBNull(16) ? default(string) : dataReader.GetString(16);
                                          instance.<Bio>k__BackingField = dataReader.IsDBNull(17) ? default(string) : dataReader.GetString(17);
                                          instance.<CoverImageUrl>k__BackingField = dataReader.IsDBNull(18) ? default(string) : dataReader.GetString(18);
                                          instance.<CreatedAtUtc>k__BackingField = dataReader.IsDBNull(19) ? default(DateTime) : dataReader.GetDateTime(19);
                                          instance.<Department>k__BackingField = dataReader.IsDBNull(20) ? default(string) : dataReader.GetString(20);
                                          instance.<UpdatedAtUtc>k__BackingField = dataReader.IsDBNull(21) ? default(DateTime?) : (DateTime?)dataReader.GetDateTime(21);
                                          instance.<UserId>k__BackingField = dataReader.IsDBNull(22) ? default(Guid) : dataReader.GetGuid(22);
                                          instance.<Year>k__BackingField = dataReader.IsDBNull(23) ? default(int) : dataReader.GetInt32(23);
                                          (instance is IInjectableService) ? ((IInjectableService)instance).Injected(
                                              context: materializationContext2.Context, 
                                              entity: instance, 
                                              queryTrackingBehavior: TrackAll, 
                                              structuralType: [LIFTABLE Constant: EntityType: StudentProfile | Resolver: namelessParameter{6} => namelessParameter{6}.Dependencies.Model.FindEntityType("EduConnect.Domain.Entities.StudentProfile")]) : default(void);
                                          return instance;
                                      }}
                              default: 
                                  default(StudentProfile)
                          }
                          ;
                          entry2 = entityType2 == default(IEntityType) ? default(InternalEntityEntry) : queryContext.StartTracking(
                              entityType: entityType2, 
                              entity: instance2, 
                              snapshot: shadowSnapshot2);
                          return instance2;
                      } : default(void);
                      return instance2;
                  };
                  ShaperProcessingExpressionVisitor.IncludeReference<User, User, StudentProfile>(
                      queryContext: queryContext, 
                      entity: entity, 
                      relatedEntity: entity, 
                      navigation: [LIFTABLE Constant: Navigation: User.StudentProfile (StudentProfile) Optional ToDependent StudentProfile Inverse: User | Resolver: namelessParameter{7} => namelessParameter{7}.Dependencies.Model.FindEntityType("EduConnect.Domain.Entities.User").FindNavigation("StudentProfile")], 
                      inverseNavigation: [LIFTABLE Constant: Navigation: StudentProfile.User (User) Required ToPrincipal User Inverse: StudentProfile | Resolver: namelessParameter{8} => namelessParameter{8}.Dependencies.Model.FindEntityType("EduConnect.Domain.Entities.StudentProfile").FindNavigation("User")], 
                      fixup: (namelessParameter{9}, namelessParameter{10}) => 
                      {
                          namelessParameter{9}.<StudentProfile>k__BackingField = namelessParameter{10};
                          return namelessParameter{10}.<User>k__BackingField = namelessParameter{9};
                      }, 
                      trackingQuery: True);
                  return entity;
              }, 
              contextType: EduConnect.Infrastructure.Data.AppDbContext, 
              standAloneStateManager: False, 
              detailedErrorsEnabled: False, 
              threadSafetyChecksEnabled: True), 
          cancellationToken: queryContext.CancellationToken)'
dbug: Microsoft.EntityFrameworkCore.Database.Connection[20000]
      Opening connection to database 'EduConnectDb' on server 'localhost\SQLEXPRESS'.
dbug: Microsoft.EntityFrameworkCore.Database.Connection[20001]
      Opened connection to database 'EduConnectDb' on server 'localhost\SQLEXPRESS'.
dbug: Microsoft.EntityFrameworkCore.Database.Connection[20002]
      Closing connection to database 'EduConnectDb' on server 'localhost\SQLEXPRESS'.
dbug: Microsoft.EntityFrameworkCore.Database.Connection[20003]
      Closed connection to database 'EduConnectDb' on server 'localhost\SQLEXPRESS' (0ms).
dbug: Microsoft.EntityFrameworkCore.ChangeTracking[10805]
      The navigation 'User.University' was detected as changed. Consider using 'DbContextOptionsBuilder.EnableSensitiveDataLogging' to see key values.
dbug: Microsoft.EntityFrameworkCore.ChangeTracking[10806]
      Context 'AppDbContext' started tracking 'User' entity. Consider using 'DbContextOptionsBuilder.EnableSensitiveDataLogging' to see key values.
dbug: Microsoft.EntityFrameworkCore.ChangeTracking[10805]
      The navigation 'StudentProfile.User' was detected as changed. Consider using 'DbContextOptionsBuilder.EnableSensitiveDataLogging' to see key values.
dbug: Microsoft.EntityFrameworkCore.ChangeTracking[10806]
      Context 'AppDbContext' started tracking 'StudentProfile' entity. Consider using 'DbContextOptionsBuilder.EnableSensitiveDataLogging' to see key values.
dbug: Microsoft.EntityFrameworkCore.ChangeTracking[10800]
      DetectChanges starting for 'AppDbContext'.
dbug: Microsoft.EntityFrameworkCore.ChangeTracking[10802]
      The unchanged property 'User.EmailVerificationCodeHash' was detected as changed and will be marked as modified. Consider using 'DbContextOptionsBuilder.EnableSensitiveDataLogging' to see property values.
dbug: Microsoft.EntityFrameworkCore.ChangeTracking[10802]
      The unchanged property 'User.EmailVerificationExpiresAtUtc' was detected as changed and will be marked as modified. Consider using 'DbContextOptionsBuilder.EnableSensitiveDataLogging' to see property values.
dbug: Microsoft.EntityFrameworkCore.ChangeTracking[10802]
      The unchanged property 'User.EmailVerificationSentAtUtc' was detected as changed and will be marked as modified. Consider using 'DbContextOptionsBuilder.EnableSensitiveDataLogging' to see property values.
dbug: Microsoft.EntityFrameworkCore.ChangeTracking[10801]
      DetectChanges completed for 'AppDbContext'.
dbug: Microsoft.EntityFrameworkCore.Update[10004]
      SaveChanges starting for 'AppDbContext'.
dbug: Microsoft.EntityFrameworkCore.ChangeTracking[10800]
      DetectChanges starting for 'AppDbContext'.
dbug: Microsoft.EntityFrameworkCore.ChangeTracking[10802]
      The unchanged property 'User.CreatedAtUtc' was detected as changed and will be marked as modified. Consider using 'DbContextOptionsBuilder.EnableSensitiveDataLogging' to see property values.
dbug: Microsoft.EntityFrameworkCore.ChangeTracking[10802]
      The unchanged property 'StudentProfile.CreatedAtUtc' was detected as changed and will be marked as modified. Consider using 'DbContextOptionsBuilder.EnableSensitiveDataLogging' to see property values.
dbug: Microsoft.EntityFrameworkCore.ChangeTracking[10801]
      DetectChanges completed for 'AppDbContext'.
dbug: Microsoft.EntityFrameworkCore.Update[20700]
      Executing 2 update commands as a batch.
dbug: Microsoft.EntityFrameworkCore.Database.Connection[20000]
      Opening connection to database 'EduConnectDb' on server 'localhost\SQLEXPRESS'.
dbug: Microsoft.EntityFrameworkCore.Database.Connection[20001]
      Opened connection to database 'EduConnectDb' on server 'localhost\SQLEXPRESS'.
dbug: Microsoft.EntityFrameworkCore.Database.Transaction[20209]
      Beginning transaction with isolation level 'Unspecified'.
dbug: Microsoft.EntityFrameworkCore.Database.Transaction[20200]
      Began transaction with isolation level 'ReadCommitted'.
dbug: Microsoft.EntityFrameworkCore.Database.Transaction[20210]
      Committing transaction.
dbug: Microsoft.EntityFrameworkCore.Database.Transaction[20202]
      Committed transaction.
dbug: Microsoft.EntityFrameworkCore.Database.Connection[20002]
      Closing connection to database 'EduConnectDb' on server 'localhost\SQLEXPRESS'.
dbug: Microsoft.EntityFrameworkCore.Database.Connection[20003]
      Closed connection to database 'EduConnectDb' on server 'localhost\SQLEXPRESS' (0ms).
dbug: Microsoft.EntityFrameworkCore.Database.Transaction[20204]
      Disposing transaction.
dbug: Microsoft.EntityFrameworkCore.ChangeTracking[10807]
      An entity of type 'User' tracked by 'AppDbContext' changed state from 'Added' to 'Unchanged'. Consider using 'DbContextOptionsBuilder.EnableSensitiveDataLogging' to see key values.
dbug: Microsoft.EntityFrameworkCore.ChangeTracking[10807]
      An entity of type 'StudentProfile' tracked by 'AppDbContext' changed state from 'Added' to 'Unchanged'. Consider using 'DbContextOptionsBuilder.EnableSensitiveDataLogging' to see key values.
dbug: Microsoft.EntityFrameworkCore.Update[10005]
      SaveChanges completed for 'AppDbContext' with 2 entities written to the database.
info: Microsoft.AspNetCore.Mvc.Infrastructure.ObjectResultExecutor[1]
      Executing OkObjectResult, writing value of type 'EduConnect.Application.Contracts.Auth.EmailVerificationChallengeResponse'.
info: Microsoft.AspNetCore.Mvc.Infrastructure.ControllerActionInvoker[105]
      Executed action EduConnect.Api.Controllers.AuthController.Register (EduConnect.Api) in 565.3262ms
info: Microsoft.AspNetCore.Routing.EndpointMiddleware[1]
      Executed endpoint 'EduConnect.Api.Controllers.AuthController.Register (EduConnect.Api)'
dbug: Microsoft.EntityFrameworkCore.Infrastructure[10407]
      'AppDbContext' disposed.
dbug: Microsoft.EntityFrameworkCore.Database.Connection[20007]
      Disposing connection to database 'EduConnectDb' on server 'localhost\SQLEXPRESS'.
dbug: Microsoft.EntityFrameworkCore.Database.Connection[20008]
      Disposed connection to database '' on server '' (0ms).
info: Microsoft.AspNetCore.Hosting.Diagnostics[2]
      Request finished HTTP/1.1 POST http://localhost:5160/api/auth/register - 200 - application/json;+charset=utf-8 575.2545ms
info: Microsoft.AspNetCore.Hosting.Diagnostics[1]
      Request starting HTTP/1.1 POST http://localhost:5160/api/auth/register - application/json 255
info: Microsoft.AspNetCore.Routing.EndpointMiddleware[0]
      Executing endpoint 'EduConnect.Api.Controllers.AuthController.Register (EduConnect.Api)'
info: Microsoft.AspNetCore.Mvc.Infrastructure.ControllerActionInvoker[102]
      Route matched with {action = "Register", controller = "Auth"}. Executing controller action with signature System.Threading.Tasks.Task`1[Microsoft.AspNetCore.Mvc.ActionResult`1[EduConnect.Application.Contracts.Auth.EmailVerificationChallengeResponse]] Register(EduConnect.Application.Contracts.Auth.RegisterRequest, System.Threading.CancellationToken) on controller EduConnect.Api.Controllers.AuthController (EduConnect.Api).
dbug: Microsoft.EntityFrameworkCore.Infrastructure[10403]
      Entity Framework Core 10.0.5 initialized 'AppDbContext' using provider 'Microsoft.EntityFrameworkCore.SqlServer:10.0.5' with options: MigrationsAssembly=EduConnect.Infrastructure, Version=1.0.0.0, Culture=neutral, PublicKeyToken=null EngineType=SqlServer 
dbug: Microsoft.EntityFrameworkCore.Database.Connection[20005]
      Creating DbConnection.
dbug: Microsoft.EntityFrameworkCore.Database.Connection[20006]
      Created DbConnection. (0ms).
dbug: Microsoft.EntityFrameworkCore.Database.Connection[20000]
      Opening connection to database 'EduConnectDb' on server 'localhost\SQLEXPRESS'.
dbug: Microsoft.EntityFrameworkCore.Database.Connection[20001]
      Opened connection to database 'EduConnectDb' on server 'localhost\SQLEXPRESS'.
dbug: Microsoft.EntityFrameworkCore.ChangeTracking[10806]
      Context 'AppDbContext' started tracking 'University' entity. Consider using 'DbContextOptionsBuilder.EnableSensitiveDataLogging' to see key values.
dbug: Microsoft.EntityFrameworkCore.Database.Connection[20002]
      Closing connection to database 'EduConnectDb' on server 'localhost\SQLEXPRESS'.
dbug: Microsoft.EntityFrameworkCore.Database.Connection[20003]
      Closed connection to database 'EduConnectDb' on server 'localhost\SQLEXPRESS' (0ms).
dbug: Microsoft.EntityFrameworkCore.Database.Connection[20000]
      Opening connection to database 'EduConnectDb' on server 'localhost\SQLEXPRESS'.
dbug: Microsoft.EntityFrameworkCore.Database.Connection[20001]
      Opened connection to database 'EduConnectDb' on server 'localhost\SQLEXPRESS'.
dbug: Microsoft.EntityFrameworkCore.Database.Connection[20002]
      Closing connection to database 'EduConnectDb' on server 'localhost\SQLEXPRESS'.
dbug: Microsoft.EntityFrameworkCore.Database.Connection[20003]
      Closed connection to database 'EduConnectDb' on server 'localhost\SQLEXPRESS' (0ms).
dbug: Microsoft.EntityFrameworkCore.ChangeTracking[10805]
      The navigation 'User.University' was detected as changed. Consider using 'DbContextOptionsBuilder.EnableSensitiveDataLogging' to see key values.
dbug: Microsoft.EntityFrameworkCore.ChangeTracking[10806]
      Context 'AppDbContext' started tracking 'User' entity. Consider using 'DbContextOptionsBuilder.EnableSensitiveDataLogging' to see key values.
dbug: Microsoft.EntityFrameworkCore.ChangeTracking[10805]
      The navigation 'StudentProfile.User' was detected as changed. Consider using 'DbContextOptionsBuilder.EnableSensitiveDataLogging' to see key values.
dbug: Microsoft.EntityFrameworkCore.ChangeTracking[10806]
      Context 'AppDbContext' started tracking 'StudentProfile' entity. Consider using 'DbContextOptionsBuilder.EnableSensitiveDataLogging' to see key values.
dbug: Microsoft.EntityFrameworkCore.ChangeTracking[10800]
      DetectChanges starting for 'AppDbContext'.
dbug: Microsoft.EntityFrameworkCore.ChangeTracking[10802]
      The unchanged property 'User.EmailVerificationCodeHash' was detected as changed and will be marked as modified. Consider using 'DbContextOptionsBuilder.EnableSensitiveDataLogging' to see property values.
dbug: Microsoft.EntityFrameworkCore.ChangeTracking[10802]
      The unchanged property 'User.EmailVerificationExpiresAtUtc' was detected as changed and will be marked as modified. Consider using 'DbContextOptionsBuilder.EnableSensitiveDataLogging' to see property values.
dbug: Microsoft.EntityFrameworkCore.ChangeTracking[10802]
      The unchanged property 'User.EmailVerificationSentAtUtc' was detected as changed and will be marked as modified. Consider using 'DbContextOptionsBuilder.EnableSensitiveDataLogging' to see property values.
dbug: Microsoft.EntityFrameworkCore.ChangeTracking[10801]
      DetectChanges completed for 'AppDbContext'.
dbug: Microsoft.EntityFrameworkCore.Update[10004]
      SaveChanges starting for 'AppDbContext'.
dbug: Microsoft.EntityFrameworkCore.ChangeTracking[10800]
      DetectChanges starting for 'AppDbContext'.
dbug: Microsoft.EntityFrameworkCore.ChangeTracking[10802]
      The unchanged property 'User.CreatedAtUtc' was detected as changed and will be marked as modified. Consider using 'DbContextOptionsBuilder.EnableSensitiveDataLogging' to see property values.
dbug: Microsoft.EntityFrameworkCore.ChangeTracking[10802]
      The unchanged property 'StudentProfile.CreatedAtUtc' was detected as changed and will be marked as modified. Consider using 'DbContextOptionsBuilder.EnableSensitiveDataLogging' to see property values.
dbug: Microsoft.EntityFrameworkCore.ChangeTracking[10801]
      DetectChanges completed for 'AppDbContext'.
dbug: Microsoft.EntityFrameworkCore.Update[20700]
      Executing 2 update commands as a batch.
dbug: Microsoft.EntityFrameworkCore.Database.Connection[20000]
      Opening connection to database 'EduConnectDb' on server 'localhost\SQLEXPRESS'.
dbug: Microsoft.EntityFrameworkCore.Database.Connection[20001]
      Opened connection to database 'EduConnectDb' on server 'localhost\SQLEXPRESS'.
dbug: Microsoft.EntityFrameworkCore.Database.Transaction[20209]
      Beginning transaction with isolation level 'Unspecified'.
dbug: Microsoft.EntityFrameworkCore.Database.Transaction[20200]
      Began transaction with isolation level 'ReadCommitted'.
dbug: Microsoft.EntityFrameworkCore.Database.Transaction[20210]
      Committing transaction.
dbug: Microsoft.EntityFrameworkCore.Database.Transaction[20202]
      Committed transaction.
dbug: Microsoft.EntityFrameworkCore.Database.Connection[20002]
      Closing connection to database 'EduConnectDb' on server 'localhost\SQLEXPRESS'.
dbug: Microsoft.EntityFrameworkCore.Database.Connection[20003]
      Closed connection to database 'EduConnectDb' on server 'localhost\SQLEXPRESS' (0ms).
dbug: Microsoft.EntityFrameworkCore.Database.Transaction[20204]
      Disposing transaction.
dbug: Microsoft.EntityFrameworkCore.ChangeTracking[10807]
      An entity of type 'User' tracked by 'AppDbContext' changed state from 'Added' to 'Unchanged'. Consider using 'DbContextOptionsBuilder.EnableSensitiveDataLogging' to see key values.
dbug: Microsoft.EntityFrameworkCore.ChangeTracking[10807]
      An entity of type 'StudentProfile' tracked by 'AppDbContext' changed state from 'Added' to 'Unchanged'. Consider using 'DbContextOptionsBuilder.EnableSensitiveDataLogging' to see key values.
dbug: Microsoft.EntityFrameworkCore.Update[10005]
      SaveChanges completed for 'AppDbContext' with 2 entities written to the database.
info: Microsoft.AspNetCore.Mvc.Infrastructure.ObjectResultExecutor[1]
      Executing OkObjectResult, writing value of type 'EduConnect.Application.Contracts.Auth.EmailVerificationChallengeResponse'.
info: Microsoft.AspNetCore.Mvc.Infrastructure.ControllerActionInvoker[105]
      Executed action EduConnect.Api.Controllers.AuthController.Register (EduConnect.Api) in 175.7789ms
info: Microsoft.AspNetCore.Routing.EndpointMiddleware[1]
      Executed endpoint 'EduConnect.Api.Controllers.AuthController.Register (EduConnect.Api)'
dbug: Microsoft.EntityFrameworkCore.Infrastructure[10407]
      'AppDbContext' disposed.
dbug: Microsoft.EntityFrameworkCore.Database.Connection[20007]
      Disposing connection to database 'EduConnectDb' on server 'localhost\SQLEXPRESS'.
dbug: Microsoft.EntityFrameworkCore.Database.Connection[20008]
      Disposed connection to database '' on server '' (0ms).
info: Microsoft.AspNetCore.Hosting.Diagnostics[2]
      Request finished HTTP/1.1 POST http://localhost:5160/api/auth/register - 200 - application/json;+charset=utf-8 176.3457ms
